[10:31:14][INFO] Server starting
[10:31:14][INFO] Auth server: 127.0.0.1:8080
[10:31:14][INFO] Listening on port 7777
[10:31:14][INFO] Loaded spell: fireball (mana=8 cast_time=0.500000s)
[10:31:14][INFO] Default spawn: 245.000000, 167.492676, 131.000000
[10:31:28][INFO] Peer connected (awaiting auth)
[10:31:28][INFO] Player authenticated: Guest (id=1)
[10:31:28][INFO] Registered tree at (224, 148, 136)
[10:31:28][INFO] Registered tree at (224, 154, 180)
[10:31:28][INFO] Registered tree at (224, 154, 180)
[10:31:28][INFO] Registered tree at (228, 152, 188)
[10:31:28][INFO] Registered tree at (224, 154, 180)
[10:31:28][INFO] Registered tree at (228, 152, 188)
[10:31:28][INFO] Registered tree at (236, 151, 164)
[10:31:28][INFO] Registered tree at (224, 146, 116)
[10:31:28][INFO] Registered tree at (224, 146, 116)
[10:31:28][INFO] Registered tree at (232, 143, 112)
[10:31:28][INFO] Registered tree at (224, 146, 116)
[10:31:28][INFO] Registered tree at (232, 143, 112)
[10:31:28][INFO] Registered tree at (244, 145, 120)
[10:31:28][INFO] Registered tree at (224, 146, 116)
[10:31:28][INFO] Registered tree at (232, 143, 112)
[10:31:28][INFO] Registered tree at (244, 145, 120)
[10:31:28][INFO] Registered tree at (248, 147, 100)
[10:31:28][INFO] Registered tree at (224, 146, 116)
[10:31:28][INFO] Registered tree at (232, 143, 112)
[10:31:28][INFO] Registered tree at (244, 145, 120)
[10:31:28][INFO] Registered tree at (248, 147, 100)
[10:31:28][INFO] Registered tree at (248, 146, 116)
[10:31:28][INFO] Registered tree at (268, 142, 136)
[10:31:28][INFO] Registered tree at (268, 142, 136)
[10:31:28][INFO] Registered tree at (268, 148, 156)
[10:31:28][INFO] Registered tree at (268, 142, 136)
[10:31:28][INFO] Registered tree at (268, 148, 156)
[10:31:28][INFO] Registered tree at (276, 143, 128)
[10:31:28][INFO] Registered tree at (268, 142, 136)
[10:31:28][INFO] Registered tree at (268, 148, 156)
[10:31:28][INFO] Registered tree at (276, 143, 128)
[10:31:28][INFO] Registered tree at (284, 141, 144)
[10:31:28][INFO] Registered tree at (192, 148, 148)
[10:31:28][INFO] Registered tree at (192, 148, 148)
[10:31:28][INFO] Registered tree at (200, 148, 140)
[10:31:28][INFO] Registered tree at (192, 148, 148)
[10:31:28][INFO] Registered tree at (200, 148, 140)
[10:31:28][INFO] Registered tree at (204, 151, 148)
[10:31:28][INFO] Registered tree at (192, 148, 148)
[10:31:28][INFO] Registered tree at (200, 148, 140)
[10:31:28][INFO] Registered tree at (204, 151, 148)
[10:31:28][INFO] Registered tree at (212, 151, 148)
[10:31:28][INFO] Registered tree at (260, 150, 100)
[10:31:28][INFO] Registered tree at (260, 150, 100)
[10:31:28][INFO] Registered tree at (268, 151, 100)
[10:31:28][INFO] Registered tree at (260, 150, 100)
[10:31:28][INFO] Registered tree at (268, 151, 100)
[10:31:28][INFO] Registered tree at (272, 145, 124)
[10:31:28][INFO] Registered tree at (260, 150, 100)
[10:31:28][INFO] Registered tree at (268, 151, 100)
[10:31:28][INFO] Registered tree at (272, 145, 124)
[10:31:28][INFO] Registered tree at (276, 146, 108)
[10:31:28][INFO] Registered tree at (260, 150, 100)
[10:31:28][INFO] Registered tree at (268, 151, 100)
[10:31:28][INFO] Registered tree at (272, 145, 124)
[10:31:28][INFO] Registered tree at (276, 146, 108)
[10:31:28][INFO] Registered tree at (284, 144, 116)
[10:31:28][INFO] Registered tree at (192, 145, 188)
[10:31:28][INFO] Registered tree at (192, 145, 188)
[10:31:28][INFO] Registered tree at (204, 149, 180)
[10:31:28][INFO] Registered tree at (200, 137, 104)
[10:31:28][INFO] Registered tree at (200, 137, 104)
[10:31:28][INFO] Registered tree at (204, 145, 124)
[10:31:28][INFO] Registered tree at (200, 137, 104)
[10:31:28][INFO] Registered tree at (204, 145, 124)
[10:31:28][INFO] Registered tree at (212, 139, 96)
[10:31:28][INFO] Registered tree at (200, 137, 104)
[10:31:28][INFO] Registered tree at (204, 145, 124)
[10:31:28][INFO] Registered tree at (212, 139, 96)
[10:31:28][INFO] Registered tree at (220, 145, 112)
[10:31:28][INFO] Registered tree at (224, 148, 136)
[10:31:28][INFO] Registered tree at (224, 152, 204)
[10:31:28][INFO] Registered tree at (224, 152, 204)
[10:31:28][INFO] Registered tree at (232, 149, 200)
[10:31:28][INFO] Registered tree at (224, 152, 204)
[10:31:28][INFO] Registered tree at (232, 149, 200)
[10:31:28][INFO] Registered tree at (244, 146, 196)
[10:31:28][INFO] Registered tree at (224, 152, 204)
[10:31:28][INFO] Registered tree at (232, 149, 200)
[10:31:28][INFO] Registered tree at (244, 146, 196)
[10:31:28][INFO] Registered tree at (252, 144, 192)
[10:31:28][INFO] Registered tree at (236, 145, 68)
[10:31:28][INFO] Registered tree at (236, 145, 68)
[10:31:28][INFO] Registered tree at (252, 150, 64)
[10:31:28][INFO] Registered tree at (160, 145, 148)
[10:31:28][INFO] Registered tree at (160, 145, 148)
[10:31:28][INFO] Registered tree at (164, 145, 128)
[10:31:28][INFO] Registered tree at (160, 145, 148)
[10:31:28][INFO] Registered tree at (164, 145, 128)
[10:31:28][INFO] Registered tree at (168, 144, 156)
[10:31:28][INFO] Registered tree at (160, 145, 148)
[10:31:28][INFO] Registered tree at (164, 145, 128)
[10:31:28][INFO] Registered tree at (168, 144, 156)
[10:31:28][INFO] Registered tree at (172, 143, 132)
[10:31:28][INFO] Registered tree at (160, 145, 148)
[10:31:28][INFO] Registered tree at (164, 145, 128)
[10:31:28][INFO] Registered tree at (168, 144, 156)
[10:31:28][INFO] Registered tree at (172, 143, 132)
[10:31:28][INFO] Registered tree at (172, 145, 144)
[10:31:28][INFO] Registered tree at (160, 145, 148)
[10:31:28][INFO] Registered tree at (164, 145, 128)
[10:31:28][INFO] Registered tree at (168, 144, 156)
[10:31:28][INFO] Registered tree at (172, 143, 132)
[10:31:28][INFO] Registered tree at (172, 145, 144)
[10:31:28][INFO] Registered tree at (180, 144, 140)
[10:31:28][INFO] Registered tree at (160, 145, 148)
[10:31:28][INFO] Registered tree at (164, 145, 128)
[10:31:28][INFO] Registered tree at (168, 144, 156)
[10:31:28][INFO] Registered tree at (172, 143, 132)
[10:31:28][INFO] Registered tree at (172, 145, 144)
[10:31:28][INFO] Registered tree at (180, 144, 140)
[10:31:28][INFO] Registered tree at (188, 146, 140)
[10:31:28][INFO] Registered tree at (288, 141, 128)
[10:31:28][INFO] Registered tree at (288, 141, 128)
[10:31:28][INFO] Registered tree at (300, 144, 132)
[10:31:28][INFO] Registered tree at (288, 141, 128)
[10:31:28][INFO] Registered tree at (300, 144, 132)
[10:31:28][INFO] Registered tree at (300, 145, 144)
[10:31:28][INFO] Registered tree at (288, 141, 128)
[10:31:28][INFO] Registered tree at (300, 144, 132)
[10:31:28][INFO] Registered tree at (300, 145, 144)
[10:31:28][INFO] Registered tree at (308, 146, 144)
[10:31:28][INFO] Registered tree at (224, 148, 136)
[10:31:28][INFO] Registered tree at (224, 146, 116)
[10:31:28][INFO] Registered tree at (224, 146, 116)
[10:31:28][INFO] Registered tree at (232, 143, 112)
[10:31:28][INFO] Registered tree at (224, 146, 116)
[10:31:28][INFO] Registered tree at (232, 143, 112)
[10:31:28][INFO] Registered tree at (244, 145, 120)
[10:31:28][INFO] Registered tree at (224, 146, 116)
[10:31:28][INFO] Registered tree at (232, 143, 112)
[10:31:28][INFO] Registered tree at (244, 145, 120)
[10:31:28][INFO] Registered tree at (248, 147, 100)
[10:31:28][INFO] Registered tree at (224, 146, 116)
[10:31:28][INFO] Registered tree at (232, 143, 112)
[10:31:28][INFO] Registered tree at (244, 145, 120)
[10:31:28][INFO] Registered tree at (248, 147, 100)
[10:31:28][INFO] Registered tree at (248, 146, 116)
[10:31:28][INFO] Registered tree at (292, 141, 120)
[10:31:28][INFO] Registered tree at (292, 141, 120)
[10:31:28][INFO] Registered tree at (296, 140, 116)
[10:31:28][INFO] Registered tree at (292, 141, 120)
[10:31:28][INFO] Registered tree at (296, 140, 116)
[10:31:28][INFO] Registered tree at (316, 148, 96)
[10:31:28][INFO] Registered tree at (224, 154, 180)
[10:31:28][INFO] Registered tree at (224, 154, 180)
[10:31:28][INFO] Registered tree at (228, 152, 188)
[10:31:28][INFO] Registered tree at (224, 154, 180)
[10:31:28][INFO] Registered tree at (228, 152, 188)
[10:31:28][INFO] Registered tree at (236, 151, 164)
[10:31:28][INFO] Registered tree at (224, 154, 180)
[10:31:28][INFO] Registered tree at (224, 154, 180)
[10:31:28][INFO] Registered tree at (228, 152, 188)
[10:31:28][INFO] Registered tree at (224, 154, 180)
[10:31:28][INFO] Registered tree at (228, 152, 188)
[10:31:28][INFO] Registered tree at (236, 151, 164)
[10:31:28][INFO] Registered tree at (268, 142, 136)
[10:31:28][INFO] Registered tree at (268, 142, 136)
[10:31:28][INFO] Registered tree at (268, 148, 156)
[10:31:28][INFO] Registered tree at (268, 142, 136)
[10:31:28][INFO] Registered tree at (268, 148, 156)
[10:31:28][INFO] Registered tree at (276, 143, 128)
[10:31:28][INFO] Registered tree at (268, 142, 136)
[10:31:28][INFO] Registered tree at (268, 148, 156)
[10:31:28][INFO] Registered tree at (276, 143, 128)
[10:31:28][INFO] Registered tree at (284, 141, 144)
[10:31:28][INFO] Registered tree at (172, 146, 100)
[10:31:28][INFO] Registered tree at (172, 146, 100)
[10:31:28][INFO] Registered tree at (180, 140, 108)
[10:31:28][INFO] Registered tree at (172, 146, 100)
[10:31:28][INFO] Registered tree at (180, 140, 108)
[10:31:28][INFO] Registered tree at (180, 142, 124)
[10:31:28][INFO] Registered tree at (172, 146, 100)
[10:31:28][INFO] Registered tree at (180, 140, 108)
[10:31:28][INFO] Registered tree at (180, 142, 124)
[10:31:28][INFO] Registered tree at (184, 141, 96)
[10:31:28][INFO] Registered tree at (180, 140, 188)
[10:31:28][INFO] Registered tree at (292, 140, 164)
[10:31:28][INFO] Registered tree at (292, 140, 164)
[10:31:28][INFO] Registered tree at (300, 141, 164)
[10:31:28][INFO] Registered tree at (292, 140, 164)
[10:31:28][INFO] Registered tree at (300, 141, 164)
[10:31:28][INFO] Registered tree at (308, 144, 164)
[10:31:28][INFO] Registered tree at (292, 140, 164)
[10:31:28][INFO] Registered tree at (300, 141, 164)
[10:31:28][INFO] Registered tree at (308, 144, 164)
[10:31:28][INFO] Registered tree at (308, 143, 168)
[10:31:28][INFO] Registered tree at (292, 140, 164)
[10:31:28][INFO] Registered tree at (300, 141, 164)
[10:31:28][INFO] Registered tree at (308, 144, 164)
[10:31:28][INFO] Registered tree at (308, 143, 168)
[10:31:28][INFO] Registered tree at (316, 144, 176)
[10:31:28][INFO] Registered tree at (224, 146, 116)
[10:31:28][INFO] Registered tree at (224, 146, 116)
[10:31:28][INFO] Registered tree at (232, 143, 112)
[10:31:28][INFO] Registered tree at (224, 146, 116)
[10:31:28][INFO] Registered tree at (232, 143, 112)
[10:31:28][INFO] Registered tree at (244, 145, 120)
[10:31:28][INFO] Registered tree at (224, 146, 116)
[10:31:28][INFO] Registered tree at (232, 143, 112)
[10:31:28][INFO] Registered tree at (244, 145, 120)
[10:31:28][INFO] Registered tree at (248, 147, 100)
[10:31:28][INFO] Registered tree at (224, 146, 116)
[10:31:28][INFO] Registered tree at (232, 143, 112)
[10:31:28][INFO] Registered tree at (244, 145, 120)
[10:31:28][INFO] Registered tree at (248, 147, 100)
[10:31:28][INFO] Registered tree at (248, 146, 116)
[10:31:28][INFO] Registered tree at (260, 153, 76)
[10:31:28][INFO] Registered tree at (260, 153, 76)
[10:31:28][INFO] Registered tree at (260, 154, 84)
[10:31:28][INFO] Registered tree at (260, 153, 76)
[10:31:28][INFO] Registered tree at (260, 154, 84)
[10:31:28][INFO] Registered tree at (268, 151, 64)
[10:31:28][INFO] Registered tree at (260, 153, 76)
[10:31:28][INFO] Registered tree at (260, 154, 84)
[10:31:28][INFO] Registered tree at (268, 151, 64)
[10:31:28][INFO] Registered tree at (276, 153, 76)
[10:31:28][INFO] Registered tree at (260, 153, 76)
[10:31:28][INFO] Registered tree at (260, 154, 84)
[10:31:28][INFO] Registered tree at (268, 151, 64)
[10:31:28][INFO] Registered tree at (276, 153, 76)
[10:31:28][INFO] Registered tree at (276, 153, 80)
[10:31:28][INFO] Registered tree at (260, 153, 76)
[10:31:28][INFO] Registered tree at (260, 154, 84)
[10:31:28][INFO] Registered tree at (268, 151, 64)
[10:31:28][INFO] Registered tree at (276, 153, 76)
[10:31:28][INFO] Registered tree at (276, 153, 80)
[10:31:28][INFO] Registered tree at (284, 152, 76)
[10:31:28][INFO] Registered tree at (192, 148, 148)
[10:31:28][INFO] Registered tree at (192, 148, 148)
[10:31:28][INFO] Registered tree at (200, 148, 140)
[10:31:28][INFO] Registered tree at (192, 148, 148)
[10:31:28][INFO] Registered tree at (200, 148, 140)
[10:31:28][INFO] Registered tree at (204, 151, 148)
[10:31:28][INFO] Registered tree at (192, 148, 148)
[10:31:28][INFO] Registered tree at (200, 148, 140)
[10:31:28][INFO] Registered tree at (204, 151, 148)
[10:31:28][INFO] Registered tree at (212, 151, 148)
[10:31:28][INFO] Registered tree at (268, 142, 216)
[10:31:28][INFO] Registered tree at (268, 142, 136)
[10:31:28][INFO] Registered tree at (268, 142, 136)
[10:31:28][INFO] Registered tree at (268, 148, 156)
[10:31:28][INFO] Registered tree at (268, 142, 136)
[10:31:28][INFO] Registered tree at (268, 148, 156)
[10:31:28][INFO] Registered tree at (276, 143, 128)
[10:31:28][INFO] Registered tree at (268, 142, 136)
[10:31:28][INFO] Registered tree at (268, 148, 156)
[10:31:28][INFO] Registered tree at (276, 143, 128)
[10:31:28][INFO] Registered tree at (284, 141, 144)
[10:31:28][INFO] Registered tree at (192, 148, 148)
[10:31:28][INFO] Registered tree at (192, 148, 148)
[10:31:28][INFO] Registered tree at (200, 148, 140)
[10:31:28][INFO] Registered tree at (192, 148, 148)
[10:31:28][INFO] Registered tree at (200, 148, 140)
[10:31:28][INFO] Registered tree at (204, 151, 148)
[10:31:28][INFO] Registered tree at (192, 148, 148)
[10:31:28][INFO] Registered tree at (200, 148, 140)
[10:31:28][INFO] Registered tree at (204, 151, 148)
[10:31:28][INFO] Registered tree at (212, 151, 148)
[10:31:28][INFO] Registered tree at (192, 145, 188)
[10:31:28][INFO] Registered tree at (192, 145, 188)
[10:31:28][INFO] Registered tree at (204, 149, 180)
[10:31:28][INFO] Registered tree at (260, 150, 100)
[10:31:28][INFO] Registered tree at (260, 150, 100)
[10:31:28][INFO] Registered tree at (268, 151, 100)
[10:31:28][INFO] Registered tree at (260, 150, 100)
[10:31:28][INFO] Registered tree at (268, 151, 100)
[10:31:28][INFO] Registered tree at (272, 145, 124)
[10:31:28][INFO] Registered tree at (260, 150, 100)
[10:31:28][INFO] Registered tree at (268, 151, 100)
[10:31:28][INFO] Registered tree at (272, 145, 124)
[10:31:28][INFO] Registered tree at (276, 146, 108)
[10:31:28][INFO] Registered tree at (260, 150, 100)
[10:31:28][INFO] Registered tree at (268, 151, 100)
[10:31:28][INFO] Registered tree at (272, 145, 124)
[10:31:28][INFO] Registered tree at (276, 146, 108)
[10:31:28][INFO] Registered tree at (284, 144, 116)
[10:31:28][INFO] Registered tree at (260, 150, 100)
[10:31:28][INFO] Registered tree at (260, 150, 100)
[10:31:28][INFO] Registered tree at (268, 151, 100)
[10:31:28][INFO] Registered tree at (260, 150, 100)
[10:31:28][INFO] Registered tree at (268, 151, 100)
[10:31:28][INFO] Registered tree at (272, 145, 124)
[10:31:28][INFO] Registered tree at (260, 150, 100)
[10:31:28][INFO] Registered tree at (268, 151, 100)
[10:31:28][INFO] Registered tree at (272, 145, 124)
[10:31:28][INFO] Registered tree at (276, 146, 108)
[10:31:28][INFO] Registered tree at (260, 150, 100)
[10:31:28][INFO] Registered tree at (268, 151, 100)
[10:31:28][INFO] Registered tree at (272, 145, 124)
[10:31:28][INFO] Registered tree at (276, 146, 108)
[10:31:28][INFO] Registered tree at (284, 144, 116)
[10:31:28][INFO] Registered tree at (192, 145, 188)
[10:31:28][INFO] Registered tree at (192, 145, 188)
[10:31:28][INFO] Registered tree at (204, 149, 180)
[10:31:28][INFO] Registered tree at (200, 137, 104)
[10:31:28][INFO] Registered tree at (200, 137, 104)
[10:31:28][INFO] Registered tree at (204, 145, 124)
[10:31:28][INFO] Registered tree at (200, 137, 104)
[10:31:28][INFO] Registered tree at (204, 145, 124)
[10:31:28][INFO] Registered tree at (212, 139, 96)
[10:31:28][INFO] Registered tree at (200, 137, 104)
[10:31:28][INFO] Registered tree at (204, 145, 124)
[10:31:28][INFO] Registered tree at (212, 139, 96)
[10:31:28][INFO] Registered tree at (220, 145, 112)
[10:31:28][INFO] Registered tree at (200, 137, 104)
[10:31:28][INFO] Registered tree at (200, 137, 104)
[10:31:28][INFO] Registered tree at (204, 145, 124)
[10:31:28][INFO] Registered tree at (200, 137, 104)
[10:31:28][INFO] Registered tree at (204, 145, 124)
[10:31:28][INFO] Registered tree at (212, 139, 96)
[10:31:28][INFO] Registered tree at (200, 137, 104)
[10:31:28][INFO] Registered tree at (204, 145, 124)
[10:31:28][INFO] Registered tree at (212, 139, 96)
[10:31:28][INFO] Registered tree at (220, 145, 112)
[10:31:28][INFO] Registered tree at (164, 142, 64)
[10:31:28][INFO] Registered tree at (164, 142, 64)
[10:31:28][INFO] Registered tree at (172, 137, 76)
[10:31:28][INFO] Registered tree at (164, 142, 64)
[10:31:28][INFO] Registered tree at (172, 137, 76)
[10:31:28][INFO] Registered tree at (180, 135, 76)
[10:31:28][INFO] Registered tree at (164, 142, 64)
[10:31:28][INFO] Registered tree at (172, 137, 76)
[10:31:28][INFO] Registered tree at (180, 135, 76)
[10:31:28][INFO] Registered tree at (188, 137, 68)
[10:31:28][INFO] Registered tree at (288, 141, 128)
[10:31:28][INFO] Registered tree at (288, 141, 128)
[10:31:28][INFO] Registered tree at (300, 144, 132)
[10:31:28][INFO] Registered tree at (288, 141, 128)
[10:31:28][INFO] Registered tree at (300, 144, 132)
[10:31:28][INFO] Registered tree at (300, 145, 144)
[10:31:28][INFO] Registered tree at (288, 141, 128)
[10:31:28][INFO] Registered tree at (300, 144, 132)
[10:31:28][INFO] Registered tree at (300, 145, 144)
[10:31:28][INFO] Registered tree at (308, 146, 144)
[10:31:28][INFO] Registered tree at (236, 145, 68)
[10:31:28][INFO] Registered tree at (236, 145, 68)
[10:31:28][INFO] Registered tree at (252, 150, 64)
[10:31:28][INFO] Registered tree at (292, 151, 68)
[10:31:28][INFO] Registered tree at (292, 151, 68)
[10:31:28][INFO] Registered tree at (292, 150, 76)
[10:31:28][INFO] Registered tree at (292, 151, 68)
[10:31:28][INFO] Registered tree at (292, 150, 76)
[10:31:28][INFO] Registered tree at (292, 145, 88)
[10:31:28][INFO] Registered tree at (292, 151, 68)
[10:31:28][INFO] Registered tree at (292, 150, 76)
[10:31:28][INFO] Registered tree at (292, 145, 88)
[10:31:28][INFO] Registered tree at (300, 149, 76)
[10:31:28][INFO] Registered tree at (160, 145, 148)
[10:31:28][INFO] Registered tree at (160, 145, 148)
[10:31:28][INFO] Registered tree at (164, 145, 128)
[10:31:28][INFO] Registered tree at (160, 145, 148)
[10:31:28][INFO] Registered tree at (164, 145, 128)
[10:31:28][INFO] Registered tree at (168, 144, 156)
[10:31:28][INFO] Registered tree at (160, 145, 148)
[10:31:28][INFO] Registered tree at (164, 145, 128)
[10:31:28][INFO] Registered tree at (168, 144, 156)
[10:31:28][INFO] Registered tree at (172, 143, 132)
[10:31:28][INFO] Registered tree at (160, 145, 148)
[10:31:28][INFO] Registered tree at (164, 145, 128)
[10:31:28][INFO] Registered tree at (168, 144, 156)
[10:31:28][INFO] Registered tree at (172, 143, 132)
[10:31:28][INFO] Registered tree at (172, 145, 144)
[10:31:28][INFO] Registered tree at (160, 145, 148)
[10:31:28][INFO] Registered tree at (164, 145, 128)
[10:31:28][INFO] Registered tree at (168, 144, 156)
[10:31:28][INFO] Registered tree at (172, 143, 132)
[10:31:28][INFO] Registered tree at (172, 145, 144)
[10:31:28][INFO] Registered tree at (180, 144, 140)
[10:31:28][INFO] Registered tree at (160, 145, 148)
[10:31:28][INFO] Registered tree at (164, 145, 128)
[10:31:28][INFO] Registered tree at (168, 144, 156)
[10:31:28][INFO] Registered tree at (172, 143, 132)
[10:31:28][INFO] Registered tree at (172, 145, 144)
[10:31:28][INFO] Registered tree at (180, 144, 140)
[10:31:28][INFO] Registered tree at (188, 146, 140)
[10:31:28][INFO] Registered tree at (164, 139, 200)
[10:31:28][INFO] Registered tree at (164, 139, 200)
[10:31:28][INFO] Registered tree at (172, 137, 216)
[10:31:28][INFO] Registered tree at (292, 141, 208)
[10:31:28][INFO] Registered tree at (292, 141, 208)
[10:31:28][INFO] Registered tree at (296, 139, 220)
[10:31:28][INFO] Registered tree at (292, 141, 208)
[10:31:28][INFO] Registered tree at (296, 139, 220)
[10:31:28][INFO] Registered tree at (300, 144, 208)
[10:31:28][INFO] Registered tree at (292, 141, 208)
[10:31:28][INFO] Registered tree at (296, 139, 220)
[10:31:28][INFO] Registered tree at (300, 144, 208)
[10:31:28][INFO] Registered tree at (304, 142, 200)
[10:31:28][INFO] Registered tree at (292, 141, 208)
[10:31:28][INFO] Registered tree at (296, 139, 220)
[10:31:28][INFO] Registered tree at (300, 144, 208)
[10:31:28][INFO] Registered tree at (304, 142, 200)
[10:31:28][INFO] Registered tree at (308, 143, 220)
[10:31:28][INFO] Registered tree at (292, 141, 208)
[10:31:28][INFO] Registered tree at (296, 139, 220)
[10:31:28][INFO] Registered tree at (300, 144, 208)
[10:31:28][INFO] Registered tree at (304, 142, 200)
[10:31:28][INFO] Registered tree at (308, 143, 220)
[10:31:28][INFO] Registered tree at (316, 143, 212)
[10:31:28][INFO] Registered tree at (224, 152, 204)
[10:31:28][INFO] Registered tree at (224, 152, 204)
[10:31:28][INFO] Registered tree at (232, 149, 200)
[10:31:28][INFO] Registered tree at (224, 152, 204)
[10:31:28][INFO] Registered tree at (232, 149, 200)
[10:31:28][INFO] Registered tree at (244, 146, 196)
[10:31:28][INFO] Registered tree at (224, 152, 204)
[10:31:28][INFO] Registered tree at (232, 149, 200)
[10:31:28][INFO] Registered tree at (244, 146, 196)
[10:31:28][INFO] Registered tree at (252, 144, 192)
[10:31:28][INFO] Registered tree at (160, 145, 148)
[10:31:28][INFO] Registered tree at (160, 145, 148)
[10:31:28][INFO] Registered tree at (164, 145, 128)
[10:31:28][INFO] Registered tree at (160, 145, 148)
[10:31:28][INFO] Registered tree at (164, 145, 128)
[10:31:28][INFO] Registered tree at (168, 144, 156)
[10:31:28][INFO] Registered tree at (160, 145, 148)
[10:31:28][INFO] Registered tree at (164, 145, 128)
[10:31:28][INFO] Registered tree at (168, 144, 156)
[10:31:28][INFO] Registered tree at (172, 143, 132)
[10:31:28][INFO] Registered tree at (160, 145, 148)
[10:31:28][INFO] Registered tree at (164, 145, 128)
[10:31:28][INFO] Registered tree at (168, 144, 156)
[10:31:28][INFO] Registered tree at (172, 143, 132)
[10:31:28][INFO] Registered tree at (172, 145, 144)
[10:31:28][INFO] Registered tree at (160, 145, 148)
[10:31:28][INFO] Registered tree at (164, 145, 128)
[10:31:28][INFO] Registered tree at (168, 144, 156)
[10:31:28][INFO] Registered tree at (172, 143, 132)
[10:31:28][INFO] Registered tree at (172, 145, 144)
[10:31:28][INFO] Registered tree at (180, 144, 140)
[10:31:28][INFO] Registered tree at (160, 145, 148)
[10:31:28][INFO] Registered tree at (164, 145, 128)
[10:31:28][INFO] Registered tree at (168, 144, 156)
[10:31:28][INFO] Registered tree at (172, 143, 132)
[10:31:28][INFO] Registered tree at (172, 145, 144)
[10:31:28][INFO] Registered tree at (180, 144, 140)
[10:31:28][INFO] Registered tree at (188, 146, 140)
[10:31:28][INFO] Registered tree at (288, 141, 128)
[10:31:28][INFO] Registered tree at (288, 141, 128)
[10:31:28][INFO] Registered tree at (300, 144, 132)
[10:31:28][INFO] Registered tree at (288, 141, 128)
[10:31:28][INFO] Registered tree at (300, 144, 132)
[10:31:28][INFO] Registered tree at (300, 145, 144)
[10:31:28][INFO] Registered tree at (288, 141, 128)
[10:31:28][INFO] Registered tree at (300, 144, 132)
[10:31:28][INFO] Registered tree at (300, 145, 144)
[10:31:28][INFO] Registered tree at (308, 146, 144)
[10:31:28][INFO] Registered tree at (224, 152, 204)
[10:31:28][INFO] Registered tree at (224, 152, 204)
[10:31:28][INFO] Registered tree at (232, 149, 200)
[10:31:28][INFO] Registered tree at (224, 152, 204)
[10:31:28][INFO] Registered tree at (232, 149, 200)
[10:31:28][INFO] Registered tree at (244, 146, 196)
[10:31:28][INFO] Registered tree at (224, 152, 204)
[10:31:28][INFO] Registered tree at (232, 149, 200)
[10:31:28][INFO] Registered tree at (244, 146, 196)
[10:31:28][INFO] Registered tree at (252, 144, 192)
[10:31:28][INFO] Registered tree at (236, 145, 68)
[10:31:28][INFO] Registered tree at (236, 145, 68)
[10:31:28][INFO] Registered tree at (252, 150, 64)
[10:31:28][INFO] Registered tree at (268, 142, 216)
[10:31:28][INFO] Registered tree at (260, 153, 76)
[10:31:28][INFO] Registered tree at (260, 153, 76)
[10:31:28][INFO] Registered tree at (260, 154, 84)
[10:31:28][INFO] Registered tree at (260, 153, 76)
[10:31:28][INFO] Registered tree at (260, 154, 84)
[10:31:28][INFO] Registered tree at (268, 151, 64)
[10:31:28][INFO] Registered tree at (260, 153, 76)
[10:31:28][INFO] Registered tree at (260, 154, 84)
[10:31:28][INFO] Registered tree at (268, 151, 64)
[10:31:28][INFO] Registered tree at (276, 153, 76)
[10:31:28][INFO] Registered tree at (260, 153, 76)
[10:31:28][INFO] Registered tree at (260, 154, 84)
[10:31:28][INFO] Registered tree at (268, 151, 64)
[10:31:28][INFO] Registered tree at (276, 153, 76)
[10:31:28][INFO] Registered tree at (276, 153, 80)
[10:31:28][INFO] Registered tree at (260, 153, 76)
[10:31:28][INFO] Registered tree at (260, 154, 84)
[10:31:28][INFO] Registered tree at (268, 151, 64)
[10:31:28][INFO] Registered tree at (276, 153, 76)
[10:31:28][INFO] Registered tree at (276, 153, 80)
[10:31:28][INFO] Registered tree at (284, 152, 76)
[10:31:28][INFO] Registered tree at (232, 144, 44)
[10:31:28][INFO] Registered tree at (232, 144, 44)
[10:31:28][INFO] Registered tree at (232, 145, 48)
[10:31:28][INFO] Registered tree at (232, 144, 44)
[10:31:28][INFO] Registered tree at (232, 145, 48)
[10:31:28][INFO] Registered tree at (236, 147, 56)
[10:31:28][INFO] Registered tree at (132, 146, 140)
[10:31:28][INFO] Registered tree at (132, 146, 140)
[10:31:28][INFO] Registered tree at (140, 146, 140)
[10:31:28][INFO] Registered tree at (268, 142, 216)
[10:31:28][INFO] Registered tree at (180, 140, 188)
[10:31:28][INFO] Registered tree at (172, 146, 100)
[10:31:28][INFO] Registered tree at (172, 146, 100)
[10:31:28][INFO] Registered tree at (180, 140, 108)
[10:31:28][INFO] Registered tree at (172, 146, 100)
[10:31:28][INFO] Registered tree at (180, 140, 108)
[10:31:28][INFO] Registered tree at (180, 142, 124)
[10:31:28][INFO] Registered tree at (172, 146, 100)
[10:31:28][INFO] Registered tree at (180, 140, 108)
[10:31:28][INFO] Registered tree at (180, 142, 124)
[10:31:28][INFO] Registered tree at (184, 141, 96)
[10:31:28][INFO] Registered tree at (180, 140, 188)
[10:31:28][INFO] Registered tree at (260, 153, 76)
[10:31:28][INFO] Registered tree at (260, 153, 76)
[10:31:28][INFO] Registered tree at (260, 154, 84)
[10:31:28][INFO] Registered tree at (260, 153, 76)
[10:31:28][INFO] Registered tree at (260, 154, 84)
[10:31:28][INFO] Registered tree at (268, 151, 64)
[10:31:28][INFO] Registered tree at (260, 153, 76)
[10:31:28][INFO] Registered tree at (260, 154, 84)
[10:31:28][INFO] Registered tree at (268, 151, 64)
[10:31:28][INFO] Registered tree at (276, 153, 76)
[10:31:28][INFO] Registered tree at (260, 153, 76)
[10:31:28][INFO] Registered tree at (260, 154, 84)
[10:31:28][INFO] Registered tree at (268, 151, 64)
[10:31:28][INFO] Registered tree at (276, 153, 76)
[10:31:28][INFO] Registered tree at (276, 153, 80)
[10:31:28][INFO] Registered tree at (260, 153, 76)
[10:31:28][INFO] Registered tree at (260, 154, 84)
[10:31:28][INFO] Registered tree at (268, 151, 64)
[10:31:28][INFO] Registered tree at (276, 153, 76)
[10:31:28][INFO] Registered tree at (276, 153, 80)
[10:31:28][INFO] Registered tree at (284, 152, 76)
[10:31:28][INFO] Registered tree at (172, 146, 100)
[10:31:28][INFO] Registered tree at (172, 146, 100)
[10:31:28][INFO] Registered tree at (180, 140, 108)
[10:31:28][INFO] Registered tree at (172, 146, 100)
[10:31:28][INFO] Registered tree at (180, 140, 108)
[10:31:28][INFO] Registered tree at (180, 142, 124)
[10:31:28][INFO] Registered tree at (172, 146, 100)
[10:31:28][INFO] Registered tree at (180, 140, 108)
[10:31:28][INFO] Registered tree at (180, 142, 124)
[10:31:28][INFO] Registered tree at (184, 141, 96)
[10:31:28][INFO] Registered tree at (224, 149, 248)
[10:31:28][INFO] Registered tree at (224, 149, 248)
[10:31:28][INFO] Registered tree at (232, 150, 244)
[10:31:28][INFO] Registered tree at (224, 149, 248)
[10:31:28][INFO] Registered tree at (232, 150, 244)
[10:31:28][INFO] Registered tree at (236, 145, 224)
[10:31:28][INFO] Registered tree at (292, 141, 120)
[10:31:28][INFO] Registered tree at (292, 141, 120)
[10:31:28][INFO] Registered tree at (296, 140, 116)
[10:31:28][INFO] Registered tree at (292, 141, 120)
[10:31:28][INFO] Registered tree at (296, 140, 116)
[10:31:28][INFO] Registered tree at (316, 148, 96)
[10:31:28][INFO] Registered tree at (336, 151, 132)
[10:31:28][INFO] Registered tree at (292, 140, 164)
[10:31:28][INFO] Registered tree at (292, 140, 164)
[10:31:28][INFO] Registered tree at (300, 141, 164)
[10:31:28][INFO] Registered tree at (292, 140, 164)
[10:31:28][INFO] Registered tree at (300, 141, 164)
[10:31:28][INFO] Registered tree at (308, 144, 164)
[10:31:28][INFO] Registered tree at (292, 140, 164)
[10:31:28][INFO] Registered tree at (300, 141, 164)
[10:31:28][INFO] Registered tree at (308, 144, 164)
[10:31:28][INFO] Registered tree at (308, 143, 168)
[10:31:28][INFO] Registered tree at (292, 140, 164)
[10:31:28][INFO] Registered tree at (300, 141, 164)
[10:31:28][INFO] Registered tree at (308, 144, 164)
[10:31:28][INFO] Registered tree at (308, 143, 168)
[10:31:28][INFO] Registered tree at (316, 144, 176)
[10:31:28][INFO] Registered tree at (292, 140, 164)
[10:31:28][INFO] Registered tree at (292, 140, 164)
[10:31:28][INFO] Registered tree at (300, 141, 164)
[10:31:28][INFO] Registered tree at (292, 140, 164)
[10:31:28][INFO] Registered tree at (300, 141, 164)
[10:31:28][INFO] Registered tree at (308, 144, 164)
[10:31:28][INFO] Registered tree at (292, 140, 164)
[10:31:28][INFO] Registered tree at (300, 141, 164)
[10:31:28][INFO] Registered tree at (308, 144, 164)
[10:31:28][INFO] Registered tree at (308, 143, 168)
[10:31:28][INFO] Registered tree at (292, 140, 164)
[10:31:28][INFO] Registered tree at (300, 141, 164)
[10:31:28][INFO] Registered tree at (308, 144, 164)
[10:31:28][INFO] Registered tree at (308, 143, 168)
[10:31:28][INFO] Registered tree at (316, 144, 176)
[10:31:28][INFO] Registered tree at (292, 141, 120)
[10:31:28][INFO] Registered tree at (292, 141, 120)
[10:31:28][INFO] Registered tree at (296, 140, 116)
[10:31:28][INFO] Registered tree at (292, 141, 120)
[10:31:28][INFO] Registered tree at (296, 140, 116)
[10:31:28][INFO] Registered tree at (316, 148, 96)
[10:31:28][INFO] Registered tree at (320, 149, 120)
[10:31:28][INFO] Registered tree at (320, 149, 120)
[10:31:28][INFO] Registered tree at (332, 151, 116)
[10:31:28][INFO] Registered tree at (320, 149, 120)
[10:31:28][INFO] Registered tree at (332, 151, 116)
[10:31:28][INFO] Registered tree at (340, 151, 100)
[10:31:28][INFO] Registered tree at (208, 149, 232)
[10:31:28][INFO] Registered tree at (208, 149, 232)
[10:31:28][INFO] Registered tree at (208, 147, 252)
[10:31:28][INFO] Registered tree at (208, 149, 232)
[10:31:28][INFO] Registered tree at (208, 147, 252)
[10:31:28][INFO] Registered tree at (220, 149, 228)
[10:31:28][INFO] Registered tree at (128, 144, 176)
[10:31:28][INFO] Registered tree at (128, 144, 176)
[10:31:28][INFO] Registered tree at (132, 143, 168)
[10:31:28][INFO] Registered tree at (128, 144, 176)
[10:31:28][INFO] Registered tree at (132, 143, 168)
[10:31:28][INFO] Registered tree at (132, 143, 188)
[10:31:28][INFO] Registered tree at (128, 144, 176)
[10:31:28][INFO] Registered tree at (132, 143, 168)
[10:31:28][INFO] Registered tree at (132, 143, 188)
[10:31:28][INFO] Registered tree at (136, 143, 160)
[10:31:28][INFO] Registered tree at (128, 144, 176)
[10:31:28][INFO] Registered tree at (132, 143, 168)
[10:31:28][INFO] Registered tree at (132, 143, 188)
[10:31:28][INFO] Registered tree at (136, 143, 160)
[10:31:28][INFO] Registered tree at (148, 137, 184)
[10:31:28][INFO] Registered tree at (132, 151, 116)
[10:31:28][INFO] Registered tree at (132, 151, 116)
[10:31:28][INFO] Registered tree at (140, 150, 116)
[10:31:28][INFO] Registered tree at (256, 155, 40)
[10:31:28][INFO] Registered tree at (256, 155, 40)
[10:31:28][INFO] Registered tree at (268, 154, 52)
[10:31:28][INFO] Registered tree at (256, 155, 40)
[10:31:28][INFO] Registered tree at (268, 154, 52)
[10:31:28][INFO] Registered tree at (284, 154, 32)
[10:31:28][INFO] Registered tree at (260, 141, 236)
[10:31:28][INFO] Registered tree at (260, 141, 236)
[10:31:28][INFO] Registered tree at (264, 143, 224)
[10:31:28][INFO] Registered tree at (196, 141, 52)
[10:31:28][INFO] Registered tree at (196, 141, 52)
[10:31:28][INFO] Registered tree at (196, 142, 56)
[10:31:28][INFO] Registered tree at (196, 141, 52)
[10:31:28][INFO] Registered tree at (196, 142, 56)
[10:31:28][INFO] Registered tree at (208, 144, 36)
[10:31:28][INFO] Registered tree at (332, 145, 180)
[10:31:28][INFO] Registered tree at (332, 145, 180)
[10:31:28][INFO] Registered tree at (340, 147, 164)
[10:31:28][INFO] Registered tree at (332, 145, 180)
[10:31:28][INFO] Registered tree at (340, 147, 164)
[10:31:28][INFO] Registered tree at (340, 148, 168)
[10:31:28][INFO] Registered tree at (332, 145, 180)
[10:31:28][INFO] Registered tree at (340, 147, 164)
[10:31:28][INFO] Registered tree at (340, 148, 168)
[10:31:28][INFO] Registered tree at (348, 150, 180)
[10:31:28][INFO] Registered tree at (164, 142, 64)
[10:31:28][INFO] Registered tree at (164, 142, 64)
[10:31:28][INFO] Registered tree at (172, 137, 76)
[10:31:28][INFO] Registered tree at (164, 142, 64)
[10:31:28][INFO] Registered tree at (172, 137, 76)
[10:31:28][INFO] Registered tree at (180, 135, 76)
[10:31:28][INFO] Registered tree at (164, 142, 64)
[10:31:28][INFO] Registered tree at (172, 137, 76)
[10:31:28][INFO] Registered tree at (180, 135, 76)
[10:31:28][INFO] Registered tree at (188, 137, 68)
[10:31:28][INFO] Registered tree at (292, 151, 68)
[10:31:28][INFO] Registered tree at (292, 151, 68)
[10:31:28][INFO] Registered tree at (292, 150, 76)
[10:31:28][INFO] Registered tree at (292, 151, 68)
[10:31:28][INFO] Registered tree at (292, 150, 76)
[10:31:28][INFO] Registered tree at (292, 145, 88)
[10:31:28][INFO] Registered tree at (292, 151, 68)
[10:31:28][INFO] Registered tree at (292, 150, 76)
[10:31:28][INFO] Registered tree at (292, 145, 88)
[10:31:28][INFO] Registered tree at (300, 149, 76)
[10:31:28][INFO] Registered tree at (164, 142, 64)
[10:31:28][INFO] Registered tree at (164, 142, 64)
[10:31:28][INFO] Registered tree at (172, 137, 76)
[10:31:28][INFO] Registered tree at (164, 142, 64)
[10:31:28][INFO] Registered tree at (172, 137, 76)
[10:31:28][INFO] Registered tree at (180, 135, 76)
[10:31:28][INFO] Registered tree at (164, 142, 64)
[10:31:28][INFO] Registered tree at (172, 137, 76)
[10:31:28][INFO] Registered tree at (180, 135, 76)
[10:31:28][INFO] Registered tree at (188, 137, 68)
[10:31:28][INFO] Registered tree at (292, 141, 208)
[10:31:28][INFO] Registered tree at (292, 141, 208)
[10:31:28][INFO] Registered tree at (296, 139, 220)
[10:31:28][INFO] Registered tree at (292, 141, 208)
[10:31:28][INFO] Registered tree at (296, 139, 220)
[10:31:28][INFO] Registered tree at (300, 144, 208)
[10:31:28][INFO] Registered tree at (292, 141, 208)
[10:31:28][INFO] Registered tree at (296, 139, 220)
[10:31:28][INFO] Registered tree at (300, 144, 208)
[10:31:28][INFO] Registered tree at (304, 142, 200)
[10:31:28][INFO] Registered tree at (292, 141, 208)
[10:31:28][INFO] Registered tree at (296, 139, 220)
[10:31:28][INFO] Registered tree at (300, 144, 208)
[10:31:28][INFO] Registered tree at (304, 142, 200)
[10:31:28][INFO] Registered tree at (308, 143, 220)
[10:31:28][INFO] Registered tree at (292, 141, 208)
[10:31:28][INFO] Registered tree at (296, 139, 220)
[10:31:28][INFO] Registered tree at (300, 144, 208)
[10:31:28][INFO] Registered tree at (304, 142, 200)
[10:31:28][INFO] Registered tree at (308, 143, 220)
[10:31:28][INFO] Registered tree at (316, 143, 212)
[10:31:28][INFO] Registered tree at (292, 141, 208)
[10:31:28][INFO] Registered tree at (292, 141, 208)
[10:31:28][INFO] Registered tree at (296, 139, 220)
[10:31:28][INFO] Registered tree at (292, 141, 208)
[10:31:28][INFO] Registered tree at (296, 139, 220)
[10:31:28][INFO] Registered tree at (300, 144, 208)
[10:31:28][INFO] Registered tree at (292, 141, 208)
[10:31:28][INFO] Registered tree at (296, 139, 220)
[10:31:28][INFO] Registered tree at (300, 144, 208)
[10:31:28][INFO] Registered tree at (304, 142, 200)
[10:31:28][INFO] Registered tree at (292, 141, 208)
[10:31:28][INFO] Registered tree at (296, 139, 220)
[10:31:28][INFO] Registered tree at (300, 144, 208)
[10:31:28][INFO] Registered tree at (304, 142, 200)
[10:31:28][INFO] Registered tree at (308, 143, 220)
[10:31:28][INFO] Registered tree at (292, 141, 208)
[10:31:28][INFO] Registered tree at (296, 139, 220)
[10:31:28][INFO] Registered tree at (300, 144, 208)
[10:31:28][INFO] Registered tree at (304, 142, 200)
[10:31:28][INFO] Registered tree at (308, 143, 220)
[10:31:28][INFO] Registered tree at (316, 143, 212)
[10:31:28][INFO] Registered tree at (164, 139, 200)
[10:31:28][INFO] Registered tree at (164, 139, 200)
[10:31:28][INFO] Registered tree at (172, 137, 216)
[10:31:28][INFO] Registered tree at (292, 151, 68)
[10:31:28][INFO] Registered tree at (292, 151, 68)
[10:31:28][INFO] Registered tree at (292, 150, 76)
[10:31:28][INFO] Registered tree at (292, 151, 68)
[10:31:28][INFO] Registered tree at (292, 150, 76)
[10:31:28][INFO] Registered tree at (292, 145, 88)
[10:31:28][INFO] Registered tree at (292, 151, 68)
[10:31:28][INFO] Registered tree at (292, 150, 76)
[10:31:28][INFO] Registered tree at (292, 145, 88)
[10:31:28][INFO] Registered tree at (300, 149, 76)
[10:31:28][INFO] Registered tree at (164, 139, 200)
[10:31:28][INFO] Registered tree at (164, 139, 200)
[10:31:28][INFO] Registered tree at (172, 137, 216)
[10:31:28][INFO] Registered tree at (232, 144, 44)
[10:31:28][INFO] Registered tree at (232, 144, 44)
[10:31:28][INFO] Registered tree at (232, 145, 48)
[10:31:28][INFO] Registered tree at (232, 144, 44)
[10:31:28][INFO] Registered tree at (232, 145, 48)
[10:31:28][INFO] Registered tree at (236, 147, 56)
[10:31:28][INFO] Registered tree at (232, 144, 44)
[10:31:28][INFO] Registered tree at (232, 144, 44)
[10:31:28][INFO] Registered tree at (232, 145, 48)
[10:31:28][INFO] Registered tree at (232, 144, 44)
[10:31:28][INFO] Registered tree at (232, 145, 48)
[10:31:28][INFO] Registered tree at (236, 147, 56)
[10:31:28][INFO] Registered tree at (336, 151, 132)
[10:31:28][INFO] Registered tree at (224, 149, 248)
[10:31:28][INFO] Registered tree at (224, 149, 248)
[10:31:28][INFO] Registered tree at (232, 150, 244)
[10:31:28][INFO] Registered tree at (224, 149, 248)
[10:31:28][INFO] Registered tree at (232, 150, 244)
[10:31:28][INFO] Registered tree at (236, 145, 224)
[10:31:28][INFO] Registered tree at (172, 145, 32)
[10:31:28][INFO] Registered tree at (324, 146, 212)
[10:31:28][INFO] Registered tree at (324, 146, 212)
[10:31:28][INFO] Registered tree at (328, 147, 208)
[10:31:28][INFO] Registered tree at (324, 146, 212)
[10:31:28][INFO] Registered tree at (328, 147, 208)
[10:31:28][INFO] Registered tree at (336, 146, 208)
[10:31:28][INFO] Registered tree at (324, 146, 212)
[10:31:28][INFO] Registered tree at (328, 147, 208)
[10:31:28][INFO] Registered tree at (336, 146, 208)
[10:31:28][INFO] Registered tree at (344, 146, 208)
[10:31:28][INFO] Registered tree at (324, 149, 76)
[10:31:28][INFO] Registered tree at (324, 149, 76)
[10:31:28][INFO] Registered tree at (328, 148, 68)
[10:31:28][INFO] Registered tree at (324, 149, 76)
[10:31:28][INFO] Registered tree at (328, 148, 68)
[10:31:28][INFO] Registered tree at (336, 149, 72)
[10:31:28][INFO] Registered tree at (224, 149, 248)
[10:31:28][INFO] Registered tree at (224, 149, 248)
[10:31:28][INFO] Registered tree at (232, 150, 244)
[10:31:28][INFO] Registered tree at (224, 149, 248)
[10:31:28][INFO] Registered tree at (232, 150, 244)
[10:31:28][INFO] Registered tree at (236, 145, 224)
[10:31:28][INFO] Registered tree at (180, 137, 228)
[10:31:28][INFO] Registered tree at (292, 137, 236)
[10:31:28][INFO] Registered tree at (292, 137, 236)
[10:31:28][INFO] Registered tree at (296, 137, 244)
[10:31:28][INFO] Registered tree at (292, 153, 40)
[10:31:28][INFO] Registered tree at (292, 153, 40)
[10:31:28][INFO] Registered tree at (296, 151, 48)
[10:31:28][INFO] Registered tree at (292, 153, 40)
[10:31:28][INFO] Registered tree at (296, 151, 48)
[10:31:28][INFO] Registered tree at (308, 150, 56)
[10:31:28][INFO] Registered tree at (132, 146, 140)
[10:31:28][INFO] Registered tree at (132, 146, 140)
[10:31:28][INFO] Registered tree at (140, 146, 140)
[10:31:28][INFO] Registered tree at (336, 151, 132)
[10:31:28][INFO] Registered tree at (132, 146, 140)
[10:31:28][INFO] Registered tree at (132, 146, 140)
[10:31:28][INFO] Registered tree at (140, 146, 140)
[10:31:28][INFO] Registered tree at (148, 153, 68)
[10:31:28][INFO] Registered tree at (148, 153, 68)
[10:31:28][INFO] Registered tree at (148, 155, 84)
[10:31:28][INFO] Registered tree at (332, 145, 180)
[10:31:28][INFO] Registered tree at (332, 145, 180)
[10:31:28][INFO] Registered tree at (340, 147, 164)
[10:31:28][INFO] Registered tree at (332, 145, 180)
[10:31:28][INFO] Registered tree at (340, 147, 164)
[10:31:28][INFO] Registered tree at (340, 148, 168)
[10:31:28][INFO] Registered tree at (332, 145, 180)
[10:31:28][INFO] Registered tree at (340, 147, 164)
[10:31:28][INFO] Registered tree at (340, 148, 168)
[10:31:28][INFO] Registered tree at (348, 150, 180)
[10:31:28][INFO] Registered tree at (128, 144, 176)
[10:31:28][INFO] Registered tree at (128, 144, 176)
[10:31:28][INFO] Registered tree at (132, 143, 168)
[10:31:28][INFO] Registered tree at (128, 144, 176)
[10:31:28][INFO] Registered tree at (132, 143, 168)
[10:31:28][INFO] Registered tree at (132, 143, 188)
[10:31:28][INFO] Registered tree at (128, 144, 176)
[10:31:28][INFO] Registered tree at (132, 143, 168)
[10:31:28][INFO] Registered tree at (132, 143, 188)
[10:31:28][INFO] Registered tree at (136, 143, 160)
[10:31:28][INFO] Registered tree at (128, 144, 176)
[10:31:28][INFO] Registered tree at (132, 143, 168)
[10:31:28][INFO] Registered tree at (132, 143, 188)
[10:31:28][INFO] Registered tree at (136, 143, 160)
[10:31:28][INFO] Registered tree at (148, 137, 184)
[10:31:28][INFO] Registered tree at (320, 149, 120)
[10:31:28][INFO] Registered tree at (320, 149, 120)
[10:31:28][INFO] Registered tree at (332, 151, 116)
[10:31:28][INFO] Registered tree at (320, 149, 120)
[10:31:28][INFO] Registered tree at (332, 151, 116)
[10:31:28][INFO] Registered tree at (340, 151, 100)
[10:31:28][INFO] Registered tree at (256, 155, 40)
[10:31:28][INFO] Registered tree at (256, 155, 40)
[10:31:28][INFO] Registered tree at (268, 154, 52)
[10:31:28][INFO] Registered tree at (256, 155, 40)
[10:31:28][INFO] Registered tree at (268, 154, 52)
[10:31:28][INFO] Registered tree at (284, 154, 32)
[10:31:28][INFO] Registered tree at (208, 149, 232)
[10:31:28][INFO] Registered tree at (208, 149, 232)
[10:31:28][INFO] Registered tree at (208, 147, 252)
[10:31:28][INFO] Registered tree at (208, 149, 232)
[10:31:28][INFO] Registered tree at (208, 147, 252)
[10:31:28][INFO] Registered tree at (220, 149, 228)
[10:31:28][INFO] Registered tree at (320, 149, 120)
[10:31:28][INFO] Registered tree at (320, 149, 120)
[10:31:28][INFO] Registered tree at (332, 151, 116)
[10:31:28][INFO] Registered tree at (320, 149, 120)
[10:31:28][INFO] Registered tree at (332, 151, 116)
[10:31:28][INFO] Registered tree at (340, 151, 100)
[10:31:28][INFO] Registered tree at (132, 151, 116)
[10:31:28][INFO] Registered tree at (132, 151, 116)
[10:31:28][INFO] Registered tree at (140, 150, 116)
[10:31:28][INFO] Registered tree at (332, 145, 180)
[10:31:28][INFO] Registered tree at (332, 145, 180)
[10:31:28][INFO] Registered tree at (340, 147, 164)
[10:31:28][INFO] Registered tree at (332, 145, 180)
[10:31:28][INFO] Registered tree at (340, 147, 164)
[10:31:28][INFO] Registered tree at (340, 148, 168)
[10:31:28][INFO] Registered tree at (332, 145, 180)
[10:31:28][INFO] Registered tree at (340, 147, 164)
[10:31:28][INFO] Registered tree at (340, 148, 168)
[10:31:28][INFO] Registered tree at (348, 150, 180)
[10:31:28][INFO] Registered tree at (260, 141, 236)
[10:31:28][INFO] Registered tree at (260, 141, 236)
[10:31:28][INFO] Registered tree at (264, 143, 224)
[10:31:28][INFO] Registered tree at (208, 149, 232)
[10:31:28][INFO] Registered tree at (208, 149, 232)
[10:31:28][INFO] Registered tree at (208, 147, 252)
[10:31:28][INFO] Registered tree at (208, 149, 232)
[10:31:28][INFO] Registered tree at (208, 147, 252)
[10:31:28][INFO] Registered tree at (220, 149, 228)
[10:31:28][INFO] Registered tree at (132, 151, 116)
[10:31:28][INFO] Registered tree at (132, 151, 116)
[10:31:28][INFO] Registered tree at (140, 150, 116)
[10:31:28][INFO] Registered tree at (196, 141, 52)
[10:31:28][INFO] Registered tree at (196, 141, 52)
[10:31:28][INFO] Registered tree at (196, 142, 56)
[10:31:28][INFO] Registered tree at (196, 141, 52)
[10:31:28][INFO] Registered tree at (196, 142, 56)
[10:31:28][INFO] Registered tree at (208, 144, 36)
[10:31:28][INFO] Registered tree at (260, 141, 236)
[10:31:28][INFO] Registered tree at (260, 141, 236)
[10:31:28][INFO] Registered tree at (264, 143, 224)
[10:31:28][INFO] Registered tree at (196, 141, 52)
[10:31:28][INFO] Registered tree at (196, 141, 52)
[10:31:28][INFO] Registered tree at (196, 142, 56)
[10:31:28][INFO] Registered tree at (196, 141, 52)
[10:31:28][INFO] Registered tree at (196, 142, 56)
[10:31:28][INFO] Registered tree at (208, 144, 36)
[10:31:28][INFO] Registered tree at (256, 155, 40)
[10:31:28][INFO] Registered tree at (256, 155, 40)
[10:31:28][INFO] Registered tree at (268, 154, 52)
[10:31:28][INFO] Registered tree at (256, 155, 40)
[10:31:28][INFO] Registered tree at (268, 154, 52)
[10:31:28][INFO] Registered tree at (284, 154, 32)
[10:31:28][INFO] Registered tree at (128, 144, 176)
[10:31:28][INFO] Registered tree at (128, 144, 176)
[10:31:28][INFO] Registered tree at (132, 143, 168)
[10:31:28][INFO] Registered tree at (128, 144, 176)
[10:31:28][INFO] Registered tree at (132, 143, 168)
[10:31:28][INFO] Registered tree at (132, 143, 188)
[10:31:28][INFO] Registered tree at (128, 144, 176)
[10:31:28][INFO] Registered tree at (132, 143, 168)
[10:31:28][INFO] Registered tree at (132, 143, 188)
[10:31:28][INFO] Registered tree at (136, 143, 160)
[10:31:28][INFO] Registered tree at (128, 144, 176)
[10:31:28][INFO] Registered tree at (132, 143, 168)
[10:31:28][INFO] Registered tree at (132, 143, 188)
[10:31:28][INFO] Registered tree at (136, 143, 160)
[10:31:28][INFO] Registered tree at (148, 137, 184)
[10:31:28][INFO] Registered tree at (224, 148, 136)
[10:31:28][INFO] Registered tree at (356, 151, 136)
[10:31:28][INFO] Registered tree at (356, 151, 136)
[10:31:28][INFO] Registered tree at (360, 151, 140)
[10:31:28][INFO] Registered tree at (356, 151, 136)
[10:31:28][INFO] Registered tree at (360, 151, 140)
[10:31:28][INFO] Registered tree at (364, 150, 128)
[10:31:28][INFO] Registered tree at (224, 148, 136)
[10:31:28][INFO] Registered tree at (100, 144, 132)
[10:31:28][INFO] Registered tree at (100, 144, 132)
[10:31:28][INFO] Registered tree at (104, 143, 140)
[10:31:28][INFO] Registered tree at (100, 144, 132)
[10:31:28][INFO] Registered tree at (104, 143, 140)
[10:31:28][INFO] Registered tree at (104, 143, 156)
[10:31:28][INFO] Registered tree at (100, 144, 132)
[10:31:28][INFO] Registered tree at (104, 143, 140)
[10:31:28][INFO] Registered tree at (104, 143, 156)
[10:31:28][INFO] Registered tree at (112, 146, 136)
[10:31:28][INFO] Registered tree at (228, 151, 0)
[10:31:28][INFO] Registered tree at (228, 151, 0)
[10:31:28][INFO] Registered tree at (236, 152, 12)
[10:31:28][INFO] Registered tree at (292, 153, 40)
[10:31:28][INFO] Registered tree at (292, 153, 40)
[10:31:28][INFO] Registered tree at (296, 151, 48)
[10:31:28][INFO] Registered tree at (292, 153, 40)
[10:31:28][INFO] Registered tree at (296, 151, 48)
[10:31:28][INFO] Registered tree at (308, 150, 56)
[10:31:28][INFO] Registered tree at (268, 142, 136)
[10:31:28][INFO] Registered tree at (268, 142, 136)
[10:31:28][INFO] Registered tree at (268, 148, 156)
[10:31:28][INFO] Registered tree at (268, 142, 136)
[10:31:28][INFO] Registered tree at (268, 148, 156)
[10:31:28][INFO] Registered tree at (276, 143, 128)
[10:31:28][INFO] Registered tree at (268, 142, 136)
[10:31:28][INFO] Registered tree at (268, 148, 156)
[10:31:28][INFO] Registered tree at (276, 143, 128)
[10:31:28][INFO] Registered tree at (284, 141, 144)
[10:31:28][INFO] Registered tree at (148, 153, 68)
[10:31:28][INFO] Registered tree at (148, 153, 68)
[10:31:28][INFO] Registered tree at (148, 155, 84)
[10:31:28][INFO] Registered tree at (180, 137, 228)
[10:31:28][INFO] Registered tree at (100, 147, 100)
[10:31:28][INFO] Registered tree at (100, 147, 100)
[10:31:28][INFO] Registered tree at (100, 145, 116)
[10:31:28][INFO] Registered tree at (100, 147, 100)
[10:31:28][INFO] Registered tree at (100, 145, 116)
[10:31:28][INFO] Registered tree at (116, 152, 124)
[10:31:28][INFO] Registered tree at (100, 147, 100)
[10:31:28][INFO] Registered tree at (100, 145, 116)
[10:31:28][INFO] Registered tree at (116, 152, 124)
[10:31:28][INFO] Registered tree at (124, 153, 100)
[10:31:28][INFO] Registered tree at (172, 145, 32)
[10:31:28][INFO] Registered tree at (260, 149, 284)
[10:31:28][INFO] Registered tree at (260, 149, 284)
[10:31:28][INFO] Registered tree at (264, 150, 284)
[10:31:28][INFO] Registered tree at (260, 149, 284)
[10:31:28][INFO] Registered tree at (264, 150, 284)
[10:31:28][INFO] Registered tree at (276, 149, 284)
[10:31:28][INFO] Registered tree at (260, 149, 284)
[10:31:28][INFO] Registered tree at (264, 150, 284)
[10:31:28][INFO] Registered tree at (276, 149, 284)
[10:31:28][INFO] Registered tree at (280, 142, 272)
[10:31:28][INFO] Registered tree at (324, 149, 76)
[10:31:28][INFO] Registered tree at (324, 149, 76)
[10:31:28][INFO] Registered tree at (328, 148, 68)
[10:31:28][INFO] Registered tree at (324, 149, 76)
[10:31:28][INFO] Registered tree at (328, 148, 68)
[10:31:28][INFO] Registered tree at (336, 149, 72)
[10:31:28][INFO] Registered tree at (180, 137, 228)
[10:31:28][INFO] Registered tree at (192, 148, 148)
[10:31:28][INFO] Registered tree at (192, 148, 148)
[10:31:28][INFO] Registered tree at (200, 148, 140)
[10:31:28][INFO] Registered tree at (192, 148, 148)
[10:31:28][INFO] Registered tree at (200, 148, 140)
[10:31:28][INFO] Registered tree at (204, 151, 148)
[10:31:28][INFO] Registered tree at (192, 148, 148)
[10:31:28][INFO] Registered tree at (200, 148, 140)
[10:31:28][INFO] Registered tree at (204, 151, 148)
[10:31:28][INFO] Registered tree at (212, 151, 148)
[10:31:28][INFO] Registered tree at (196, 146, 20)
[10:31:28][INFO] Registered tree at (196, 146, 20)
[10:31:28][INFO] Registered tree at (200, 150, 4)
[10:31:28][INFO] Registered tree at (324, 146, 212)
[10:31:28][INFO] Registered tree at (324, 146, 212)
[10:31:28][INFO] Registered tree at (328, 147, 208)
[10:31:28][INFO] Registered tree at (324, 146, 212)
[10:31:28][INFO] Registered tree at (328, 147, 208)
[10:31:28][INFO] Registered tree at (336, 146, 208)
[10:31:28][INFO] Registered tree at (324, 146, 212)
[10:31:28][INFO] Registered tree at (328, 147, 208)
[10:31:28][INFO] Registered tree at (336, 146, 208)
[10:31:28][INFO] Registered tree at (344, 146, 208)
[10:31:28][INFO] Registered tree at (356, 152, 180)
[10:31:28][INFO] Registered tree at (356, 152, 180)
[10:31:28][INFO] Registered tree at (372, 153, 160)
[10:31:28][INFO] Registered tree at (172, 145, 32)
[10:31:28][INFO] Registered tree at (224, 154, 180)
[10:31:28][INFO] Registered tree at (224, 154, 180)
[10:31:28][INFO] Registered tree at (228, 152, 188)
[10:31:28][INFO] Registered tree at (224, 154, 180)
[10:31:28][INFO] Registered tree at (228, 152, 188)
[10:31:28][INFO] Registered tree at (236, 151, 164)
[10:31:28][INFO] Registered tree at (148, 153, 68)
[10:31:28][INFO] Registered tree at (148, 153, 68)
[10:31:28][INFO] Registered tree at (148, 155, 84)
[10:31:28][INFO] Registered tree at (260, 144, 4)
[10:31:28][INFO] Registered tree at (260, 144, 4)
[10:31:28][INFO] Registered tree at (260, 148, 20)
[10:31:28][INFO] Registered tree at (260, 144, 4)
[10:31:28][INFO] Registered tree at (260, 148, 20)
[10:31:28][INFO] Registered tree at (276, 151, 28)
[10:31:28][INFO] Registered tree at (260, 144, 4)
[10:31:28][INFO] Registered tree at (260, 148, 20)
[10:31:28][INFO] Registered tree at (276, 151, 28)
[10:31:28][INFO] Registered tree at (284, 148, 4)
[10:31:28][INFO] Registered tree at (260, 144, 4)
[10:31:28][INFO] Registered tree at (260, 148, 20)
[10:31:28][INFO] Registered tree at (276, 151, 28)
[10:31:28][INFO] Registered tree at (284, 148, 4)
[10:31:28][INFO] Registered tree at (284, 152, 16)
[10:31:28][INFO] Registered tree at (192, 142, 284)
[10:31:28][INFO] Registered tree at (192, 142, 284)
[10:31:28][INFO] Registered tree at (200, 145, 260)
[10:31:28][INFO] Registered tree at (192, 142, 284)
[10:31:28][INFO] Registered tree at (200, 145, 260)
[10:31:28][INFO] Registered tree at (204, 145, 268)
[10:31:28][INFO] Registered tree at (192, 142, 284)
[10:31:28][INFO] Registered tree at (200, 145, 260)
[10:31:28][INFO] Registered tree at (204, 145, 268)
[10:31:28][INFO] Registered tree at (204, 144, 284)
[10:31:28][INFO] Registered tree at (192, 142, 284)
[10:31:28][INFO] Registered tree at (200, 145, 260)
[10:31:28][INFO] Registered tree at (204, 145, 268)
[10:31:28][INFO] Registered tree at (204, 144, 284)
[10:31:28][INFO] Registered tree at (212, 145, 264)
[10:31:28][INFO] Registered tree at (192, 142, 284)
[10:31:28][INFO] Registered tree at (200, 145, 260)
[10:31:28][INFO] Registered tree at (204, 145, 268)
[10:31:28][INFO] Registered tree at (204, 144, 284)
[10:31:28][INFO] Registered tree at (212, 145, 264)
[10:31:28][INFO] Registered tree at (216, 146, 260)
[10:31:28][INFO] Registered tree at (368, 151, 108)
[10:31:28][INFO] Registered tree at (368, 151, 108)
[10:31:28][INFO] Registered tree at (372, 147, 120)
[10:31:28][INFO] Registered tree at (368, 151, 108)
[10:31:28][INFO] Registered tree at (372, 147, 120)
[10:31:28][INFO] Registered tree at (376, 146, 120)
[10:31:28][INFO] Registered tree at (368, 151, 108)
[10:31:28][INFO] Registered tree at (372, 147, 120)
[10:31:28][INFO] Registered tree at (376, 146, 120)
[10:31:28][INFO] Registered tree at (380, 145, 108)
[10:31:28][INFO] Registered tree at (292, 153, 40)
[10:31:28][INFO] Registered tree at (292, 153, 40)
[10:31:28][INFO] Registered tree at (296, 151, 48)
[10:31:28][INFO] Registered tree at (292, 153, 40)
[10:31:28][INFO] Registered tree at (296, 151, 48)
[10:31:28][INFO] Registered tree at (308, 150, 56)
[10:31:28][INFO] Registered tree at (324, 146, 212)
[10:31:28][INFO] Registered tree at (324, 146, 212)
[10:31:28][INFO] Registered tree at (328, 147, 208)
[10:31:28][INFO] Registered tree at (324, 146, 212)
[10:31:28][INFO] Registered tree at (328, 147, 208)
[10:31:28][INFO] Registered tree at (336, 146, 208)
[10:31:28][INFO] Registered tree at (324, 146, 212)
[10:31:28][INFO] Registered tree at (328, 147, 208)
[10:31:28][INFO] Registered tree at (336, 146, 208)
[10:31:28][INFO] Registered tree at (344, 146, 208)
[10:31:28][INFO] Registered tree at (268, 142, 136)
[10:31:28][INFO] Registered tree at (268, 142, 136)
[10:31:28][INFO] Registered tree at (268, 148, 156)
[10:31:28][INFO] Registered tree at (268, 142, 136)
[10:31:28][INFO] Registered tree at (268, 148, 156)
[10:31:28][INFO] Registered tree at (276, 143, 128)
[10:31:28][INFO] Registered tree at (268, 142, 136)
[10:31:28][INFO] Registered tree at (268, 148, 156)
[10:31:28][INFO] Registered tree at (276, 143, 128)
[10:31:28][INFO] Registered tree at (284, 141, 144)
[10:31:28][INFO] Registered tree at (224, 146, 116)
[10:31:28][INFO] Registered tree at (224, 146, 116)
[10:31:28][INFO] Registered tree at (232, 143, 112)
[10:31:28][INFO] Registered tree at (224, 146, 116)
[10:31:28][INFO] Registered tree at (232, 143, 112)
[10:31:28][INFO] Registered tree at (244, 145, 120)
[10:31:28][INFO] Registered tree at (224, 146, 116)
[10:31:28][INFO] Registered tree at (232, 143, 112)
[10:31:28][INFO] Registered tree at (244, 145, 120)
[10:31:28][INFO] Registered tree at (248, 147, 100)
[10:31:28][INFO] Registered tree at (224, 146, 116)
[10:31:28][INFO] Registered tree at (232, 143, 112)
[10:31:28][INFO] Registered tree at (244, 145, 120)
[10:31:28][INFO] Registered tree at (248, 147, 100)
[10:31:28][INFO] Registered tree at (248, 146, 116)
[10:31:28][INFO] Registered tree at (192, 148, 148)
[10:31:28][INFO] Registered tree at (192, 148, 148)
[10:31:28][INFO] Registered tree at (200, 148, 140)
[10:31:28][INFO] Registered tree at (192, 148, 148)
[10:31:28][INFO] Registered tree at (200, 148, 140)
[10:31:28][INFO] Registered tree at (204, 151, 148)
[10:31:28][INFO] Registered tree at (192, 148, 148)
[10:31:28][INFO] Registered tree at (200, 148, 140)
[10:31:28][INFO] Registered tree at (204, 151, 148)
[10:31:28][INFO] Registered tree at (212, 151, 148)
[10:31:28][INFO] Registered tree at (292, 137, 236)
[10:31:28][INFO] Registered tree at (292, 137, 236)
[10:31:28][INFO] Registered tree at (296, 137, 244)
[10:31:28][INFO] Registered tree at (224, 146, 116)
[10:31:28][INFO] Registered tree at (224, 146, 116)
[10:31:28][INFO] Registered tree at (232, 143, 112)
[10:31:28][INFO] Registered tree at (224, 146, 116)
[10:31:28][INFO] Registered tree at (232, 143, 112)
[10:31:28][INFO] Registered tree at (244, 145, 120)
[10:31:28][INFO] Registered tree at (224, 146, 116)
[10:31:28][INFO] Registered tree at (232, 143, 112)
[10:31:28][INFO] Registered tree at (244, 145, 120)
[10:31:28][INFO] Registered tree at (248, 147, 100)
[10:31:28][INFO] Registered tree at (224, 146, 116)
[10:31:28][INFO] Registered tree at (232, 143, 112)
[10:31:28][INFO] Registered tree at (244, 145, 120)
[10:31:28][INFO] Registered tree at (248, 147, 100)
[10:31:28][INFO] Registered tree at (248, 146, 116)
[10:31:28][INFO] Registered tree at (292, 137, 236)
[10:31:28][INFO] Registered tree at (292, 137, 236)
[10:31:28][INFO] Registered tree at (296, 137, 244)
[10:31:28][INFO] Registered tree at (224, 154, 180)
[10:31:28][INFO] Registered tree at (224, 154, 180)
[10:31:28][INFO] Registered tree at (228, 152, 188)
[10:31:28][INFO] Registered tree at (224, 154, 180)
[10:31:28][INFO] Registered tree at (228, 152, 188)
[10:31:28][INFO] Registered tree at (236, 151, 164)
[10:31:28][INFO] Registered tree at (324, 149, 76)
[10:31:28][INFO] Registered tree at (324, 149, 76)
[10:31:28][INFO] Registered tree at (328, 148, 68)
[10:31:28][INFO] Registered tree at (324, 149, 76)
[10:31:28][INFO] Registered tree at (328, 148, 68)
[10:31:28][INFO] Registered tree at (336, 149, 72)
[10:31:28][INFO] Registered tree at (192, 145, 188)
[10:31:28][INFO] Registered tree at (192, 145, 188)
[10:31:28][INFO] Registered tree at (204, 149, 180)
[10:31:28][INFO] Registered tree at (200, 137, 104)
[10:31:28][INFO] Registered tree at (200, 137, 104)
[10:31:28][INFO] Registered tree at (204, 145, 124)
[10:31:28][INFO] Registered tree at (200, 137, 104)
[10:31:28][INFO] Registered tree at (204, 145, 124)
[10:31:28][INFO] Registered tree at (212, 139, 96)
[10:31:28][INFO] Registered tree at (200, 137, 104)
[10:31:28][INFO] Registered tree at (204, 145, 124)
[10:31:28][INFO] Registered tree at (212, 139, 96)
[10:31:28][INFO] Registered tree at (220, 145, 112)
[10:31:28][INFO] Registered tree at (192, 145, 188)
[10:31:28][INFO] Registered tree at (192, 145, 188)
[10:31:28][INFO] Registered tree at (204, 149, 180)
[10:31:28][INFO] Registered tree at (200, 137, 104)
[10:31:28][INFO] Registered tree at (200, 137, 104)
[10:31:28][INFO] Registered tree at (204, 145, 124)
[10:31:28][INFO] Registered tree at (200, 137, 104)
[10:31:28][INFO] Registered tree at (204, 145, 124)
[10:31:28][INFO] Registered tree at (212, 139, 96)
[10:31:28][INFO] Registered tree at (200, 137, 104)
[10:31:28][INFO] Registered tree at (204, 145, 124)
[10:31:28][INFO] Registered tree at (212, 139, 96)
[10:31:28][INFO] Registered tree at (220, 145, 112)
[10:31:28][INFO] Registered tree at (260, 150, 100)
[10:31:28][INFO] Registered tree at (260, 150, 100)
[10:31:28][INFO] Registered tree at (268, 151, 100)
[10:31:28][INFO] Registered tree at (260, 150, 100)
[10:31:28][INFO] Registered tree at (268, 151, 100)
[10:31:28][INFO] Registered tree at (272, 145, 124)
[10:31:28][INFO] Registered tree at (260, 150, 100)
[10:31:28][INFO] Registered tree at (268, 151, 100)
[10:31:28][INFO] Registered tree at (272, 145, 124)
[10:31:28][INFO] Registered tree at (276, 146, 108)
[10:31:28][INFO] Registered tree at (260, 150, 100)
[10:31:28][INFO] Registered tree at (268, 151, 100)
[10:31:28][INFO] Registered tree at (272, 145, 124)
[10:31:28][INFO] Registered tree at (276, 146, 108)
[10:31:28][INFO] Registered tree at (284, 144, 116)
[10:31:28][INFO] Registered tree at (320, 142, 236)
[10:31:28][INFO] Registered tree at (320, 142, 236)
[10:31:28][INFO] Registered tree at (332, 141, 248)
[10:31:28][INFO] Registered tree at (320, 142, 236)
[10:31:28][INFO] Registered tree at (332, 141, 248)
[10:31:28][INFO] Registered tree at (340, 143, 236)
[10:31:28][INFO] Registered tree at (320, 142, 236)
[10:31:28][INFO] Registered tree at (332, 141, 248)
[10:31:28][INFO] Registered tree at (340, 143, 236)
[10:31:28][INFO] Registered tree at (340, 143, 244)
[10:31:28][INFO] Registered tree at (320, 142, 236)
[10:31:28][INFO] Registered tree at (332, 141, 248)
[10:31:28][INFO] Registered tree at (340, 143, 236)
[10:31:28][INFO] Registered tree at (340, 143, 244)
[10:31:28][INFO] Registered tree at (348, 145, 236)
[10:31:28][INFO] Registered tree at (320, 151, 60)
[10:31:28][INFO] Registered tree at (320, 151, 60)
[10:31:28][INFO] Registered tree at (324, 151, 32)
[10:31:28][INFO] Registered tree at (320, 151, 60)
[10:31:28][INFO] Registered tree at (324, 151, 32)
[10:31:28][INFO] Registered tree at (324, 150, 44)
[10:31:28][INFO] Registered tree at (320, 151, 60)
[10:31:28][INFO] Registered tree at (324, 151, 32)
[10:31:28][INFO] Registered tree at (324, 150, 44)
[10:31:28][INFO] Registered tree at (332, 148, 44)
[10:31:28][INFO] Registered tree at (320, 151, 60)
[10:31:28][INFO] Registered tree at (324, 151, 32)
[10:31:28][INFO] Registered tree at (324, 150, 44)
[10:31:28][INFO] Registered tree at (332, 148, 44)
[10:31:28][INFO] Registered tree at (336, 151, 56)
[10:31:28][INFO] Registered tree at (320, 151, 60)
[10:31:28][INFO] Registered tree at (324, 151, 32)
[10:31:28][INFO] Registered tree at (324, 150, 44)
[10:31:28][INFO] Registered tree at (332, 148, 44)
[10:31:28][INFO] Registered tree at (336, 151, 56)
[10:31:28][INFO] Registered tree at (340, 148, 40)
[10:31:28][INFO] Registered tree at (320, 151, 60)
[10:31:28][INFO] Registered tree at (324, 151, 32)
[10:31:28][INFO] Registered tree at (324, 150, 44)
[10:31:28][INFO] Registered tree at (332, 148, 44)
[10:31:28][INFO] Registered tree at (336, 151, 56)
[10:31:28][INFO] Registered tree at (340, 148, 40)
[10:31:28][INFO] Registered tree at (340, 150, 52)
[10:31:28][INFO] Registered tree at (136, 149, 52)
[10:31:28][INFO] Registered tree at (136, 149, 52)
[10:31:28][INFO] Registered tree at (140, 149, 44)
[10:31:28][INFO] Registered tree at (136, 149, 52)
[10:31:28][INFO] Registered tree at (140, 149, 44)
[10:31:28][INFO] Registered tree at (140, 152, 60)
[10:31:28][INFO] Registered tree at (136, 149, 52)
[10:31:28][INFO] Registered tree at (140, 149, 44)
[10:31:28][INFO] Registered tree at (140, 152, 60)
[10:31:28][INFO] Registered tree at (152, 144, 36)
[10:31:28][INFO] Registered tree at (140, 139, 236)
[10:31:28][INFO] Registered tree at (140, 139, 236)
[10:31:28][INFO] Registered tree at (148, 139, 232)
[10:31:28][INFO] Registered tree at (260, 150, 100)
[10:31:28][INFO] Registered tree at (260, 150, 100)
[10:31:28][INFO] Registered tree at (268, 151, 100)
[10:31:28][INFO] Registered tree at (260, 150, 100)
[10:31:28][INFO] Registered tree at (268, 151, 100)
[10:31:28][INFO] Registered tree at (272, 145, 124)
[10:31:28][INFO] Registered tree at (260, 150, 100)
[10:31:28][INFO] Registered tree at (268, 151, 100)
[10:31:28][INFO] Registered tree at (272, 145, 124)
[10:31:28][INFO] Registered tree at (276, 146, 108)
[10:31:28][INFO] Registered tree at (260, 150, 100)
[10:31:28][INFO] Registered tree at (268, 151, 100)
[10:31:28][INFO] Registered tree at (272, 145, 124)
[10:31:28][INFO] Registered tree at (276, 146, 108)
[10:31:28][INFO] Registered tree at (284, 144, 116)
[10:31:28][INFO] Registered tree at (352, 147, 64)
[10:31:28][INFO] Registered tree at (352, 147, 64)
[10:31:28][INFO] Registered tree at (352, 148, 84)
[10:31:28][INFO] Registered tree at (236, 145, 68)
[10:31:28][INFO] Registered tree at (236, 145, 68)
[10:31:28][INFO] Registered tree at (252, 150, 64)
[10:31:28][INFO] Registered tree at (224, 152, 204)
[10:31:28][INFO] Registered tree at (224, 152, 204)
[10:31:28][INFO] Registered tree at (232, 149, 200)
[10:31:28][INFO] Registered tree at (224, 152, 204)
[10:31:28][INFO] Registered tree at (232, 149, 200)
[10:31:28][INFO] Registered tree at (244, 146, 196)
[10:31:28][INFO] Registered tree at (224, 152, 204)
[10:31:28][INFO] Registered tree at (232, 149, 200)
[10:31:28][INFO] Registered tree at (244, 146, 196)
[10:31:28][INFO] Registered tree at (252, 144, 192)
[10:31:28][INFO] Registered tree at (288, 138, 272)
[10:31:28][INFO] Registered tree at (288, 138, 272)
[10:31:28][INFO] Registered tree at (308, 135, 256)
[10:31:28][INFO] Registered tree at (288, 149, 4)
[10:31:28][INFO] Registered tree at (288, 149, 4)
[10:31:28][INFO] Registered tree at (288, 153, 28)
[10:31:28][INFO] Registered tree at (288, 149, 4)
[10:31:28][INFO] Registered tree at (288, 153, 28)
[10:31:28][INFO] Registered tree at (292, 149, 8)
[10:31:28][INFO] Registered tree at (288, 149, 4)
[10:31:28][INFO] Registered tree at (288, 153, 28)
[10:31:28][INFO] Registered tree at (292, 149, 8)
[10:31:28][INFO] Registered tree at (300, 150, 28)
[10:31:28][INFO] Registered tree at (288, 149, 4)
[10:31:28][INFO] Registered tree at (288, 153, 28)
[10:31:28][INFO] Registered tree at (292, 149, 8)
[10:31:28][INFO] Registered tree at (300, 150, 28)
[10:31:28][INFO] Registered tree at (304, 146, 16)
[10:31:28][INFO] Registered tree at (356, 151, 136)
[10:31:28][INFO] Registered tree at (356, 151, 136)
[10:31:28][INFO] Registered tree at (360, 151, 140)
[10:31:28][INFO] Registered tree at (356, 151, 136)
[10:31:28][INFO] Registered tree at (360, 151, 140)
[10:31:28][INFO] Registered tree at (364, 150, 128)
[10:31:28][INFO] Registered tree at (100, 144, 132)
[10:31:28][INFO] Registered tree at (100, 144, 132)
[10:31:28][INFO] Registered tree at (104, 143, 140)
[10:31:28][INFO] Registered tree at (100, 144, 132)
[10:31:28][INFO] Registered tree at (104, 143, 140)
[10:31:28][INFO] Registered tree at (104, 143, 156)
[10:31:28][INFO] Registered tree at (100, 144, 132)
[10:31:28][INFO] Registered tree at (104, 143, 140)
[10:31:28][INFO] Registered tree at (104, 143, 156)
[10:31:28][INFO] Registered tree at (112, 146, 136)
[10:31:28][INFO] Registered tree at (288, 141, 128)
[10:31:28][INFO] Registered tree at (288, 141, 128)
[10:31:28][INFO] Registered tree at (300, 144, 132)
[10:31:28][INFO] Registered tree at (288, 141, 128)
[10:31:28][INFO] Registered tree at (300, 144, 132)
[10:31:28][INFO] Registered tree at (300, 145, 144)
[10:31:28][INFO] Registered tree at (288, 141, 128)
[10:31:28][INFO] Registered tree at (300, 144, 132)
[10:31:28][INFO] Registered tree at (300, 145, 144)
[10:31:28][INFO] Registered tree at (308, 146, 144)
[10:31:28][INFO] Registered tree at (356, 148, 204)
[10:31:28][INFO] Registered tree at (356, 148, 204)
[10:31:28][INFO] Registered tree at (368, 150, 192)
[10:31:28][INFO] Registered tree at (356, 148, 204)
[10:31:28][INFO] Registered tree at (368, 150, 192)
[10:31:28][INFO] Registered tree at (368, 143, 212)
[10:31:28][INFO] Registered tree at (356, 148, 204)
[10:31:28][INFO] Registered tree at (368, 150, 192)
[10:31:28][INFO] Registered tree at (368, 143, 212)
[10:31:28][INFO] Registered tree at (380, 145, 196)
[10:31:28][INFO] Registered tree at (356, 151, 136)
[10:31:28][INFO] Registered tree at (356, 151, 136)
[10:31:28][INFO] Registered tree at (360, 151, 140)
[10:31:28][INFO] Registered tree at (356, 151, 136)
[10:31:28][INFO] Registered tree at (360, 151, 140)
[10:31:28][INFO] Registered tree at (364, 150, 128)
[10:31:28][INFO] Registered tree at (236, 145, 68)
[10:31:28][INFO] Registered tree at (236, 145, 68)
[10:31:28][INFO] Registered tree at (252, 150, 64)
[10:31:28][INFO] Registered tree at (160, 145, 148)
[10:31:28][INFO] Registered tree at (160, 145, 148)
[10:31:28][INFO] Registered tree at (164, 145, 128)
[10:31:28][INFO] Registered tree at (160, 145, 148)
[10:31:28][INFO] Registered tree at (164, 145, 128)
[10:31:28][INFO] Registered tree at (168, 144, 156)
[10:31:28][INFO] Registered tree at (160, 145, 148)
[10:31:28][INFO] Registered tree at (164, 145, 128)
[10:31:28][INFO] Registered tree at (168, 144, 156)
[10:31:28][INFO] Registered tree at (172, 143, 132)
[10:31:28][INFO] Registered tree at (160, 145, 148)
[10:31:28][INFO] Registered tree at (164, 145, 128)
[10:31:28][INFO] Registered tree at (168, 144, 156)
[10:31:28][INFO] Registered tree at (172, 143, 132)
[10:31:28][INFO] Registered tree at (172, 145, 144)
[10:31:28][INFO] Registered tree at (160, 145, 148)
[10:31:28][INFO] Registered tree at (164, 145, 128)
[10:31:28][INFO] Registered tree at (168, 144, 156)
[10:31:28][INFO] Registered tree at (172, 143, 132)
[10:31:28][INFO] Registered tree at (172, 145, 144)
[10:31:28][INFO] Registered tree at (180, 144, 140)
[10:31:28][INFO] Registered tree at (160, 145, 148)
[10:31:28][INFO] Registered tree at (164, 145, 128)
[10:31:28][INFO] Registered tree at (168, 144, 156)
[10:31:28][INFO] Registered tree at (172, 143, 132)
[10:31:28][INFO] Registered tree at (172, 145, 144)
[10:31:28][INFO] Registered tree at (180, 144, 140)
[10:31:28][INFO] Registered tree at (188, 146, 140)
[10:31:28][INFO] Registered tree at (100, 144, 204)
[10:31:28][INFO] Registered tree at (100, 144, 204)
[10:31:28][INFO] Registered tree at (104, 144, 204)
[10:31:28][INFO] Registered tree at (100, 144, 204)
[10:31:28][INFO] Registered tree at (104, 144, 204)
[10:31:28][INFO] Registered tree at (108, 143, 196)
[10:31:28][INFO] Registered tree at (100, 144, 204)
[10:31:28][INFO] Registered tree at (104, 144, 204)
[10:31:28][INFO] Registered tree at (108, 143, 196)
[10:31:28][INFO] Registered tree at (112, 144, 216)
[10:31:28][INFO] Registered tree at (100, 144, 204)
[10:31:28][INFO] Registered tree at (104, 144, 204)
[10:31:28][INFO] Registered tree at (108, 143, 196)
[10:31:28][INFO] Registered tree at (112, 144, 216)
[10:31:28][INFO] Registered tree at (124, 143, 192)
[10:31:28][INFO] Registered tree at (288, 141, 128)
[10:31:28][INFO] Registered tree at (288, 141, 128)
[10:31:28][INFO] Registered tree at (300, 144, 132)
[10:31:28][INFO] Registered tree at (288, 141, 128)
[10:31:28][INFO] Registered tree at (300, 144, 132)
[10:31:28][INFO] Registered tree at (300, 145, 144)
[10:31:28][INFO] Registered tree at (288, 141, 128)
[10:31:28][INFO] Registered tree at (300, 144, 132)
[10:31:28][INFO] Registered tree at (300, 145, 144)
[10:31:28][INFO] Registered tree at (308, 146, 144)
[10:31:28][INFO] Registered tree at (228, 151, 0)
[10:31:28][INFO] Registered tree at (228, 151, 0)
[10:31:28][INFO] Registered tree at (236, 152, 12)
[10:31:28][INFO] Registered tree at (224, 152, 204)
[10:31:28][INFO] Registered tree at (224, 152, 204)
[10:31:28][INFO] Registered tree at (232, 149, 200)
[10:31:28][INFO] Registered tree at (224, 152, 204)
[10:31:28][INFO] Registered tree at (232, 149, 200)
[10:31:28][INFO] Registered tree at (244, 146, 196)
[10:31:28][INFO] Registered tree at (224, 152, 204)
[10:31:28][INFO] Registered tree at (232, 149, 200)
[10:31:28][INFO] Registered tree at (244, 146, 196)
[10:31:28][INFO] Registered tree at (252, 144, 192)
[10:31:28][INFO] Registered tree at (104, 143, 76)
[10:31:28][INFO] Registered tree at (104, 143, 76)
[10:31:28][INFO] Registered tree at (104, 145, 80)
[10:31:28][INFO] Registered tree at (160, 145, 148)
[10:31:28][INFO] Registered tree at (160, 145, 148)
[10:31:28][INFO] Registered tree at (164, 145, 128)
[10:31:28][INFO] Registered tree at (160, 145, 148)
[10:31:28][INFO] Registered tree at (164, 145, 128)
[10:31:28][INFO] Registered tree at (168, 144, 156)
[10:31:28][INFO] Registered tree at (160, 145, 148)
[10:31:28][INFO] Registered tree at (164, 145, 128)
[10:31:28][INFO] Registered tree at (168, 144, 156)
[10:31:28][INFO] Registered tree at (172, 143, 132)
[10:31:28][INFO] Registered tree at (160, 145, 148)
[10:31:28][INFO] Registered tree at (164, 145, 128)
[10:31:28][INFO] Registered tree at (168, 144, 156)
[10:31:28][INFO] Registered tree at (172, 143, 132)
[10:31:28][INFO] Registered tree at (172, 145, 144)
[10:31:28][INFO] Registered tree at (160, 145, 148)
[10:31:28][INFO] Registered tree at (164, 145, 128)
[10:31:28][INFO] Registered tree at (168, 144, 156)
[10:31:28][INFO] Registered tree at (172, 143, 132)
[10:31:28][INFO] Registered tree at (172, 145, 144)
[10:31:28][INFO] Registered tree at (180, 144, 140)
[10:31:28][INFO] Registered tree at (160, 145, 148)
[10:31:28][INFO] Registered tree at (164, 145, 128)
[10:31:28][INFO] Registered tree at (168, 144, 156)
[10:31:28][INFO] Registered tree at (172, 143, 132)
[10:31:28][INFO] Registered tree at (172, 145, 144)
[10:31:28][INFO] Registered tree at (180, 144, 140)
[10:31:28][INFO] Registered tree at (188, 146, 140)
[10:31:28][INFO] Registered tree at (164, 144, 16)
[10:31:28][INFO] Registered tree at (164, 144, 16)
[10:31:28][INFO] Registered tree at (168, 148, 0)
[10:31:28][INFO] Registered tree at (164, 144, 16)
[10:31:28][INFO] Registered tree at (168, 148, 0)
[10:31:28][INFO] Registered tree at (176, 148, 4)
[10:31:28][INFO] Registered tree at (164, 144, 16)
[10:31:28][INFO] Registered tree at (168, 148, 0)
[10:31:28][INFO] Registered tree at (176, 148, 4)
[10:31:28][INFO] Registered tree at (184, 143, 20)
[10:31:28][INFO] Registered tree at (168, 140, 256)
[10:31:28][INFO] Registered tree at (168, 140, 256)
[10:31:28][INFO] Registered tree at (180, 142, 284)
[10:31:28][INFO] Registered tree at (168, 140, 256)
[10:31:28][INFO] Registered tree at (180, 142, 284)
[10:31:28][INFO] Registered tree at (184, 143, 260)
[10:31:28][INFO] Registered tree at (228, 151, 0)
[10:31:28][INFO] Registered tree at (228, 151, 0)
[10:31:28][INFO] Registered tree at (236, 152, 12)
[10:31:28][INFO] Registered tree at (100, 144, 132)
[10:31:28][INFO] Registered tree at (100, 144, 132)
[10:31:28][INFO] Registered tree at (104, 143, 140)
[10:31:28][INFO] Registered tree at (100, 144, 132)
[10:31:28][INFO] Registered tree at (104, 143, 140)
[10:31:28][INFO] Registered tree at (104, 143, 156)
[10:31:28][INFO] Registered tree at (100, 144, 132)
[10:31:28][INFO] Registered tree at (104, 143, 140)
[10:31:28][INFO] Registered tree at (104, 143, 156)
[10:31:28][INFO] Registered tree at (112, 146, 136)
[10:31:28][INFO] Registered tree at (260, 153, 76)
[10:31:28][INFO] Registered tree at (260, 153, 76)
[10:31:28][INFO] Registered tree at (260, 154, 84)
[10:31:28][INFO] Registered tree at (260, 153, 76)
[10:31:28][INFO] Registered tree at (260, 154, 84)
[10:31:28][INFO] Registered tree at (268, 151, 64)
[10:31:28][INFO] Registered tree at (260, 153, 76)
[10:31:28][INFO] Registered tree at (260, 154, 84)
[10:31:28][INFO] Registered tree at (268, 151, 64)
[10:31:28][INFO] Registered tree at (276, 153, 76)
[10:31:28][INFO] Registered tree at (260, 153, 76)
[10:31:28][INFO] Registered tree at (260, 154, 84)
[10:31:28][INFO] Registered tree at (268, 151, 64)
[10:31:28][INFO] Registered tree at (276, 153, 76)
[10:31:28][INFO] Registered tree at (276, 153, 80)
[10:31:28][INFO] Registered tree at (260, 153, 76)
[10:31:28][INFO] Registered tree at (260, 154, 84)
[10:31:28][INFO] Registered tree at (268, 151, 64)
[10:31:28][INFO] Registered tree at (276, 153, 76)
[10:31:28][INFO] Registered tree at (276, 153, 80)
[10:31:28][INFO] Registered tree at (284, 152, 76)
[10:31:28][INFO] Registered tree at (260, 149, 284)
[10:31:28][INFO] Registered tree at (260, 149, 284)
[10:31:28][INFO] Registered tree at (264, 150, 284)
[10:31:28][INFO] Registered tree at (260, 149, 284)
[10:31:28][INFO] Registered tree at (264, 150, 284)
[10:31:28][INFO] Registered tree at (276, 149, 284)
[10:31:28][INFO] Registered tree at (260, 149, 284)
[10:31:28][INFO] Registered tree at (264, 150, 284)
[10:31:28][INFO] Registered tree at (276, 149, 284)
[10:31:28][INFO] Registered tree at (280, 142, 272)
[10:31:28][INFO] Registered tree at (368, 151, 108)
[10:31:28][INFO] Registered tree at (368, 151, 108)
[10:31:28][INFO] Registered tree at (372, 147, 120)
[10:31:28][INFO] Registered tree at (368, 151, 108)
[10:31:28][INFO] Registered tree at (372, 147, 120)
[10:31:28][INFO] Registered tree at (376, 146, 120)
[10:31:28][INFO] Registered tree at (368, 151, 108)
[10:31:28][INFO] Registered tree at (372, 147, 120)
[10:31:28][INFO] Registered tree at (376, 146, 120)
[10:31:28][INFO] Registered tree at (380, 145, 108)
[10:31:28][INFO] Registered tree at (192, 142, 284)
[10:31:28][INFO] Registered tree at (192, 142, 284)
[10:31:28][INFO] Registered tree at (200, 145, 260)
[10:31:28][INFO] Registered tree at (192, 142, 284)
[10:31:28][INFO] Registered tree at (200, 145, 260)
[10:31:28][INFO] Registered tree at (204, 145, 268)
[10:31:28][INFO] Registered tree at (192, 142, 284)
[10:31:28][INFO] Registered tree at (200, 145, 260)
[10:31:28][INFO] Registered tree at (204, 145, 268)
[10:31:28][INFO] Registered tree at (204, 144, 284)
[10:31:28][INFO] Registered tree at (192, 142, 284)
[10:31:28][INFO] Registered tree at (200, 145, 260)
[10:31:28][INFO] Registered tree at (204, 145, 268)
[10:31:28][INFO] Registered tree at (204, 144, 284)
[10:31:28][INFO] Registered tree at (212, 145, 264)
[10:31:28][INFO] Registered tree at (192, 142, 284)
[10:31:28][INFO] Registered tree at (200, 145, 260)
[10:31:28][INFO] Registered tree at (204, 145, 268)
[10:31:28][INFO] Registered tree at (204, 144, 284)
[10:31:28][INFO] Registered tree at (212, 145, 264)
[10:31:28][INFO] Registered tree at (216, 146, 260)
[10:31:28][INFO] Registered tree at (268, 142, 216)
[10:31:28][INFO] Registered tree at (292, 141, 120)
[10:31:28][INFO] Registered tree at (292, 141, 120)
[10:31:28][INFO] Registered tree at (296, 140, 116)
[10:31:28][INFO] Registered tree at (292, 141, 120)
[10:31:28][INFO] Registered tree at (296, 140, 116)
[10:31:28][INFO] Registered tree at (316, 148, 96)
[10:31:28][INFO] Registered tree at (356, 152, 180)
[10:31:28][INFO] Registered tree at (356, 152, 180)
[10:31:28][INFO] Registered tree at (372, 153, 160)
[10:31:28][INFO] Registered tree at (292, 140, 164)
[10:31:28][INFO] Registered tree at (292, 140, 164)
[10:31:28][INFO] Registered tree at (300, 141, 164)
[10:31:28][INFO] Registered tree at (292, 140, 164)
[10:31:28][INFO] Registered tree at (300, 141, 164)
[10:31:28][INFO] Registered tree at (308, 144, 164)
[10:31:28][INFO] Registered tree at (292, 140, 164)
[10:31:28][INFO] Registered tree at (300, 141, 164)
[10:31:28][INFO] Registered tree at (308, 144, 164)
[10:31:28][INFO] Registered tree at (308, 143, 168)
[10:31:28][INFO] Registered tree at (292, 140, 164)
[10:31:28][INFO] Registered tree at (300, 141, 164)
[10:31:28][INFO] Registered tree at (308, 144, 164)
[10:31:28][INFO] Registered tree at (308, 143, 168)
[10:31:28][INFO] Registered tree at (316, 144, 176)
[10:31:28][INFO] Registered tree at (260, 144, 4)
[10:31:28][INFO] Registered tree at (260, 144, 4)
[10:31:28][INFO] Registered tree at (260, 148, 20)
[10:31:28][INFO] Registered tree at (260, 144, 4)
[10:31:28][INFO] Registered tree at (260, 148, 20)
[10:31:28][INFO] Registered tree at (276, 151, 28)
[10:31:28][INFO] Registered tree at (260, 144, 4)
[10:31:28][INFO] Registered tree at (260, 148, 20)
[10:31:28][INFO] Registered tree at (276, 151, 28)
[10:31:28][INFO] Registered tree at (284, 148, 4)
[10:31:28][INFO] Registered tree at (260, 144, 4)
[10:31:28][INFO] Registered tree at (260, 148, 20)
[10:31:28][INFO] Registered tree at (276, 151, 28)
[10:31:28][INFO] Registered tree at (284, 148, 4)
[10:31:28][INFO] Registered tree at (284, 152, 16)
[10:31:28][INFO] Registered tree at (292, 140, 164)
[10:31:28][INFO] Registered tree at (292, 140, 164)
[10:31:28][INFO] Registered tree at (300, 141, 164)
[10:31:28][INFO] Registered tree at (292, 140, 164)
[10:31:28][INFO] Registered tree at (300, 141, 164)
[10:31:28][INFO] Registered tree at (308, 144, 164)
[10:31:28][INFO] Registered tree at (292, 140, 164)
[10:31:28][INFO] Registered tree at (300, 141, 164)
[10:31:28][INFO] Registered tree at (308, 144, 164)
[10:31:28][INFO] Registered tree at (308, 143, 168)
[10:31:28][INFO] Registered tree at (292, 140, 164)
[10:31:28][INFO] Registered tree at (300, 141, 164)
[10:31:28][INFO] Registered tree at (308, 144, 164)
[10:31:28][INFO] Registered tree at (308, 143, 168)
[10:31:28][INFO] Registered tree at (316, 144, 176)
[10:31:28][INFO] Registered tree at (356, 152, 180)
[10:31:28][INFO] Registered tree at (356, 152, 180)
[10:31:28][INFO] Registered tree at (372, 153, 160)
[10:31:28][INFO] Registered tree at (260, 149, 284)
[10:31:28][INFO] Registered tree at (260, 149, 284)
[10:31:28][INFO] Registered tree at (264, 150, 284)
[10:31:28][INFO] Registered tree at (260, 149, 284)
[10:31:28][INFO] Registered tree at (264, 150, 284)
[10:31:28][INFO] Registered tree at (276, 149, 284)
[10:31:28][INFO] Registered tree at (260, 149, 284)
[10:31:28][INFO] Registered tree at (264, 150, 284)
[10:31:28][INFO] Registered tree at (276, 149, 284)
[10:31:28][INFO] Registered tree at (280, 142, 272)
[10:31:28][INFO] Registered tree at (196, 146, 20)
[10:31:28][INFO] Registered tree at (196, 146, 20)
[10:31:28][INFO] Registered tree at (200, 150, 4)
[10:31:28][INFO] Registered tree at (368, 151, 108)
[10:31:28][INFO] Registered tree at (368, 151, 108)
[10:31:28][INFO] Registered tree at (372, 147, 120)
[10:31:28][INFO] Registered tree at (368, 151, 108)
[10:31:28][INFO] Registered tree at (372, 147, 120)
[10:31:28][INFO] Registered tree at (376, 146, 120)
[10:31:28][INFO] Registered tree at (368, 151, 108)
[10:31:28][INFO] Registered tree at (372, 147, 120)
[10:31:28][INFO] Registered tree at (376, 146, 120)
[10:31:28][INFO] Registered tree at (380, 145, 108)
[10:31:28][INFO] Registered tree at (260, 144, 4)
[10:31:28][INFO] Registered tree at (260, 144, 4)
[10:31:28][INFO] Registered tree at (260, 148, 20)
[10:31:28][INFO] Registered tree at (260, 144, 4)
[10:31:28][INFO] Registered tree at (260, 148, 20)
[10:31:28][INFO] Registered tree at (276, 151, 28)
[10:31:28][INFO] Registered tree at (260, 144, 4)
[10:31:28][INFO] Registered tree at (260, 148, 20)
[10:31:28][INFO] Registered tree at (276, 151, 28)
[10:31:28][INFO] Registered tree at (284, 148, 4)
[10:31:28][INFO] Registered tree at (260, 144, 4)
[10:31:28][INFO] Registered tree at (260, 148, 20)
[10:31:28][INFO] Registered tree at (276, 151, 28)
[10:31:28][INFO] Registered tree at (284, 148, 4)
[10:31:28][INFO] Registered tree at (284, 152, 16)
[10:31:28][INFO] Registered tree at (268, 142, 216)
[10:31:28][INFO] Registered tree at (292, 141, 120)
[10:31:28][INFO] Registered tree at (292, 141, 120)
[10:31:28][INFO] Registered tree at (296, 140, 116)
[10:31:28][INFO] Registered tree at (292, 141, 120)
[10:31:28][INFO] Registered tree at (296, 140, 116)
[10:31:28][INFO] Registered tree at (316, 148, 96)
[10:31:28][INFO] Registered tree at (260, 153, 76)
[10:31:28][INFO] Registered tree at (260, 153, 76)
[10:31:28][INFO] Registered tree at (260, 154, 84)
[10:31:28][INFO] Registered tree at (260, 153, 76)
[10:31:28][INFO] Registered tree at (260, 154, 84)
[10:31:28][INFO] Registered tree at (268, 151, 64)
[10:31:28][INFO] Registered tree at (260, 153, 76)
[10:31:28][INFO] Registered tree at (260, 154, 84)
[10:31:28][INFO] Registered tree at (268, 151, 64)
[10:31:28][INFO] Registered tree at (276, 153, 76)
[10:31:28][INFO] Registered tree at (260, 153, 76)
[10:31:28][INFO] Registered tree at (260, 154, 84)
[10:31:28][INFO] Registered tree at (268, 151, 64)
[10:31:28][INFO] Registered tree at (276, 153, 76)
[10:31:28][INFO] Registered tree at (276, 153, 80)
[10:31:28][INFO] Registered tree at (260, 153, 76)
[10:31:28][INFO] Registered tree at (260, 154, 84)
[10:31:28][INFO] Registered tree at (268, 151, 64)
[10:31:28][INFO] Registered tree at (276, 153, 76)
[10:31:28][INFO] Registered tree at (276, 153, 80)
[10:31:28][INFO] Registered tree at (284, 152, 76)
[10:31:28][INFO] Registered tree at (192, 142, 284)
[10:31:28][INFO] Registered tree at (192, 142, 284)
[10:31:28][INFO] Registered tree at (200, 145, 260)
[10:31:28][INFO] Registered tree at (192, 142, 284)
[10:31:28][INFO] Registered tree at (200, 145, 260)
[10:31:28][INFO] Registered tree at (204, 145, 268)
[10:31:28][INFO] Registered tree at (192, 142, 284)
[10:31:28][INFO] Registered tree at (200, 145, 260)
[10:31:28][INFO] Registered tree at (204, 145, 268)
[10:31:28][INFO] Registered tree at (204, 144, 284)
[10:31:28][INFO] Registered tree at (192, 142, 284)
[10:31:28][INFO] Registered tree at (200, 145, 260)
[10:31:28][INFO] Registered tree at (204, 145, 268)
[10:31:28][INFO] Registered tree at (204, 144, 284)
[10:31:28][INFO] Registered tree at (212, 145, 264)
[10:31:28][INFO] Registered tree at (192, 142, 284)
[10:31:28][INFO] Registered tree at (200, 145, 260)
[10:31:28][INFO] Registered tree at (204, 145, 268)
[10:31:28][INFO] Registered tree at (204, 144, 284)
[10:31:28][INFO] Registered tree at (212, 145, 264)
[10:31:28][INFO] Registered tree at (216, 146, 260)
[10:31:28][INFO] Registered tree at (180, 140, 188)
[10:31:28][INFO] Registered tree at (172, 146, 100)
[10:31:28][INFO] Registered tree at (172, 146, 100)
[10:31:28][INFO] Registered tree at (180, 140, 108)
[10:31:28][INFO] Registered tree at (172, 146, 100)
[10:31:28][INFO] Registered tree at (180, 140, 108)
[10:31:28][INFO] Registered tree at (180, 142, 124)
[10:31:28][INFO] Registered tree at (172, 146, 100)
[10:31:28][INFO] Registered tree at (180, 140, 108)
[10:31:28][INFO] Registered tree at (180, 142, 124)
[10:31:28][INFO] Registered tree at (184, 141, 96)
[10:31:28][INFO] Registered tree at (180, 140, 188)
[10:31:28][INFO] Registered tree at (172, 146, 100)
[10:31:28][INFO] Registered tree at (172, 146, 100)
[10:31:28][INFO] Registered tree at (180, 140, 108)
[10:31:28][INFO] Registered tree at (172, 146, 100)
[10:31:28][INFO] Registered tree at (180, 140, 108)
[10:31:28][INFO] Registered tree at (180, 142, 124)
[10:31:28][INFO] Registered tree at (172, 146, 100)
[10:31:28][INFO] Registered tree at (180, 140, 108)
[10:31:28][INFO] Registered tree at (180, 142, 124)
[10:31:28][INFO] Registered tree at (184, 141, 96)
[10:31:28][INFO] Registered tree at (196, 146, 20)
[10:31:28][INFO] Registered tree at (196, 146, 20)
[10:31:28][INFO] Registered tree at (200, 150, 4)
[10:31:28][INFO] Registered tree at (100, 147, 100)
[10:31:28][INFO] Registered tree at (100, 147, 100)
[10:31:28][INFO] Registered tree at (100, 145, 116)
[10:31:28][INFO] Registered tree at (100, 147, 100)
[10:31:28][INFO] Registered tree at (100, 145, 116)
[10:31:28][INFO] Registered tree at (116, 152, 124)
[10:31:28][INFO] Registered tree at (100, 147, 100)
[10:31:28][INFO] Registered tree at (100, 145, 116)
[10:31:28][INFO] Registered tree at (116, 152, 124)
[10:31:28][INFO] Registered tree at (124, 153, 100)
[10:31:28][INFO] Registered tree at (100, 147, 100)
[10:31:28][INFO] Registered tree at (100, 147, 100)
[10:31:28][INFO] Registered tree at (100, 145, 116)
[10:31:28][INFO] Registered tree at (100, 147, 100)
[10:31:28][INFO] Registered tree at (100, 145, 116)
[10:31:28][INFO] Registered tree at (116, 152, 124)
[10:31:28][INFO] Registered tree at (100, 147, 100)
[10:31:28][INFO] Registered tree at (100, 145, 116)
[10:31:28][INFO] Registered tree at (116, 152, 124)
[10:31:28][INFO] Registered tree at (124, 153, 100)
[10:31:28][INFO] Registered tree at (140, 139, 236)
[10:31:28][INFO] Registered tree at (140, 139, 236)
[10:31:28][INFO] Registered tree at (148, 139, 232)
[10:31:28][INFO] Registered tree at (320, 151, 60)
[10:31:28][INFO] Registered tree at (320, 151, 60)
[10:31:28][INFO] Registered tree at (324, 151, 32)
[10:31:28][INFO] Registered tree at (320, 151, 60)
[10:31:28][INFO] Registered tree at (324, 151, 32)
[10:31:28][INFO] Registered tree at (324, 150, 44)
[10:31:28][INFO] Registered tree at (320, 151, 60)
[10:31:28][INFO] Registered tree at (324, 151, 32)
[10:31:28][INFO] Registered tree at (324, 150, 44)
[10:31:28][INFO] Registered tree at (332, 148, 44)
[10:31:28][INFO] Registered tree at (320, 151, 60)
[10:31:28][INFO] Registered tree at (324, 151, 32)
[10:31:28][INFO] Registered tree at (324, 150, 44)
[10:31:28][INFO] Registered tree at (332, 148, 44)
[10:31:28][INFO] Registered tree at (336, 151, 56)
[10:31:28][INFO] Registered tree at (320, 151, 60)
[10:31:28][INFO] Registered tree at (324, 151, 32)
[10:31:28][INFO] Registered tree at (324, 150, 44)
[10:31:28][INFO] Registered tree at (332, 148, 44)
[10:31:28][INFO] Registered tree at (336, 151, 56)
[10:31:28][INFO] Registered tree at (340, 148, 40)
[10:31:28][INFO] Registered tree at (320, 151, 60)
[10:31:28][INFO] Registered tree at (324, 151, 32)
[10:31:28][INFO] Registered tree at (324, 150, 44)
[10:31:28][INFO] Registered tree at (332, 148, 44)
[10:31:28][INFO] Registered tree at (336, 151, 56)
[10:31:28][INFO] Registered tree at (340, 148, 40)
[10:31:28][INFO] Registered tree at (340, 150, 52)
[10:31:28][INFO] Registered tree at (320, 142, 236)
[10:31:28][INFO] Registered tree at (320, 142, 236)
[10:31:28][INFO] Registered tree at (332, 141, 248)
[10:31:28][INFO] Registered tree at (320, 142, 236)
[10:31:28][INFO] Registered tree at (332, 141, 248)
[10:31:28][INFO] Registered tree at (340, 143, 236)
[10:31:28][INFO] Registered tree at (320, 142, 236)
[10:31:28][INFO] Registered tree at (332, 141, 248)
[10:31:28][INFO] Registered tree at (340, 143, 236)
[10:31:28][INFO] Registered tree at (340, 143, 244)
[10:31:28][INFO] Registered tree at (320, 142, 236)
[10:31:28][INFO] Registered tree at (332, 141, 248)
[10:31:28][INFO] Registered tree at (340, 143, 236)
[10:31:28][INFO] Registered tree at (340, 143, 244)
[10:31:28][INFO] Registered tree at (348, 145, 236)
[10:31:28][INFO] Registered tree at (140, 139, 236)
[10:31:28][INFO] Registered tree at (140, 139, 236)
[10:31:28][INFO] Registered tree at (148, 139, 232)
[10:31:28][INFO] Registered tree at (136, 149, 52)
[10:31:28][INFO] Registered tree at (136, 149, 52)
[10:31:28][INFO] Registered tree at (140, 149, 44)
[10:31:28][INFO] Registered tree at (136, 149, 52)
[10:31:28][INFO] Registered tree at (140, 149, 44)
[10:31:28][INFO] Registered tree at (140, 152, 60)
[10:31:28][INFO] Registered tree at (136, 149, 52)
[10:31:28][INFO] Registered tree at (140, 149, 44)
[10:31:28][INFO] Registered tree at (140, 152, 60)
[10:31:28][INFO] Registered tree at (152, 144, 36)
[10:31:28][INFO] Registered tree at (136, 149, 52)
[10:31:28][INFO] Registered tree at (136, 149, 52)
[10:31:28][INFO] Registered tree at (140, 149, 44)
[10:31:28][INFO] Registered tree at (136, 149, 52)
[10:31:28][INFO] Registered tree at (140, 149, 44)
[10:31:28][INFO] Registered tree at (140, 152, 60)
[10:31:28][INFO] Registered tree at (136, 149, 52)
[10:31:28][INFO] Registered tree at (140, 149, 44)
[10:31:28][INFO] Registered tree at (140, 152, 60)
[10:31:28][INFO] Registered tree at (152, 144, 36)
[10:31:28][INFO] Registered tree at (320, 151, 60)
[10:31:28][INFO] Registered tree at (320, 151, 60)
[10:31:28][INFO] Registered tree at (324, 151, 32)
[10:31:28][INFO] Registered tree at (320, 151, 60)
[10:31:28][INFO] Registered tree at (324, 151, 32)
[10:31:28][INFO] Registered tree at (324, 150, 44)
[10:31:28][INFO] Registered tree at (320, 151, 60)
[10:31:28][INFO] Registered tree at (324, 151, 32)
[10:31:28][INFO] Registered tree at (324, 150, 44)
[10:31:28][INFO] Registered tree at (332, 148, 44)
[10:31:28][INFO] Registered tree at (320, 151, 60)
[10:31:28][INFO] Registered tree at (324, 151, 32)
[10:31:28][INFO] Registered tree at (324, 150, 44)
[10:31:28][INFO] Registered tree at (332, 148, 44)
[10:31:28][INFO] Registered tree at (336, 151, 56)
[10:31:28][INFO] Registered tree at (320, 151, 60)
[10:31:28][INFO] Registered tree at (324, 151, 32)
[10:31:28][INFO] Registered tree at (324, 150, 44)
[10:31:28][INFO] Registered tree at (332, 148, 44)
[10:31:28][INFO] Registered tree at (336, 151, 56)
[10:31:28][INFO] Registered tree at (340, 148, 40)
[10:31:28][INFO] Registered tree at (320, 151, 60)
[10:31:28][INFO] Registered tree at (324, 151, 32)
[10:31:28][INFO] Registered tree at (324, 150, 44)
[10:31:28][INFO] Registered tree at (332, 148, 44)
[10:31:28][INFO] Registered tree at (336, 151, 56)
[10:31:28][INFO] Registered tree at (340, 148, 40)
[10:31:28][INFO] Registered tree at (340, 150, 52)
[10:31:28][INFO] Registered tree at (320, 142, 236)
[10:31:28][INFO] Registered tree at (320, 142, 236)
[10:31:28][INFO] Registered tree at (332, 141, 248)
[10:31:28][INFO] Registered tree at (320, 142, 236)
[10:31:28][INFO] Registered tree at (332, 141, 248)
[10:31:28][INFO] Registered tree at (340, 143, 236)
[10:31:28][INFO] Registered tree at (320, 142, 236)
[10:31:28][INFO] Registered tree at (332, 141, 248)
[10:31:28][INFO] Registered tree at (340, 143, 236)
[10:31:28][INFO] Registered tree at (340, 143, 244)
[10:31:28][INFO] Registered tree at (320, 142, 236)
[10:31:28][INFO] Registered tree at (332, 141, 248)
[10:31:28][INFO] Registered tree at (340, 143, 236)
[10:31:28][INFO] Registered tree at (340, 143, 244)
[10:31:28][INFO] Registered tree at (348, 145, 236)
[10:31:28][INFO] Registered tree at (168, 140, 256)
[10:31:28][INFO] Registered tree at (168, 140, 256)
[10:31:28][INFO] Registered tree at (180, 142, 284)
[10:31:28][INFO] Registered tree at (168, 140, 256)
[10:31:28][INFO] Registered tree at (180, 142, 284)
[10:31:28][INFO] Registered tree at (184, 143, 260)
[10:31:28][INFO] Registered tree at (292, 151, 68)
[10:31:28][INFO] Registered tree at (292, 151, 68)
[10:31:28][INFO] Registered tree at (292, 150, 76)
[10:31:28][INFO] Registered tree at (292, 151, 68)
[10:31:28][INFO] Registered tree at (292, 150, 76)
[10:31:28][INFO] Registered tree at (292, 145, 88)
[10:31:28][INFO] Registered tree at (292, 151, 68)
[10:31:28][INFO] Registered tree at (292, 150, 76)
[10:31:28][INFO] Registered tree at (292, 145, 88)
[10:31:28][INFO] Registered tree at (300, 149, 76)
[10:31:28][INFO] Registered tree at (164, 142, 64)
[10:31:28][INFO] Registered tree at (164, 142, 64)
[10:31:28][INFO] Registered tree at (172, 137, 76)
[10:31:28][INFO] Registered tree at (164, 142, 64)
[10:31:28][INFO] Registered tree at (172, 137, 76)
[10:31:28][INFO] Registered tree at (180, 135, 76)
[10:31:28][INFO] Registered tree at (164, 142, 64)
[10:31:28][INFO] Registered tree at (172, 137, 76)
[10:31:28][INFO] Registered tree at (180, 135, 76)
[10:31:28][INFO] Registered tree at (188, 137, 68)
[10:31:28][INFO] Registered tree at (352, 147, 64)
[10:31:28][INFO] Registered tree at (352, 147, 64)
[10:31:28][INFO] Registered tree at (352, 148, 84)
[10:31:28][INFO] Registered tree at (164, 139, 200)
[10:31:28][INFO] Registered tree at (164, 139, 200)
[10:31:28][INFO] Registered tree at (172, 137, 216)
[10:31:29][INFO] Registered tree at (288, 138, 272)
[10:31:29][INFO] Registered tree at (288, 138, 272)
[10:31:29][INFO] Registered tree at (308, 135, 256)
[10:31:29][INFO] Registered tree at (164, 144, 16)
[10:31:29][INFO] Registered tree at (164, 144, 16)
[10:31:29][INFO] Registered tree at (168, 148, 0)
[10:31:29][INFO] Registered tree at (164, 144, 16)
[10:31:29][INFO] Registered tree at (168, 148, 0)
[10:31:29][INFO] Registered tree at (176, 148, 4)
[10:31:29][INFO] Registered tree at (164, 144, 16)
[10:31:29][INFO] Registered tree at (168, 148, 0)
[10:31:29][INFO] Registered tree at (176, 148, 4)
[10:31:29][INFO] Registered tree at (184, 143, 20)
[10:31:29][INFO] Registered tree at (292, 151, 68)
[10:31:29][INFO] Registered tree at (292, 151, 68)
[10:31:29][INFO] Registered tree at (292, 150, 76)
[10:31:29][INFO] Registered tree at (292, 151, 68)
[10:31:29][INFO] Registered tree at (292, 150, 76)
[10:31:29][INFO] Registered tree at (292, 145, 88)
[10:31:29][INFO] Registered tree at (292, 151, 68)
[10:31:29][INFO] Registered tree at (292, 150, 76)
[10:31:29][INFO] Registered tree at (292, 145, 88)
[10:31:29][INFO] Registered tree at (300, 149, 76)
[10:31:29][INFO] Registered tree at (164, 144, 16)
[10:31:29][INFO] Registered tree at (164, 144, 16)
[10:31:29][INFO] Registered tree at (168, 148, 0)
[10:31:29][INFO] Registered tree at (164, 144, 16)
[10:31:29][INFO] Registered tree at (168, 148, 0)
[10:31:29][INFO] Registered tree at (176, 148, 4)
[10:31:29][INFO] Registered tree at (164, 144, 16)
[10:31:29][INFO] Registered tree at (168, 148, 0)
[10:31:29][INFO] Registered tree at (176, 148, 4)
[10:31:29][INFO] Registered tree at (184, 143, 20)
[10:31:29][INFO] Registered tree at (168, 140, 256)
[10:31:29][INFO] Registered tree at (168, 140, 256)
[10:31:29][INFO] Registered tree at (180, 142, 284)
[10:31:29][INFO] Registered tree at (168, 140, 256)
[10:31:29][INFO] Registered tree at (180, 142, 284)
[10:31:29][INFO] Registered tree at (184, 143, 260)
[10:31:29][INFO] Registered tree at (288, 149, 4)
[10:31:29][INFO] Registered tree at (288, 149, 4)
[10:31:29][INFO] Registered tree at (288, 153, 28)
[10:31:29][INFO] Registered tree at (288, 149, 4)
[10:31:29][INFO] Registered tree at (288, 153, 28)
[10:31:29][INFO] Registered tree at (292, 149, 8)
[10:31:29][INFO] Registered tree at (288, 149, 4)
[10:31:29][INFO] Registered tree at (288, 153, 28)
[10:31:29][INFO] Registered tree at (292, 149, 8)
[10:31:29][INFO] Registered tree at (300, 150, 28)
[10:31:29][INFO] Registered tree at (288, 149, 4)
[10:31:29][INFO] Registered tree at (288, 153, 28)
[10:31:29][INFO] Registered tree at (292, 149, 8)
[10:31:29][INFO] Registered tree at (300, 150, 28)
[10:31:29][INFO] Registered tree at (304, 146, 16)
[10:31:29][INFO] Registered tree at (292, 141, 208)
[10:31:29][INFO] Registered tree at (292, 141, 208)
[10:31:29][INFO] Registered tree at (296, 139, 220)
[10:31:29][INFO] Registered tree at (292, 141, 208)
[10:31:29][INFO] Registered tree at (296, 139, 220)
[10:31:29][INFO] Registered tree at (300, 144, 208)
[10:31:29][INFO] Registered tree at (292, 141, 208)
[10:31:29][INFO] Registered tree at (296, 139, 220)
[10:31:29][INFO] Registered tree at (300, 144, 208)
[10:31:29][INFO] Registered tree at (304, 142, 200)
[10:31:29][INFO] Registered tree at (292, 141, 208)
[10:31:29][INFO] Registered tree at (296, 139, 220)
[10:31:29][INFO] Registered tree at (300, 144, 208)
[10:31:29][INFO] Registered tree at (304, 142, 200)
[10:31:29][INFO] Registered tree at (308, 143, 220)
[10:31:29][INFO] Registered tree at (292, 141, 208)
[10:31:29][INFO] Registered tree at (296, 139, 220)
[10:31:29][INFO] Registered tree at (300, 144, 208)
[10:31:29][INFO] Registered tree at (304, 142, 200)
[10:31:29][INFO] Registered tree at (308, 143, 220)
[10:31:29][INFO] Registered tree at (316, 143, 212)
[10:31:29][INFO] Registered tree at (164, 142, 64)
[10:31:29][INFO] Registered tree at (164, 142, 64)
[10:31:29][INFO] Registered tree at (172, 137, 76)
[10:31:29][INFO] Registered tree at (164, 142, 64)
[10:31:29][INFO] Registered tree at (172, 137, 76)
[10:31:29][INFO] Registered tree at (180, 135, 76)
[10:31:29][INFO] Registered tree at (164, 142, 64)
[10:31:29][INFO] Registered tree at (172, 137, 76)
[10:31:29][INFO] Registered tree at (180, 135, 76)
[10:31:29][INFO] Registered tree at (188, 137, 68)
[10:31:29][INFO] Registered tree at (164, 139, 200)
[10:31:29][INFO] Registered tree at (164, 139, 200)
[10:31:29][INFO] Registered tree at (172, 137, 216)
[10:31:29][INFO] Registered tree at (100, 144, 204)
[10:31:29][INFO] Registered tree at (100, 144, 204)
[10:31:29][INFO] Registered tree at (104, 144, 204)
[10:31:29][INFO] Registered tree at (100, 144, 204)
[10:31:29][INFO] Registered tree at (104, 144, 204)
[10:31:29][INFO] Registered tree at (108, 143, 196)
[10:31:29][INFO] Registered tree at (100, 144, 204)
[10:31:29][INFO] Registered tree at (104, 144, 204)
[10:31:29][INFO] Registered tree at (108, 143, 196)
[10:31:29][INFO] Registered tree at (112, 144, 216)
[10:31:29][INFO] Registered tree at (100, 144, 204)
[10:31:29][INFO] Registered tree at (104, 144, 204)
[10:31:29][INFO] Registered tree at (108, 143, 196)
[10:31:29][INFO] Registered tree at (112, 144, 216)
[10:31:29][INFO] Registered tree at (124, 143, 192)
[10:31:29][INFO] Registered tree at (104, 143, 76)
[10:31:29][INFO] Registered tree at (104, 143, 76)
[10:31:29][INFO] Registered tree at (104, 145, 80)
[10:31:29][INFO] Registered tree at (288, 138, 272)
[10:31:29][INFO] Registered tree at (288, 138, 272)
[10:31:29][INFO] Registered tree at (308, 135, 256)
[10:31:29][INFO] Registered tree at (356, 148, 204)
[10:31:29][INFO] Registered tree at (356, 148, 204)
[10:31:29][INFO] Registered tree at (368, 150, 192)
[10:31:29][INFO] Registered tree at (356, 148, 204)
[10:31:29][INFO] Registered tree at (368, 150, 192)
[10:31:29][INFO] Registered tree at (368, 143, 212)
[10:31:29][INFO] Registered tree at (356, 148, 204)
[10:31:29][INFO] Registered tree at (368, 150, 192)
[10:31:29][INFO] Registered tree at (368, 143, 212)
[10:31:29][INFO] Registered tree at (380, 145, 196)
[10:31:29][INFO] Registered tree at (104, 143, 76)
[10:31:29][INFO] Registered tree at (104, 143, 76)
[10:31:29][INFO] Registered tree at (104, 145, 80)
[10:31:29][INFO] Registered tree at (292, 141, 208)
[10:31:29][INFO] Registered tree at (292, 141, 208)
[10:31:29][INFO] Registered tree at (296, 139, 220)
[10:31:29][INFO] Registered tree at (292, 141, 208)
[10:31:29][INFO] Registered tree at (296, 139, 220)
[10:31:29][INFO] Registered tree at (300, 144, 208)
[10:31:29][INFO] Registered tree at (292, 141, 208)
[10:31:29][INFO] Registered tree at (296, 139, 220)
[10:31:29][INFO] Registered tree at (300, 144, 208)
[10:31:29][INFO] Registered tree at (304, 142, 200)
[10:31:29][INFO] Registered tree at (292, 141, 208)
[10:31:29][INFO] Registered tree at (296, 139, 220)
[10:31:29][INFO] Registered tree at (300, 144, 208)
[10:31:29][INFO] Registered tree at (304, 142, 200)
[10:31:29][INFO] Registered tree at (308, 143, 220)
[10:31:29][INFO] Registered tree at (292, 141, 208)
[10:31:29][INFO] Registered tree at (296, 139, 220)
[10:31:29][INFO] Registered tree at (300, 144, 208)
[10:31:29][INFO] Registered tree at (304, 142, 200)
[10:31:29][INFO] Registered tree at (308, 143, 220)
[10:31:29][INFO] Registered tree at (316, 143, 212)
[10:31:29][INFO] Registered tree at (356, 148, 204)
[10:31:29][INFO] Registered tree at (356, 148, 204)
[10:31:29][INFO] Registered tree at (368, 150, 192)
[10:31:29][INFO] Registered tree at (356, 148, 204)
[10:31:29][INFO] Registered tree at (368, 150, 192)
[10:31:29][INFO] Registered tree at (368, 143, 212)
[10:31:29][INFO] Registered tree at (356, 148, 204)
[10:31:29][INFO] Registered tree at (368, 150, 192)
[10:31:29][INFO] Registered tree at (368, 143, 212)
[10:31:29][INFO] Registered tree at (380, 145, 196)
[10:31:29][INFO] Registered tree at (100, 144, 204)
[10:31:29][INFO] Registered tree at (100, 144, 204)
[10:31:29][INFO] Registered tree at (104, 144, 204)
[10:31:29][INFO] Registered tree at (100, 144, 204)
[10:31:29][INFO] Registered tree at (104, 144, 204)
[10:31:29][INFO] Registered tree at (108, 143, 196)
[10:31:29][INFO] Registered tree at (100, 144, 204)
[10:31:29][INFO] Registered tree at (104, 144, 204)
[10:31:29][INFO] Registered tree at (108, 143, 196)
[10:31:29][INFO] Registered tree at (112, 144, 216)
[10:31:29][INFO] Registered tree at (100, 144, 204)
[10:31:29][INFO] Registered tree at (104, 144, 204)
[10:31:29][INFO] Registered tree at (108, 143, 196)
[10:31:29][INFO] Registered tree at (112, 144, 216)
[10:31:29][INFO] Registered tree at (124, 143, 192)
[10:31:29][INFO] Registered tree at (352, 147, 64)
[10:31:29][INFO] Registered tree at (352, 147, 64)
[10:31:29][INFO] Registered tree at (352, 148, 84)
[10:31:29][INFO] Registered tree at (288, 149, 4)
[10:31:29][INFO] Registered tree at (288, 149, 4)
[10:31:29][INFO] Registered tree at (288, 153, 28)
[10:31:29][INFO] Registered tree at (288, 149, 4)
[10:31:29][INFO] Registered tree at (288, 153, 28)
[10:31:29][INFO] Registered tree at (292, 149, 8)
[10:31:29][INFO] Registered tree at (288, 149, 4)
[10:31:29][INFO] Registered tree at (288, 153, 28)
[10:31:29][INFO] Registered tree at (292, 149, 8)
[10:31:29][INFO] Registered tree at (300, 150, 28)
[10:31:29][INFO] Registered tree at (288, 149, 4)
[10:31:29][INFO] Registered tree at (288, 153, 28)
[10:31:29][INFO] Registered tree at (292, 149, 8)
[10:31:29][INFO] Registered tree at (300, 150, 28)
[10:31:29][INFO] Registered tree at (304, 146, 16)
[10:31:29][INFO] Registered tree at (224, 149, 248)
[10:31:29][INFO] Registered tree at (224, 149, 248)
[10:31:29][INFO] Registered tree at (232, 150, 244)
[10:31:29][INFO] Registered tree at (224, 149, 248)
[10:31:29][INFO] Registered tree at (232, 150, 244)
[10:31:29][INFO] Registered tree at (236, 145, 224)
[10:31:29][INFO] Registered tree at (128, 149, 28)
[10:31:29][INFO] Registered tree at (128, 149, 28)
[10:31:29][INFO] Registered tree at (140, 147, 24)
[10:31:29][INFO] Registered tree at (128, 149, 28)
[10:31:29][INFO] Registered tree at (140, 147, 24)
[10:31:29][INFO] Registered tree at (148, 146, 0)
[10:31:29][INFO] Registered tree at (128, 149, 28)
[10:31:29][INFO] Registered tree at (140, 147, 24)
[10:31:29][INFO] Registered tree at (148, 146, 0)
[10:31:29][INFO] Registered tree at (156, 145, 20)
[10:31:29][INFO] Registered tree at (324, 141, 284)
[10:31:29][INFO] Registered tree at (320, 147, 4)
[10:31:29][INFO] Registered tree at (320, 147, 4)
[10:31:29][INFO] Registered tree at (320, 149, 8)
[10:31:29][INFO] Registered tree at (320, 147, 4)
[10:31:29][INFO] Registered tree at (320, 149, 8)
[10:31:29][INFO] Registered tree at (332, 149, 4)
[10:31:29][INFO] Registered tree at (320, 147, 4)
[10:31:29][INFO] Registered tree at (320, 149, 8)
[10:31:29][INFO] Registered tree at (332, 149, 4)
[10:31:29][INFO] Registered tree at (332, 154, 28)
[10:31:29][INFO] Registered tree at (320, 147, 4)
[10:31:29][INFO] Registered tree at (320, 149, 8)
[10:31:29][INFO] Registered tree at (332, 149, 4)
[10:31:29][INFO] Registered tree at (332, 154, 28)
[10:31:29][INFO] Registered tree at (336, 150, 4)
[10:31:29][INFO] Registered tree at (320, 147, 4)
[10:31:29][INFO] Registered tree at (320, 149, 8)
[10:31:29][INFO] Registered tree at (332, 149, 4)
[10:31:29][INFO] Registered tree at (332, 154, 28)
[10:31:29][INFO] Registered tree at (336, 150, 4)
[10:31:29][INFO] Registered tree at (340, 151, 20)
[10:31:29][INFO] Registered tree at (320, 147, 4)
[10:31:29][INFO] Registered tree at (320, 149, 8)
[10:31:29][INFO] Registered tree at (332, 149, 4)
[10:31:29][INFO] Registered tree at (332, 154, 28)
[10:31:29][INFO] Registered tree at (336, 150, 4)
[10:31:29][INFO] Registered tree at (340, 151, 20)
[10:31:29][INFO] Registered tree at (340, 151, 24)
[10:31:29][INFO] Registered tree at (320, 147, 4)
[10:31:29][INFO] Registered tree at (320, 149, 8)
[10:31:29][INFO] Registered tree at (332, 149, 4)
[10:31:29][INFO] Registered tree at (332, 154, 28)
[10:31:29][INFO] Registered tree at (336, 150, 4)
[10:31:29][INFO] Registered tree at (340, 151, 20)
[10:31:29][INFO] Registered tree at (340, 151, 24)
[10:31:29][INFO] Registered tree at (344, 152, 4)
[10:31:29][INFO] Registered tree at (320, 147, 4)
[10:31:29][INFO] Registered tree at (320, 149, 8)
[10:31:29][INFO] Registered tree at (332, 149, 4)
[10:31:29][INFO] Registered tree at (332, 154, 28)
[10:31:29][INFO] Registered tree at (336, 150, 4)
[10:31:29][INFO] Registered tree at (340, 151, 20)
[10:31:29][INFO] Registered tree at (340, 151, 24)
[10:31:29][INFO] Registered tree at (344, 152, 4)
[10:31:29][INFO] Registered tree at (348, 151, 20)
[10:31:29][INFO] Registered tree at (336, 151, 132)
[10:31:29][INFO] Registered tree at (132, 146, 140)
[10:31:29][INFO] Registered tree at (132, 146, 140)
[10:31:29][INFO] Registered tree at (140, 146, 140)
[10:31:29][INFO] Registered tree at (224, 149, 248)
[10:31:29][INFO] Registered tree at (224, 149, 248)
[10:31:29][INFO] Registered tree at (232, 150, 244)
[10:31:29][INFO] Registered tree at (224, 149, 248)
[10:31:29][INFO] Registered tree at (232, 150, 244)
[10:31:29][INFO] Registered tree at (236, 145, 224)
[10:31:29][INFO] Registered tree at (232, 144, 44)
[10:31:29][INFO] Registered tree at (232, 144, 44)
[10:31:29][INFO] Registered tree at (232, 145, 48)
[10:31:29][INFO] Registered tree at (232, 144, 44)
[10:31:29][INFO] Registered tree at (232, 145, 48)
[10:31:29][INFO] Registered tree at (236, 147, 56)
[10:31:29][INFO] Registered tree at (232, 144, 44)
[10:31:29][INFO] Registered tree at (232, 144, 44)
[10:31:29][INFO] Registered tree at (232, 145, 48)
[10:31:29][INFO] Registered tree at (232, 144, 44)
[10:31:29][INFO] Registered tree at (232, 145, 48)
[10:31:29][INFO] Registered tree at (236, 147, 56)
[10:31:29][INFO] Registered tree at (368, 144, 40)
[10:31:29][INFO] Registered tree at (368, 144, 40)
[10:31:29][INFO] Registered tree at (372, 142, 52)
[10:31:29][INFO] Registered tree at (132, 146, 140)
[10:31:29][INFO] Registered tree at (132, 146, 140)
[10:31:29][INFO] Registered tree at (140, 146, 140)
[10:31:29][INFO] Registered tree at (352, 142, 252)
[10:31:29][INFO] Registered tree at (352, 142, 252)
[10:31:29][INFO] Registered tree at (356, 143, 244)
[10:31:29][INFO] Registered tree at (352, 142, 252)
[10:31:29][INFO] Registered tree at (356, 143, 244)
[10:31:29][INFO] Registered tree at (360, 145, 236)
[10:31:29][INFO] Registered tree at (352, 142, 252)
[10:31:29][INFO] Registered tree at (356, 143, 244)
[10:31:29][INFO] Registered tree at (360, 145, 236)
[10:31:29][INFO] Registered tree at (372, 142, 236)
[10:31:29][INFO] Registered tree at (352, 142, 252)
[10:31:29][INFO] Registered tree at (356, 143, 244)
[10:31:29][INFO] Registered tree at (360, 145, 236)
[10:31:29][INFO] Registered tree at (372, 142, 236)
[10:31:29][INFO] Registered tree at (372, 140, 244)
[10:31:29][INFO] Registered tree at (352, 142, 252)
[10:31:29][INFO] Registered tree at (356, 143, 244)
[10:31:29][INFO] Registered tree at (360, 145, 236)
[10:31:29][INFO] Registered tree at (372, 142, 236)
[10:31:29][INFO] Registered tree at (372, 140, 244)
[10:31:29][INFO] Registered tree at (376, 141, 232)
[10:31:29][INFO] Registered tree at (132, 147, 260)
[10:31:29][INFO] Registered tree at (132, 147, 260)
[10:31:29][INFO] Registered tree at (132, 144, 284)
[10:31:29][INFO] Registered tree at (132, 147, 260)
[10:31:29][INFO] Registered tree at (132, 144, 284)
[10:31:29][INFO] Registered tree at (140, 146, 268)
[10:31:29][INFO] Registered tree at (132, 147, 260)
[10:31:29][INFO] Registered tree at (132, 144, 284)
[10:31:29][INFO] Registered tree at (140, 146, 268)
[10:31:29][INFO] Registered tree at (148, 141, 256)
[10:31:29][INFO] Registered tree at (132, 147, 260)
[10:31:29][INFO] Registered tree at (132, 144, 284)
[10:31:29][INFO] Registered tree at (140, 146, 268)
[10:31:29][INFO] Registered tree at (148, 141, 256)
[10:31:29][INFO] Registered tree at (148, 145, 276)
[10:31:29][INFO] Registered tree at (132, 147, 260)
[10:31:29][INFO] Registered tree at (132, 144, 284)
[10:31:29][INFO] Registered tree at (140, 146, 268)
[10:31:29][INFO] Registered tree at (148, 141, 256)
[10:31:29][INFO] Registered tree at (148, 145, 276)
[10:31:29][INFO] Registered tree at (156, 143, 260)
[10:31:29][INFO] Registered tree at (100, 139, 36)
[10:31:29][INFO] Registered tree at (100, 139, 36)
[10:31:29][INFO] Registered tree at (108, 143, 48)
[10:31:29][INFO] Registered tree at (336, 151, 132)
[10:31:29][INFO] Registered tree at (104, 146, 228)
[10:31:29][INFO] Registered tree at (104, 146, 228)
[10:31:29][INFO] Registered tree at (104, 152, 252)
[10:31:29][INFO] Registered tree at (104, 146, 228)
[10:31:29][INFO] Registered tree at (104, 152, 252)
[10:31:29][INFO] Registered tree at (112, 145, 240)
[10:31:29][INFO] Registered tree at (104, 146, 228)
[10:31:29][INFO] Registered tree at (104, 152, 252)
[10:31:29][INFO] Registered tree at (112, 145, 240)
[10:31:29][INFO] Registered tree at (116, 151, 252)
[10:31:29][INFO] Registered tree at (256, 155, 40)
[10:31:29][INFO] Registered tree at (256, 155, 40)
[10:31:29][INFO] Registered tree at (268, 154, 52)
[10:31:29][INFO] Registered tree at (256, 155, 40)
[10:31:29][INFO] Registered tree at (268, 154, 52)
[10:31:29][INFO] Registered tree at (284, 154, 32)
[10:31:29][INFO] Registered tree at (320, 149, 120)
[10:31:29][INFO] Registered tree at (320, 149, 120)
[10:31:29][INFO] Registered tree at (332, 151, 116)
[10:31:29][INFO] Registered tree at (320, 149, 120)
[10:31:29][INFO] Registered tree at (332, 151, 116)
[10:31:29][INFO] Registered tree at (340, 151, 100)
[10:31:29][INFO] Registered tree at (208, 149, 232)
[10:31:29][INFO] Registered tree at (208, 149, 232)
[10:31:29][INFO] Registered tree at (208, 147, 252)
[10:31:29][INFO] Registered tree at (208, 149, 232)
[10:31:29][INFO] Registered tree at (208, 147, 252)
[10:31:29][INFO] Registered tree at (220, 149, 228)
[10:31:29][INFO] Registered tree at (332, 145, 180)
[10:31:29][INFO] Registered tree at (332, 145, 180)
[10:31:29][INFO] Registered tree at (340, 147, 164)
[10:31:29][INFO] Registered tree at (332, 145, 180)
[10:31:29][INFO] Registered tree at (340, 147, 164)
[10:31:29][INFO] Registered tree at (340, 148, 168)
[10:31:29][INFO] Registered tree at (332, 145, 180)
[10:31:29][INFO] Registered tree at (340, 147, 164)
[10:31:29][INFO] Registered tree at (340, 148, 168)
[10:31:29][INFO] Registered tree at (348, 150, 180)
[10:31:29][INFO] Registered tree at (196, 141, 52)
[10:31:29][INFO] Registered tree at (196, 141, 52)
[10:31:29][INFO] Registered tree at (196, 142, 56)
[10:31:29][INFO] Registered tree at (196, 141, 52)
[10:31:29][INFO] Registered tree at (196, 142, 56)
[10:31:29][INFO] Registered tree at (208, 144, 36)
[10:31:29][INFO] Registered tree at (320, 149, 120)
[10:31:29][INFO] Registered tree at (320, 149, 120)
[10:31:29][INFO] Registered tree at (332, 151, 116)
[10:31:29][INFO] Registered tree at (320, 149, 120)
[10:31:29][INFO] Registered tree at (332, 151, 116)
[10:31:29][INFO] Registered tree at (340, 151, 100)
[10:31:29][INFO] Registered tree at (260, 141, 236)
[10:31:29][INFO] Registered tree at (260, 141, 236)
[10:31:29][INFO] Registered tree at (264, 143, 224)
[10:31:29][INFO] Registered tree at (256, 155, 40)
[10:31:29][INFO] Registered tree at (256, 155, 40)
[10:31:29][INFO] Registered tree at (268, 154, 52)
[10:31:29][INFO] Registered tree at (256, 155, 40)
[10:31:29][INFO] Registered tree at (268, 154, 52)
[10:31:29][INFO] Registered tree at (284, 154, 32)
[10:31:29][INFO] Registered tree at (196, 141, 52)
[10:31:29][INFO] Registered tree at (196, 141, 52)
[10:31:29][INFO] Registered tree at (196, 142, 56)
[10:31:29][INFO] Registered tree at (196, 141, 52)
[10:31:29][INFO] Registered tree at (196, 142, 56)
[10:31:29][INFO] Registered tree at (208, 144, 36)
[10:31:29][INFO] Registered tree at (132, 151, 116)
[10:31:29][INFO] Registered tree at (132, 151, 116)
[10:31:29][INFO] Registered tree at (140, 150, 116)
[10:31:29][INFO] Registered tree at (208, 149, 232)
[10:31:29][INFO] Registered tree at (208, 149, 232)
[10:31:29][INFO] Registered tree at (208, 147, 252)
[10:31:29][INFO] Registered tree at (208, 149, 232)
[10:31:29][INFO] Registered tree at (208, 147, 252)
[10:31:29][INFO] Registered tree at (220, 149, 228)
[10:31:29][INFO] Registered tree at (128, 144, 176)
[10:31:29][INFO] Registered tree at (128, 144, 176)
[10:31:29][INFO] Registered tree at (132, 143, 168)
[10:31:29][INFO] Registered tree at (128, 144, 176)
[10:31:29][INFO] Registered tree at (132, 143, 168)
[10:31:29][INFO] Registered tree at (132, 143, 188)
[10:31:29][INFO] Registered tree at (128, 144, 176)
[10:31:29][INFO] Registered tree at (132, 143, 168)
[10:31:29][INFO] Registered tree at (132, 143, 188)
[10:31:29][INFO] Registered tree at (136, 143, 160)
[10:31:29][INFO] Registered tree at (128, 144, 176)
[10:31:29][INFO] Registered tree at (132, 143, 168)
[10:31:29][INFO] Registered tree at (132, 143, 188)
[10:31:29][INFO] Registered tree at (136, 143, 160)
[10:31:29][INFO] Registered tree at (148, 137, 184)
[10:31:29][INFO] Registered tree at (332, 145, 180)
[10:31:29][INFO] Registered tree at (332, 145, 180)
[10:31:29][INFO] Registered tree at (340, 147, 164)
[10:31:29][INFO] Registered tree at (332, 145, 180)
[10:31:29][INFO] Registered tree at (340, 147, 164)
[10:31:29][INFO] Registered tree at (340, 148, 168)
[10:31:29][INFO] Registered tree at (332, 145, 180)
[10:31:29][INFO] Registered tree at (340, 147, 164)
[10:31:29][INFO] Registered tree at (340, 148, 168)
[10:31:29][INFO] Registered tree at (348, 150, 180)
[10:31:29][INFO] Registered tree at (128, 144, 176)
[10:31:29][INFO] Registered tree at (128, 144, 176)
[10:31:29][INFO] Registered tree at (132, 143, 168)
[10:31:29][INFO] Registered tree at (128, 144, 176)
[10:31:29][INFO] Registered tree at (132, 143, 168)
[10:31:29][INFO] Registered tree at (132, 143, 188)
[10:31:29][INFO] Registered tree at (128, 144, 176)
[10:31:29][INFO] Registered tree at (132, 143, 168)
[10:31:29][INFO] Registered tree at (132, 143, 188)
[10:31:29][INFO] Registered tree at (136, 143, 160)
[10:31:29][INFO] Registered tree at (128, 144, 176)
[10:31:29][INFO] Registered tree at (132, 143, 168)
[10:31:29][INFO] Registered tree at (132, 143, 188)
[10:31:29][INFO] Registered tree at (136, 143, 160)
[10:31:29][INFO] Registered tree at (148, 137, 184)
[10:31:29][INFO] Registered tree at (260, 141, 236)
[10:31:29][INFO] Registered tree at (260, 141, 236)
[10:31:29][INFO] Registered tree at (264, 143, 224)
[10:31:29][INFO] Registered tree at (132, 151, 116)
[10:31:29][INFO] Registered tree at (132, 151, 116)
[10:31:29][INFO] Registered tree at (140, 150, 116)
[10:31:29][INFO] Registered tree at (172, 145, 32)
[10:31:29][INFO] Registered tree at (324, 146, 212)
[10:31:29][INFO] Registered tree at (324, 146, 212)
[10:31:29][INFO] Registered tree at (328, 147, 208)
[10:31:29][INFO] Registered tree at (324, 146, 212)
[10:31:29][INFO] Registered tree at (328, 147, 208)
[10:31:29][INFO] Registered tree at (336, 146, 208)
[10:31:29][INFO] Registered tree at (324, 146, 212)
[10:31:29][INFO] Registered tree at (328, 147, 208)
[10:31:29][INFO] Registered tree at (336, 146, 208)
[10:31:29][INFO] Registered tree at (344, 146, 208)
[10:31:29][INFO] Registered tree at (320, 147, 4)
[10:31:29][INFO] Registered tree at (320, 147, 4)
[10:31:29][INFO] Registered tree at (320, 149, 8)
[10:31:29][INFO] Registered tree at (320, 147, 4)
[10:31:29][INFO] Registered tree at (320, 149, 8)
[10:31:29][INFO] Registered tree at (332, 149, 4)
[10:31:29][INFO] Registered tree at (320, 147, 4)
[10:31:29][INFO] Registered tree at (320, 149, 8)
[10:31:29][INFO] Registered tree at (332, 149, 4)
[10:31:29][INFO] Registered tree at (332, 154, 28)
[10:31:29][INFO] Registered tree at (320, 147, 4)
[10:31:29][INFO] Registered tree at (320, 149, 8)
[10:31:29][INFO] Registered tree at (332, 149, 4)
[10:31:29][INFO] Registered tree at (332, 154, 28)
[10:31:29][INFO] Registered tree at (336, 150, 4)
[10:31:29][INFO] Registered tree at (320, 147, 4)
[10:31:29][INFO] Registered tree at (320, 149, 8)
[10:31:29][INFO] Registered tree at (332, 149, 4)
[10:31:29][INFO] Registered tree at (332, 154, 28)
[10:31:29][INFO] Registered tree at (336, 150, 4)
[10:31:29][INFO] Registered tree at (340, 151, 20)
[10:31:29][INFO] Registered tree at (320, 147, 4)
[10:31:29][INFO] Registered tree at (320, 149, 8)
[10:31:29][INFO] Registered tree at (332, 149, 4)
[10:31:29][INFO] Registered tree at (332, 154, 28)
[10:31:29][INFO] Registered tree at (336, 150, 4)
[10:31:29][INFO] Registered tree at (340, 151, 20)
[10:31:29][INFO] Registered tree at (340, 151, 24)
[10:31:29][INFO] Registered tree at (320, 147, 4)
[10:31:29][INFO] Registered tree at (320, 149, 8)
[10:31:29][INFO] Registered tree at (332, 149, 4)
[10:31:29][INFO] Registered tree at (332, 154, 28)
[10:31:29][INFO] Registered tree at (336, 150, 4)
[10:31:29][INFO] Registered tree at (340, 151, 20)
[10:31:29][INFO] Registered tree at (340, 151, 24)
[10:31:29][INFO] Registered tree at (344, 152, 4)
[10:31:29][INFO] Registered tree at (320, 147, 4)
[10:31:29][INFO] Registered tree at (320, 149, 8)
[10:31:29][INFO] Registered tree at (332, 149, 4)
[10:31:29][INFO] Registered tree at (332, 154, 28)
[10:31:29][INFO] Registered tree at (336, 150, 4)
[10:31:29][INFO] Registered tree at (340, 151, 20)
[10:31:29][INFO] Registered tree at (340, 151, 24)
[10:31:29][INFO] Registered tree at (344, 152, 4)
[10:31:29][INFO] Registered tree at (348, 151, 20)
[10:31:29][INFO] Registered tree at (324, 149, 76)
[10:31:29][INFO] Registered tree at (324, 149, 76)
[10:31:29][INFO] Registered tree at (328, 148, 68)
[10:31:29][INFO] Registered tree at (324, 149, 76)
[10:31:29][INFO] Registered tree at (328, 148, 68)
[10:31:29][INFO] Registered tree at (336, 149, 72)
[10:31:29][INFO] Registered tree at (324, 149, 76)
[10:31:29][INFO] Registered tree at (324, 149, 76)
[10:31:29][INFO] Registered tree at (328, 148, 68)
[10:31:29][INFO] Registered tree at (324, 149, 76)
[10:31:29][INFO] Registered tree at (328, 148, 68)
[10:31:29][INFO] Registered tree at (336, 149, 72)
[10:31:29][INFO] Registered tree at (320, 147, 4)
[10:31:29][INFO] Registered tree at (320, 147, 4)
[10:31:29][INFO] Registered tree at (320, 149, 8)
[10:31:29][INFO] Registered tree at (320, 147, 4)
[10:31:29][INFO] Registered tree at (320, 149, 8)
[10:31:29][INFO] Registered tree at (332, 149, 4)
[10:31:29][INFO] Registered tree at (320, 147, 4)
[10:31:29][INFO] Registered tree at (320, 149, 8)
[10:31:29][INFO] Registered tree at (332, 149, 4)
[10:31:29][INFO] Registered tree at (332, 154, 28)
[10:31:29][INFO] Registered tree at (320, 147, 4)
[10:31:29][INFO] Registered tree at (320, 149, 8)
[10:31:29][INFO] Registered tree at (332, 149, 4)
[10:31:29][INFO] Registered tree at (332, 154, 28)
[10:31:29][INFO] Registered tree at (336, 150, 4)
[10:31:29][INFO] Registered tree at (320, 147, 4)
[10:31:29][INFO] Registered tree at (320, 149, 8)
[10:31:29][INFO] Registered tree at (332, 149, 4)
[10:31:29][INFO] Registered tree at (332, 154, 28)
[10:31:29][INFO] Registered tree at (336, 150, 4)
[10:31:29][INFO] Registered tree at (340, 151, 20)
[10:31:29][INFO] Registered tree at (320, 147, 4)
[10:31:29][INFO] Registered tree at (320, 149, 8)
[10:31:29][INFO] Registered tree at (332, 149, 4)
[10:31:29][INFO] Registered tree at (332, 154, 28)
[10:31:29][INFO] Registered tree at (336, 150, 4)
[10:31:29][INFO] Registered tree at (340, 151, 20)
[10:31:29][INFO] Registered tree at (340, 151, 24)
[10:31:29][INFO] Registered tree at (320, 147, 4)
[10:31:29][INFO] Registered tree at (320, 149, 8)
[10:31:29][INFO] Registered tree at (332, 149, 4)
[10:31:29][INFO] Registered tree at (332, 154, 28)
[10:31:29][INFO] Registered tree at (336, 150, 4)
[10:31:29][INFO] Registered tree at (340, 151, 20)
[10:31:29][INFO] Registered tree at (340, 151, 24)
[10:31:29][INFO] Registered tree at (344, 152, 4)
[10:31:29][INFO] Registered tree at (320, 147, 4)
[10:31:29][INFO] Registered tree at (320, 149, 8)
[10:31:29][INFO] Registered tree at (332, 149, 4)
[10:31:29][INFO] Registered tree at (332, 154, 28)
[10:31:29][INFO] Registered tree at (336, 150, 4)
[10:31:29][INFO] Registered tree at (340, 151, 20)
[10:31:29][INFO] Registered tree at (340, 151, 24)
[10:31:29][INFO] Registered tree at (344, 152, 4)
[10:31:29][INFO] Registered tree at (348, 151, 20)
[10:31:29][INFO] Registered tree at (368, 144, 40)
[10:31:29][INFO] Registered tree at (368, 144, 40)
[10:31:29][INFO] Registered tree at (372, 142, 52)
[10:31:29][INFO] Registered tree at (292, 137, 236)
[10:31:29][INFO] Registered tree at (292, 137, 236)
[10:31:29][INFO] Registered tree at (296, 137, 244)
[10:31:29][INFO] Registered tree at (132, 147, 260)
[10:31:29][INFO] Registered tree at (132, 147, 260)
[10:31:29][INFO] Registered tree at (132, 144, 284)
[10:31:29][INFO] Registered tree at (132, 147, 260)
[10:31:29][INFO] Registered tree at (132, 144, 284)
[10:31:29][INFO] Registered tree at (140, 146, 268)
[10:31:29][INFO] Registered tree at (132, 147, 260)
[10:31:29][INFO] Registered tree at (132, 144, 284)
[10:31:29][INFO] Registered tree at (140, 146, 268)
[10:31:29][INFO] Registered tree at (148, 141, 256)
[10:31:29][INFO] Registered tree at (132, 147, 260)
[10:31:29][INFO] Registered tree at (132, 144, 284)
[10:31:29][INFO] Registered tree at (140, 146, 268)
[10:31:29][INFO] Registered tree at (148, 141, 256)
[10:31:29][INFO] Registered tree at (148, 145, 276)
[10:31:29][INFO] Registered tree at (132, 147, 260)
[10:31:29][INFO] Registered tree at (132, 144, 284)
[10:31:29][INFO] Registered tree at (140, 146, 268)
[10:31:29][INFO] Registered tree at (148, 141, 256)
[10:31:29][INFO] Registered tree at (148, 145, 276)
[10:31:29][INFO] Registered tree at (156, 143, 260)
[10:31:29][INFO] Registered tree at (128, 149, 28)
[10:31:29][INFO] Registered tree at (128, 149, 28)
[10:31:29][INFO] Registered tree at (140, 147, 24)
[10:31:29][INFO] Registered tree at (128, 149, 28)
[10:31:29][INFO] Registered tree at (140, 147, 24)
[10:31:29][INFO] Registered tree at (148, 146, 0)
[10:31:29][INFO] Registered tree at (128, 149, 28)
[10:31:29][INFO] Registered tree at (140, 147, 24)
[10:31:29][INFO] Registered tree at (148, 146, 0)
[10:31:29][INFO] Registered tree at (156, 145, 20)
[10:31:29][INFO] Registered tree at (324, 141, 284)
[10:31:29][INFO] Registered tree at (148, 153, 68)
[10:31:29][INFO] Registered tree at (148, 153, 68)
[10:31:29][INFO] Registered tree at (148, 155, 84)
[10:31:29][INFO] Registered tree at (104, 146, 228)
[10:31:29][INFO] Registered tree at (104, 146, 228)
[10:31:29][INFO] Registered tree at (104, 152, 252)
[10:31:29][INFO] Registered tree at (104, 146, 228)
[10:31:29][INFO] Registered tree at (104, 152, 252)
[10:31:29][INFO] Registered tree at (112, 145, 240)
[10:31:29][INFO] Registered tree at (104, 146, 228)
[10:31:29][INFO] Registered tree at (104, 152, 252)
[10:31:29][INFO] Registered tree at (112, 145, 240)
[10:31:29][INFO] Registered tree at (116, 151, 252)
[10:31:29][INFO] Registered tree at (180, 137, 228)
[10:31:29][INFO] Registered tree at (292, 153, 40)
[10:31:29][INFO] Registered tree at (292, 153, 40)
[10:31:29][INFO] Registered tree at (296, 151, 48)
[10:31:29][INFO] Registered tree at (292, 153, 40)
[10:31:29][INFO] Registered tree at (296, 151, 48)
[10:31:29][INFO] Registered tree at (308, 150, 56)
[10:31:29][INFO] Registered tree at (104, 146, 228)
[10:31:29][INFO] Registered tree at (104, 146, 228)
[10:31:29][INFO] Registered tree at (104, 152, 252)
[10:31:29][INFO] Registered tree at (104, 146, 228)
[10:31:29][INFO] Registered tree at (104, 152, 252)
[10:31:29][INFO] Registered tree at (112, 145, 240)
[10:31:29][INFO] Registered tree at (104, 146, 228)
[10:31:29][INFO] Registered tree at (104, 152, 252)
[10:31:29][INFO] Registered tree at (112, 145, 240)
[10:31:29][INFO] Registered tree at (116, 151, 252)
[10:31:29][INFO] Registered tree at (172, 145, 32)
[10:31:29][INFO] Registered tree at (324, 141, 284)
[10:31:29][INFO] Registered tree at (352, 142, 252)
[10:31:29][INFO] Registered tree at (352, 142, 252)
[10:31:29][INFO] Registered tree at (356, 143, 244)
[10:31:29][INFO] Registered tree at (352, 142, 252)
[10:31:29][INFO] Registered tree at (356, 143, 244)
[10:31:29][INFO] Registered tree at (360, 145, 236)
[10:31:29][INFO] Registered tree at (352, 142, 252)
[10:31:29][INFO] Registered tree at (356, 143, 244)
[10:31:29][INFO] Registered tree at (360, 145, 236)
[10:31:29][INFO] Registered tree at (372, 142, 236)
[10:31:29][INFO] Registered tree at (352, 142, 252)
[10:31:29][INFO] Registered tree at (356, 143, 244)
[10:31:29][INFO] Registered tree at (360, 145, 236)
[10:31:29][INFO] Registered tree at (372, 142, 236)
[10:31:29][INFO] Registered tree at (372, 140, 244)
[10:31:29][INFO] Registered tree at (352, 142, 252)
[10:31:29][INFO] Registered tree at (356, 143, 244)
[10:31:29][INFO] Registered tree at (360, 145, 236)
[10:31:29][INFO] Registered tree at (372, 142, 236)
[10:31:29][INFO] Registered tree at (372, 140, 244)
[10:31:29][INFO] Registered tree at (376, 141, 232)
[10:31:29][INFO] Registered tree at (100, 139, 36)
[10:31:29][INFO] Registered tree at (100, 139, 36)
[10:31:29][INFO] Registered tree at (108, 143, 48)
[10:31:29][INFO] Registered tree at (352, 142, 252)
[10:31:29][INFO] Registered tree at (352, 142, 252)
[10:31:29][INFO] Registered tree at (356, 143, 244)
[10:31:29][INFO] Registered tree at (352, 142, 252)
[10:31:29][INFO] Registered tree at (356, 143, 244)
[10:31:29][INFO] Registered tree at (360, 145, 236)
[10:31:29][INFO] Registered tree at (352, 142, 252)
[10:31:29][INFO] Registered tree at (356, 143, 244)
[10:31:29][INFO] Registered tree at (360, 145, 236)
[10:31:29][INFO] Registered tree at (372, 142, 236)
[10:31:29][INFO] Registered tree at (352, 142, 252)
[10:31:29][INFO] Registered tree at (356, 143, 244)
[10:31:29][INFO] Registered tree at (360, 145, 236)
[10:31:29][INFO] Registered tree at (372, 142, 236)
[10:31:29][INFO] Registered tree at (372, 140, 244)
[10:31:29][INFO] Registered tree at (352, 142, 252)
[10:31:29][INFO] Registered tree at (356, 143, 244)
[10:31:29][INFO] Registered tree at (360, 145, 236)
[10:31:29][INFO] Registered tree at (372, 142, 236)
[10:31:29][INFO] Registered tree at (372, 140, 244)
[10:31:29][INFO] Registered tree at (376, 141, 232)
[10:31:29][INFO] Registered tree at (292, 137, 236)
[10:31:29][INFO] Registered tree at (292, 137, 236)
[10:31:29][INFO] Registered tree at (296, 137, 244)
[10:31:29][INFO] Registered tree at (292, 153, 40)
[10:31:29][INFO] Registered tree at (292, 153, 40)
[10:31:29][INFO] Registered tree at (296, 151, 48)
[10:31:29][INFO] Registered tree at (292, 153, 40)
[10:31:29][INFO] Registered tree at (296, 151, 48)
[10:31:29][INFO] Registered tree at (308, 150, 56)
[10:31:29][INFO] Registered tree at (148, 153, 68)
[10:31:29][INFO] Registered tree at (148, 153, 68)
[10:31:29][INFO] Registered tree at (148, 155, 84)
[10:31:29][INFO] Registered tree at (132, 147, 260)
[10:31:29][INFO] Registered tree at (132, 147, 260)
[10:31:29][INFO] Registered tree at (132, 144, 284)
[10:31:29][INFO] Registered tree at (132, 147, 260)
[10:31:29][INFO] Registered tree at (132, 144, 284)
[10:31:29][INFO] Registered tree at (140, 146, 268)
[10:31:29][INFO] Registered tree at (132, 147, 260)
[10:31:29][INFO] Registered tree at (132, 144, 284)
[10:31:29][INFO] Registered tree at (140, 146, 268)
[10:31:29][INFO] Registered tree at (148, 141, 256)
[10:31:29][INFO] Registered tree at (132, 147, 260)
[10:31:29][INFO] Registered tree at (132, 144, 284)
[10:31:29][INFO] Registered tree at (140, 146, 268)
[10:31:29][INFO] Registered tree at (148, 141, 256)
[10:31:29][INFO] Registered tree at (148, 145, 276)
[10:31:29][INFO] Registered tree at (132, 147, 260)
[10:31:29][INFO] Registered tree at (132, 144, 284)
[10:31:29][INFO] Registered tree at (140, 146, 268)
[10:31:29][INFO] Registered tree at (148, 141, 256)
[10:31:29][INFO] Registered tree at (148, 145, 276)
[10:31:29][INFO] Registered tree at (156, 143, 260)
[10:31:29][INFO] Registered tree at (368, 144, 40)
[10:31:29][INFO] Registered tree at (368, 144, 40)
[10:31:29][INFO] Registered tree at (372, 142, 52)
[10:31:29][INFO] Registered tree at (100, 139, 36)
[10:31:29][INFO] Registered tree at (100, 139, 36)
[10:31:29][INFO] Registered tree at (108, 143, 48)
[10:31:29][INFO] Registered tree at (128, 149, 28)
[10:31:29][INFO] Registered tree at (128, 149, 28)
[10:31:29][INFO] Registered tree at (140, 147, 24)
[10:31:29][INFO] Registered tree at (128, 149, 28)
[10:31:29][INFO] Registered tree at (140, 147, 24)
[10:31:29][INFO] Registered tree at (148, 146, 0)
[10:31:29][INFO] Registered tree at (128, 149, 28)
[10:31:29][INFO] Registered tree at (140, 147, 24)
[10:31:29][INFO] Registered tree at (148, 146, 0)
[10:31:29][INFO] Registered tree at (156, 145, 20)
[10:31:29][INFO] Registered tree at (324, 146, 212)
[10:31:29][INFO] Registered tree at (324, 146, 212)
[10:31:29][INFO] Registered tree at (328, 147, 208)
[10:31:29][INFO] Registered tree at (324, 146, 212)
[10:31:29][INFO] Registered tree at (328, 147, 208)
[10:31:29][INFO] Registered tree at (336, 146, 208)
[10:31:29][INFO] Registered tree at (324, 146, 212)
[10:31:29][INFO] Registered tree at (328, 147, 208)
[10:31:29][INFO] Registered tree at (336, 146, 208)
[10:31:29][INFO] Registered tree at (344, 146, 208)
[10:31:29][INFO] Registered tree at (180, 137, 228)
[10:31:29][INFO] Registered tree at (100, 141, 24)
[10:31:29][INFO] Registered tree at (356, 151, 136)
[10:31:29][INFO] Registered tree at (356, 151, 136)
[10:31:29][INFO] Registered tree at (360, 151, 140)
[10:31:29][INFO] Registered tree at (356, 151, 136)
[10:31:29][INFO] Registered tree at (360, 151, 140)
[10:31:29][INFO] Registered tree at (364, 150, 128)
[10:31:29][INFO] Registered tree at (356, 151, 136)
[10:31:29][INFO] Registered tree at (356, 151, 136)
[10:31:29][INFO] Registered tree at (360, 151, 140)
[10:31:29][INFO] Registered tree at (356, 151, 136)
[10:31:29][INFO] Registered tree at (360, 151, 140)
[10:31:29][INFO] Registered tree at (364, 150, 128)
[10:31:29][INFO] Registered tree at (100, 151, 268)
[10:31:29][INFO] Registered tree at (352, 139, 280)
[10:31:29][INFO] Registered tree at (352, 139, 280)
[10:31:29][INFO] Registered tree at (356, 139, 256)
[10:31:29][INFO] Registered tree at (352, 139, 280)
[10:31:29][INFO] Registered tree at (356, 139, 256)
[10:31:29][INFO] Registered tree at (356, 139, 264)
[10:31:29][INFO] Registered tree at (352, 139, 280)
[10:31:29][INFO] Registered tree at (356, 139, 256)
[10:31:29][INFO] Registered tree at (356, 139, 264)
[10:31:29][INFO] Registered tree at (364, 140, 268)
[10:31:29][INFO] Registered tree at (352, 139, 280)
[10:31:29][INFO] Registered tree at (356, 139, 256)
[10:31:29][INFO] Registered tree at (356, 139, 264)
[10:31:29][INFO] Registered tree at (364, 140, 268)
[10:31:29][INFO] Registered tree at (372, 141, 268)
[10:31:29][INFO] Registered tree at (360, 146, 4)
[10:31:29][INFO] Registered tree at (360, 146, 4)
[10:31:29][INFO] Registered tree at (372, 144, 12)
[10:31:29][INFO] Registered tree at (360, 146, 4)
[10:31:29][INFO] Registered tree at (372, 144, 12)
[10:31:29][INFO] Registered tree at (372, 144, 24)
[10:31:29][INFO] Registered tree at (100, 144, 132)
[10:31:29][INFO] Registered tree at (100, 144, 132)
[10:31:29][INFO] Registered tree at (104, 143, 140)
[10:31:29][INFO] Registered tree at (100, 144, 132)
[10:31:29][INFO] Registered tree at (104, 143, 140)
[10:31:29][INFO] Registered tree at (104, 143, 156)
[10:31:29][INFO] Registered tree at (100, 144, 132)
[10:31:29][INFO] Registered tree at (104, 143, 140)
[10:31:29][INFO] Registered tree at (104, 143, 156)
[10:31:29][INFO] Registered tree at (112, 146, 136)
[10:31:29][INFO] Registered tree at (100, 144, 132)
[10:31:29][INFO] Registered tree at (100, 144, 132)
[10:31:29][INFO] Registered tree at (104, 143, 140)
[10:31:29][INFO] Registered tree at (100, 144, 132)
[10:31:29][INFO] Registered tree at (104, 143, 140)
[10:31:29][INFO] Registered tree at (104, 143, 156)
[10:31:29][INFO] Registered tree at (100, 144, 132)
[10:31:29][INFO] Registered tree at (104, 143, 140)
[10:31:29][INFO] Registered tree at (104, 143, 156)
[10:31:29][INFO] Registered tree at (112, 146, 136)
[10:31:29][INFO] Registered tree at (228, 151, 0)
[10:31:29][INFO] Registered tree at (228, 151, 0)
[10:31:29][INFO] Registered tree at (236, 152, 12)
[10:31:29][INFO] Registered tree at (228, 151, 0)
[10:31:29][INFO] Registered tree at (228, 151, 0)
[10:31:29][INFO] Registered tree at (236, 152, 12)
[10:31:29][INFO] Registered tree at (192, 142, 284)
[10:31:29][INFO] Registered tree at (192, 142, 284)
[10:31:29][INFO] Registered tree at (200, 145, 260)
[10:31:29][INFO] Registered tree at (192, 142, 284)
[10:31:29][INFO] Registered tree at (200, 145, 260)
[10:31:29][INFO] Registered tree at (204, 145, 268)
[10:31:29][INFO] Registered tree at (192, 142, 284)
[10:31:29][INFO] Registered tree at (200, 145, 260)
[10:31:29][INFO] Registered tree at (204, 145, 268)
[10:31:29][INFO] Registered tree at (204, 144, 284)
[10:31:29][INFO] Registered tree at (192, 142, 284)
[10:31:29][INFO] Registered tree at (200, 145, 260)
[10:31:29][INFO] Registered tree at (204, 145, 268)
[10:31:29][INFO] Registered tree at (204, 144, 284)
[10:31:29][INFO] Registered tree at (212, 145, 264)
[10:31:29][INFO] Registered tree at (192, 142, 284)
[10:31:29][INFO] Registered tree at (200, 145, 260)
[10:31:29][INFO] Registered tree at (204, 145, 268)
[10:31:29][INFO] Registered tree at (204, 144, 284)
[10:31:29][INFO] Registered tree at (212, 145, 264)
[10:31:29][INFO] Registered tree at (216, 146, 260)
[10:31:29][INFO] Registered tree at (100, 147, 100)
[10:31:29][INFO] Registered tree at (100, 147, 100)
[10:31:29][INFO] Registered tree at (100, 145, 116)
[10:31:29][INFO] Registered tree at (100, 147, 100)
[10:31:29][INFO] Registered tree at (100, 145, 116)
[10:31:29][INFO] Registered tree at (116, 152, 124)
[10:31:29][INFO] Registered tree at (100, 147, 100)
[10:31:29][INFO] Registered tree at (100, 145, 116)
[10:31:29][INFO] Registered tree at (116, 152, 124)
[10:31:29][INFO] Registered tree at (124, 153, 100)
[10:31:29][INFO] Registered tree at (260, 149, 284)
[10:31:29][INFO] Registered tree at (260, 149, 284)
[10:31:29][INFO] Registered tree at (264, 150, 284)
[10:31:29][INFO] Registered tree at (260, 149, 284)
[10:31:29][INFO] Registered tree at (264, 150, 284)
[10:31:29][INFO] Registered tree at (276, 149, 284)
[10:31:29][INFO] Registered tree at (260, 149, 284)
[10:31:29][INFO] Registered tree at (264, 150, 284)
[10:31:29][INFO] Registered tree at (276, 149, 284)
[10:31:29][INFO] Registered tree at (280, 142, 272)
[10:31:29][INFO] Registered tree at (260, 144, 4)
[10:31:29][INFO] Registered tree at (260, 144, 4)
[10:31:29][INFO] Registered tree at (260, 148, 20)
[10:31:29][INFO] Registered tree at (260, 144, 4)
[10:31:29][INFO] Registered tree at (260, 148, 20)
[10:31:29][INFO] Registered tree at (276, 151, 28)
[10:31:29][INFO] Registered tree at (260, 144, 4)
[10:31:29][INFO] Registered tree at (260, 148, 20)
[10:31:29][INFO] Registered tree at (276, 151, 28)
[10:31:29][INFO] Registered tree at (284, 148, 4)
[10:31:29][INFO] Registered tree at (260, 144, 4)
[10:31:29][INFO] Registered tree at (260, 148, 20)
[10:31:29][INFO] Registered tree at (276, 151, 28)
[10:31:29][INFO] Registered tree at (284, 148, 4)
[10:31:29][INFO] Registered tree at (284, 152, 16)
[10:31:29][INFO] Registered tree at (368, 151, 108)
[10:31:29][INFO] Registered tree at (368, 151, 108)
[10:31:29][INFO] Registered tree at (372, 147, 120)
[10:31:29][INFO] Registered tree at (368, 151, 108)
[10:31:29][INFO] Registered tree at (372, 147, 120)
[10:31:29][INFO] Registered tree at (376, 146, 120)
[10:31:29][INFO] Registered tree at (368, 151, 108)
[10:31:29][INFO] Registered tree at (372, 147, 120)
[10:31:29][INFO] Registered tree at (376, 146, 120)
[10:31:29][INFO] Registered tree at (380, 145, 108)
[10:31:29][INFO] Registered tree at (356, 152, 180)
[10:31:29][INFO] Registered tree at (356, 152, 180)
[10:31:29][INFO] Registered tree at (372, 153, 160)
[10:31:29][INFO] Registered tree at (260, 149, 284)
[10:31:29][INFO] Registered tree at (260, 149, 284)
[10:31:29][INFO] Registered tree at (264, 150, 284)
[10:31:29][INFO] Registered tree at (260, 149, 284)
[10:31:29][INFO] Registered tree at (264, 150, 284)
[10:31:29][INFO] Registered tree at (276, 149, 284)
[10:31:29][INFO] Registered tree at (260, 149, 284)
[10:31:29][INFO] Registered tree at (264, 150, 284)
[10:31:29][INFO] Registered tree at (276, 149, 284)
[10:31:29][INFO] Registered tree at (280, 142, 272)
[10:31:29][INFO] Registered tree at (368, 151, 108)
[10:31:29][INFO] Registered tree at (368, 151, 108)
[10:31:29][INFO] Registered tree at (372, 147, 120)
[10:31:29][INFO] Registered tree at (368, 151, 108)
[10:31:29][INFO] Registered tree at (372, 147, 120)
[10:31:29][INFO] Registered tree at (376, 146, 120)
[10:31:29][INFO] Registered tree at (368, 151, 108)
[10:31:29][INFO] Registered tree at (372, 147, 120)
[10:31:29][INFO] Registered tree at (376, 146, 120)
[10:31:29][INFO] Registered tree at (380, 145, 108)
[10:31:29][INFO] Registered tree at (196, 146, 20)
[10:31:29][INFO] Registered tree at (196, 146, 20)
[10:31:29][INFO] Registered tree at (200, 150, 4)
[10:31:29][INFO] Registered tree at (260, 144, 4)
[10:31:29][INFO] Registered tree at (260, 144, 4)
[10:31:29][INFO] Registered tree at (260, 148, 20)
[10:31:29][INFO] Registered tree at (260, 144, 4)
[10:31:29][INFO] Registered tree at (260, 148, 20)
[10:31:29][INFO] Registered tree at (276, 151, 28)
[10:31:29][INFO] Registered tree at (260, 144, 4)
[10:31:29][INFO] Registered tree at (260, 148, 20)
[10:31:29][INFO] Registered tree at (276, 151, 28)
[10:31:29][INFO] Registered tree at (284, 148, 4)
[10:31:29][INFO] Registered tree at (260, 144, 4)
[10:31:29][INFO] Registered tree at (260, 148, 20)
[10:31:29][INFO] Registered tree at (276, 151, 28)
[10:31:29][INFO] Registered tree at (284, 148, 4)
[10:31:29][INFO] Registered tree at (284, 152, 16)
[10:31:29][INFO] Registered tree at (100, 147, 100)
[10:31:29][INFO] Registered tree at (100, 147, 100)
[10:31:29][INFO] Registered tree at (100, 145, 116)
[10:31:29][INFO] Registered tree at (100, 147, 100)
[10:31:29][INFO] Registered tree at (100, 145, 116)
[10:31:29][INFO] Registered tree at (116, 152, 124)
[10:31:29][INFO] Registered tree at (100, 147, 100)
[10:31:29][INFO] Registered tree at (100, 145, 116)
[10:31:29][INFO] Registered tree at (116, 152, 124)
[10:31:29][INFO] Registered tree at (124, 153, 100)
[10:31:29][INFO] Registered tree at (356, 152, 180)
[10:31:29][INFO] Registered tree at (356, 152, 180)
[10:31:29][INFO] Registered tree at (372, 153, 160)
[10:31:29][INFO] Registered tree at (192, 142, 284)
[10:31:29][INFO] Registered tree at (192, 142, 284)
[10:31:29][INFO] Registered tree at (200, 145, 260)
[10:31:29][INFO] Registered tree at (192, 142, 284)
[10:31:29][INFO] Registered tree at (200, 145, 260)
[10:31:29][INFO] Registered tree at (204, 145, 268)
[10:31:29][INFO] Registered tree at (192, 142, 284)
[10:31:29][INFO] Registered tree at (200, 145, 260)
[10:31:29][INFO] Registered tree at (204, 145, 268)
[10:31:29][INFO] Registered tree at (204, 144, 284)
[10:31:29][INFO] Registered tree at (192, 142, 284)
[10:31:29][INFO] Registered tree at (200, 145, 260)
[10:31:29][INFO] Registered tree at (204, 145, 268)
[10:31:29][INFO] Registered tree at (204, 144, 284)
[10:31:29][INFO] Registered tree at (212, 145, 264)
[10:31:29][INFO] Registered tree at (192, 142, 284)
[10:31:29][INFO] Registered tree at (200, 145, 260)
[10:31:29][INFO] Registered tree at (204, 145, 268)
[10:31:29][INFO] Registered tree at (204, 144, 284)
[10:31:29][INFO] Registered tree at (212, 145, 264)
[10:31:29][INFO] Registered tree at (216, 146, 260)
[10:31:29][INFO] Registered tree at (196, 146, 20)
[10:31:29][INFO] Registered tree at (196, 146, 20)
[10:31:29][INFO] Registered tree at (200, 150, 4)
[10:31:29][INFO] Registered tree at (136, 149, 52)
[10:31:29][INFO] Registered tree at (136, 149, 52)
[10:31:29][INFO] Registered tree at (140, 149, 44)
[10:31:29][INFO] Registered tree at (136, 149, 52)
[10:31:29][INFO] Registered tree at (140, 149, 44)
[10:31:29][INFO] Registered tree at (140, 152, 60)
[10:31:29][INFO] Registered tree at (136, 149, 52)
[10:31:29][INFO] Registered tree at (140, 149, 44)
[10:31:29][INFO] Registered tree at (140, 152, 60)
[10:31:29][INFO] Registered tree at (152, 144, 36)
[10:31:29][INFO] Registered tree at (320, 142, 236)
[10:31:29][INFO] Registered tree at (320, 142, 236)
[10:31:29][INFO] Registered tree at (332, 141, 248)
[10:31:29][INFO] Registered tree at (320, 142, 236)
[10:31:29][INFO] Registered tree at (332, 141, 248)
[10:31:29][INFO] Registered tree at (340, 143, 236)
[10:31:29][INFO] Registered tree at (320, 142, 236)
[10:31:29][INFO] Registered tree at (332, 141, 248)
[10:31:29][INFO] Registered tree at (340, 143, 236)
[10:31:29][INFO] Registered tree at (340, 143, 244)
[10:31:29][INFO] Registered tree at (320, 142, 236)
[10:31:29][INFO] Registered tree at (332, 141, 248)
[10:31:29][INFO] Registered tree at (340, 143, 236)
[10:31:29][INFO] Registered tree at (340, 143, 244)
[10:31:29][INFO] Registered tree at (348, 145, 236)
[10:31:29][INFO] Registered tree at (320, 142, 236)
[10:31:29][INFO] Registered tree at (320, 142, 236)
[10:31:29][INFO] Registered tree at (332, 141, 248)
[10:31:29][INFO] Registered tree at (320, 142, 236)
[10:31:29][INFO] Registered tree at (332, 141, 248)
[10:31:29][INFO] Registered tree at (340, 143, 236)
[10:31:29][INFO] Registered tree at (320, 142, 236)
[10:31:29][INFO] Registered tree at (332, 141, 248)
[10:31:29][INFO] Registered tree at (340, 143, 236)
[10:31:29][INFO] Registered tree at (340, 143, 244)
[10:31:29][INFO] Registered tree at (320, 142, 236)
[10:31:29][INFO] Registered tree at (332, 141, 248)
[10:31:29][INFO] Registered tree at (340, 143, 236)
[10:31:29][INFO] Registered tree at (340, 143, 244)
[10:31:29][INFO] Registered tree at (348, 145, 236)
[10:31:29][INFO] Registered tree at (320, 151, 60)
[10:31:29][INFO] Registered tree at (320, 151, 60)
[10:31:29][INFO] Registered tree at (324, 151, 32)
[10:31:29][INFO] Registered tree at (320, 151, 60)
[10:31:29][INFO] Registered tree at (324, 151, 32)
[10:31:29][INFO] Registered tree at (324, 150, 44)
[10:31:29][INFO] Registered tree at (320, 151, 60)
[10:31:29][INFO] Registered tree at (324, 151, 32)
[10:31:29][INFO] Registered tree at (324, 150, 44)
[10:31:29][INFO] Registered tree at (332, 148, 44)
[10:31:29][INFO] Registered tree at (320, 151, 60)
[10:31:29][INFO] Registered tree at (324, 151, 32)
[10:31:29][INFO] Registered tree at (324, 150, 44)
[10:31:29][INFO] Registered tree at (332, 148, 44)
[10:31:29][INFO] Registered tree at (336, 151, 56)
[10:31:29][INFO] Registered tree at (320, 151, 60)
[10:31:29][INFO] Registered tree at (324, 151, 32)
[10:31:29][INFO] Registered tree at (324, 150, 44)
[10:31:29][INFO] Registered tree at (332, 148, 44)
[10:31:29][INFO] Registered tree at (336, 151, 56)
[10:31:29][INFO] Registered tree at (340, 148, 40)
[10:31:29][INFO] Registered tree at (320, 151, 60)
[10:31:29][INFO] Registered tree at (324, 151, 32)
[10:31:29][INFO] Registered tree at (324, 150, 44)
[10:31:29][INFO] Registered tree at (332, 148, 44)
[10:31:29][INFO] Registered tree at (336, 151, 56)
[10:31:29][INFO] Registered tree at (340, 148, 40)
[10:31:29][INFO] Registered tree at (340, 150, 52)
[10:31:29][INFO] Registered tree at (136, 149, 52)
[10:31:29][INFO] Registered tree at (136, 149, 52)
[10:31:29][INFO] Registered tree at (140, 149, 44)
[10:31:29][INFO] Registered tree at (136, 149, 52)
[10:31:29][INFO] Registered tree at (140, 149, 44)
[10:31:29][INFO] Registered tree at (140, 152, 60)
[10:31:29][INFO] Registered tree at (136, 149, 52)
[10:31:29][INFO] Registered tree at (140, 149, 44)
[10:31:29][INFO] Registered tree at (140, 152, 60)
[10:31:29][INFO] Registered tree at (152, 144, 36)
[10:31:29][INFO] Registered tree at (140, 139, 236)
[10:31:29][INFO] Registered tree at (140, 139, 236)
[10:31:29][INFO] Registered tree at (148, 139, 232)
[10:31:29][INFO] Registered tree at (140, 139, 236)
[10:31:29][INFO] Registered tree at (140, 139, 236)
[10:31:29][INFO] Registered tree at (148, 139, 232)
[10:31:29][INFO] Registered tree at (320, 151, 60)
[10:31:29][INFO] Registered tree at (320, 151, 60)
[10:31:29][INFO] Registered tree at (324, 151, 32)
[10:31:29][INFO] Registered tree at (320, 151, 60)
[10:31:29][INFO] Registered tree at (324, 151, 32)
[10:31:29][INFO] Registered tree at (324, 150, 44)
[10:31:29][INFO] Registered tree at (320, 151, 60)
[10:31:29][INFO] Registered tree at (324, 151, 32)
[10:31:29][INFO] Registered tree at (324, 150, 44)
[10:31:29][INFO] Registered tree at (332, 148, 44)
[10:31:29][INFO] Registered tree at (320, 151, 60)
[10:31:29][INFO] Registered tree at (324, 151, 32)
[10:31:29][INFO] Registered tree at (324, 150, 44)
[10:31:29][INFO] Registered tree at (332, 148, 44)
[10:31:29][INFO] Registered tree at (336, 151, 56)
[10:31:29][INFO] Registered tree at (320, 151, 60)
[10:31:29][INFO] Registered tree at (324, 151, 32)
[10:31:29][INFO] Registered tree at (324, 150, 44)
[10:31:29][INFO] Registered tree at (332, 148, 44)
[10:31:29][INFO] Registered tree at (336, 151, 56)
[10:31:29][INFO] Registered tree at (340, 148, 40)
[10:31:29][INFO] Registered tree at (320, 151, 60)
[10:31:29][INFO] Registered tree at (324, 151, 32)
[10:31:29][INFO] Registered tree at (324, 150, 44)
[10:31:29][INFO] Registered tree at (332, 148, 44)
[10:31:29][INFO] Registered tree at (336, 151, 56)
[10:31:29][INFO] Registered tree at (340, 148, 40)
[10:31:29][INFO] Registered tree at (340, 150, 52)
[10:31:29][INFO] Registered tree at (288, 138, 272)
[10:31:29][INFO] Registered tree at (288, 138, 272)
[10:31:29][INFO] Registered tree at (308, 135, 256)
[10:31:29][INFO] Registered tree at (164, 144, 16)
[10:31:29][INFO] Registered tree at (164, 144, 16)
[10:31:29][INFO] Registered tree at (168, 148, 0)
[10:31:29][INFO] Registered tree at (164, 144, 16)
[10:31:29][INFO] Registered tree at (168, 148, 0)
[10:31:29][INFO] Registered tree at (176, 148, 4)
[10:31:29][INFO] Registered tree at (164, 144, 16)
[10:31:29][INFO] Registered tree at (168, 148, 0)
[10:31:29][INFO] Registered tree at (176, 148, 4)
[10:31:29][INFO] Registered tree at (184, 143, 20)
[10:31:29][INFO] Registered tree at (352, 139, 280)
[10:31:29][INFO] Registered tree at (352, 139, 280)
[10:31:29][INFO] Registered tree at (356, 139, 256)
[10:31:29][INFO] Registered tree at (352, 139, 280)
[10:31:29][INFO] Registered tree at (356, 139, 256)
[10:31:29][INFO] Registered tree at (356, 139, 264)
[10:31:29][INFO] Registered tree at (352, 139, 280)
[10:31:29][INFO] Registered tree at (356, 139, 256)
[10:31:29][INFO] Registered tree at (356, 139, 264)
[10:31:29][INFO] Registered tree at (364, 140, 268)
[10:31:29][INFO] Registered tree at (352, 139, 280)
[10:31:29][INFO] Registered tree at (356, 139, 256)
[10:31:29][INFO] Registered tree at (356, 139, 264)
[10:31:29][INFO] Registered tree at (364, 140, 268)
[10:31:29][INFO] Registered tree at (372, 141, 268)
[10:31:29][INFO] Registered tree at (288, 149, 4)
[10:31:29][INFO] Registered tree at (288, 149, 4)
[10:31:29][INFO] Registered tree at (288, 153, 28)
[10:31:29][INFO] Registered tree at (288, 149, 4)
[10:31:29][INFO] Registered tree at (288, 153, 28)
[10:31:29][INFO] Registered tree at (292, 149, 8)
[10:31:29][INFO] Registered tree at (288, 149, 4)
[10:31:29][INFO] Registered tree at (288, 153, 28)
[10:31:29][INFO] Registered tree at (292, 149, 8)
[10:31:29][INFO] Registered tree at (300, 150, 28)
[10:31:29][INFO] Registered tree at (288, 149, 4)
[10:31:29][INFO] Registered tree at (288, 153, 28)
[10:31:29][INFO] Registered tree at (292, 149, 8)
[10:31:29][INFO] Registered tree at (300, 150, 28)
[10:31:29][INFO] Registered tree at (304, 146, 16)
[10:31:29][INFO] Registered tree at (352, 147, 64)
[10:31:29][INFO] Registered tree at (352, 147, 64)
[10:31:29][INFO] Registered tree at (352, 148, 84)
[10:31:29][INFO] Registered tree at (100, 151, 268)
[10:31:29][INFO] Registered tree at (168, 140, 256)
[10:31:29][INFO] Registered tree at (168, 140, 256)
[10:31:29][INFO] Registered tree at (180, 142, 284)
[10:31:29][INFO] Registered tree at (168, 140, 256)
[10:31:29][INFO] Registered tree at (180, 142, 284)
[10:31:29][INFO] Registered tree at (184, 143, 260)
[10:31:29][INFO] Registered tree at (164, 144, 16)
[10:31:29][INFO] Registered tree at (164, 144, 16)
[10:31:29][INFO] Registered tree at (168, 148, 0)
[10:31:29][INFO] Registered tree at (164, 144, 16)
[10:31:29][INFO] Registered tree at (168, 148, 0)
[10:31:29][INFO] Registered tree at (176, 148, 4)
[10:31:29][INFO] Registered tree at (164, 144, 16)
[10:31:29][INFO] Registered tree at (168, 148, 0)
[10:31:29][INFO] Registered tree at (176, 148, 4)
[10:31:29][INFO] Registered tree at (184, 143, 20)
[10:31:29][INFO] Registered tree at (168, 140, 256)
[10:31:29][INFO] Registered tree at (168, 140, 256)
[10:31:29][INFO] Registered tree at (180, 142, 284)
[10:31:29][INFO] Registered tree at (168, 140, 256)
[10:31:29][INFO] Registered tree at (180, 142, 284)
[10:31:29][INFO] Registered tree at (184, 143, 260)
[10:31:29][INFO] Registered tree at (288, 138, 272)
[10:31:29][INFO] Registered tree at (288, 138, 272)
[10:31:29][INFO] Registered tree at (308, 135, 256)
[10:31:29][INFO] Registered tree at (352, 139, 280)
[10:31:29][INFO] Registered tree at (352, 139, 280)
[10:31:29][INFO] Registered tree at (356, 139, 256)
[10:31:29][INFO] Registered tree at (352, 139, 280)
[10:31:29][INFO] Registered tree at (356, 139, 256)
[10:31:29][INFO] Registered tree at (356, 139, 264)
[10:31:29][INFO] Registered tree at (352, 139, 280)
[10:31:29][INFO] Registered tree at (356, 139, 256)
[10:31:29][INFO] Registered tree at (356, 139, 264)
[10:31:29][INFO] Registered tree at (364, 140, 268)
[10:31:29][INFO] Registered tree at (352, 139, 280)
[10:31:29][INFO] Registered tree at (356, 139, 256)
[10:31:29][INFO] Registered tree at (356, 139, 264)
[10:31:29][INFO] Registered tree at (364, 140, 268)
[10:31:29][INFO] Registered tree at (372, 141, 268)
[10:31:29][INFO] Registered tree at (224, 148, 136)
[10:31:29][INFO] Registered tree at (356, 148, 204)
[10:31:29][INFO] Registered tree at (356, 148, 204)
[10:31:29][INFO] Registered tree at (368, 150, 192)
[10:31:29][INFO] Registered tree at (356, 148, 204)
[10:31:29][INFO] Registered tree at (368, 150, 192)
[10:31:29][INFO] Registered tree at (368, 143, 212)
[10:31:29][INFO] Registered tree at (356, 148, 204)
[10:31:29][INFO] Registered tree at (368, 150, 192)
[10:31:29][INFO] Registered tree at (368, 143, 212)
[10:31:29][INFO] Registered tree at (380, 145, 196)
[10:31:29][INFO] Registered tree at (100, 144, 204)
[10:31:29][INFO] Registered tree at (100, 144, 204)
[10:31:29][INFO] Registered tree at (104, 144, 204)
[10:31:29][INFO] Registered tree at (100, 144, 204)
[10:31:29][INFO] Registered tree at (104, 144, 204)
[10:31:29][INFO] Registered tree at (108, 143, 196)
[10:31:29][INFO] Registered tree at (100, 144, 204)
[10:31:29][INFO] Registered tree at (104, 144, 204)
[10:31:29][INFO] Registered tree at (108, 143, 196)
[10:31:29][INFO] Registered tree at (112, 144, 216)
[10:31:29][INFO] Registered tree at (100, 144, 204)
[10:31:29][INFO] Registered tree at (104, 144, 204)
[10:31:29][INFO] Registered tree at (108, 143, 196)
[10:31:29][INFO] Registered tree at (112, 144, 216)
[10:31:29][INFO] Registered tree at (124, 143, 192)
[10:31:29][INFO] Registered tree at (100, 141, 24)
[10:31:29][INFO] Registered tree at (360, 146, 4)
[10:31:29][INFO] Registered tree at (360, 146, 4)
[10:31:29][INFO] Registered tree at (372, 144, 12)
[10:31:29][INFO] Registered tree at (360, 146, 4)
[10:31:29][INFO] Registered tree at (372, 144, 12)
[10:31:29][INFO] Registered tree at (372, 144, 24)
[10:31:29][INFO] Registered tree at (104, 143, 76)
[10:31:29][INFO] Registered tree at (104, 143, 76)
[10:31:29][INFO] Registered tree at (104, 145, 80)
[10:31:29][INFO] Registered tree at (100, 151, 268)
[10:31:29][INFO] Registered tree at (360, 146, 4)
[10:31:29][INFO] Registered tree at (360, 146, 4)
[10:31:29][INFO] Registered tree at (372, 144, 12)
[10:31:29][INFO] Registered tree at (360, 146, 4)
[10:31:29][INFO] Registered tree at (372, 144, 12)
[10:31:29][INFO] Registered tree at (372, 144, 24)
[10:31:29][INFO] Registered tree at (288, 149, 4)
[10:31:29][INFO] Registered tree at (288, 149, 4)
[10:31:29][INFO] Registered tree at (288, 153, 28)
[10:31:29][INFO] Registered tree at (288, 149, 4)
[10:31:29][INFO] Registered tree at (288, 153, 28)
[10:31:29][INFO] Registered tree at (292, 149, 8)
[10:31:29][INFO] Registered tree at (288, 149, 4)
[10:31:29][INFO] Registered tree at (288, 153, 28)
[10:31:29][INFO] Registered tree at (292, 149, 8)
[10:31:29][INFO] Registered tree at (300, 150, 28)
[10:31:29][INFO] Registered tree at (288, 149, 4)
[10:31:29][INFO] Registered tree at (288, 153, 28)
[10:31:29][INFO] Registered tree at (292, 149, 8)
[10:31:29][INFO] Registered tree at (300, 150, 28)
[10:31:29][INFO] Registered tree at (304, 146, 16)
[10:31:29][INFO] Registered tree at (352, 147, 64)
[10:31:29][INFO] Registered tree at (352, 147, 64)
[10:31:29][INFO] Registered tree at (352, 148, 84)
[10:31:29][INFO] Registered tree at (100, 141, 24)
[10:31:29][INFO] Registered tree at (224, 148, 136)
[10:31:29][INFO] Registered tree at (356, 148, 204)
[10:31:29][INFO] Registered tree at (356, 148, 204)
[10:31:29][INFO] Registered tree at (368, 150, 192)
[10:31:29][INFO] Registered tree at (356, 148, 204)
[10:31:29][INFO] Registered tree at (368, 150, 192)
[10:31:29][INFO] Registered tree at (368, 143, 212)
[10:31:29][INFO] Registered tree at (356, 148, 204)
[10:31:29][INFO] Registered tree at (368, 150, 192)
[10:31:29][INFO] Registered tree at (368, 143, 212)
[10:31:29][INFO] Registered tree at (380, 145, 196)
[10:31:29][INFO] Registered tree at (100, 144, 204)
[10:31:29][INFO] Registered tree at (100, 144, 204)
[10:31:29][INFO] Registered tree at (104, 144, 204)
[10:31:29][INFO] Registered tree at (100, 144, 204)
[10:31:29][INFO] Registered tree at (104, 144, 204)
[10:31:29][INFO] Registered tree at (108, 143, 196)
[10:31:29][INFO] Registered tree at (100, 144, 204)
[10:31:29][INFO] Registered tree at (104, 144, 204)
[10:31:29][INFO] Registered tree at (108, 143, 196)
[10:31:29][INFO] Registered tree at (112, 144, 216)
[10:31:29][INFO] Registered tree at (100, 144, 204)
[10:31:29][INFO] Registered tree at (104, 144, 204)
[10:31:29][INFO] Registered tree at (108, 143, 196)
[10:31:29][INFO] Registered tree at (112, 144, 216)
[10:31:29][INFO] Registered tree at (124, 143, 192)
[10:31:29][INFO] Registered tree at (104, 143, 76)
[10:31:29][INFO] Registered tree at (104, 143, 76)
[10:31:29][INFO] Registered tree at (104, 145, 80)
[10:31:29][INFO] Registered tree at (268, 142, 136)
[10:31:29][INFO] Registered tree at (268, 142, 136)
[10:31:29][INFO] Registered tree at (268, 148, 156)
[10:31:29][INFO] Registered tree at (268, 142, 136)
[10:31:29][INFO] Registered tree at (268, 148, 156)
[10:31:29][INFO] Registered tree at (276, 143, 128)
[10:31:29][INFO] Registered tree at (268, 142, 136)
[10:31:29][INFO] Registered tree at (268, 148, 156)
[10:31:29][INFO] Registered tree at (276, 143, 128)
[10:31:29][INFO] Registered tree at (284, 141, 144)
[10:31:29][INFO] Registered tree at (192, 148, 148)
[10:31:29][INFO] Registered tree at (192, 148, 148)
[10:31:29][INFO] Registered tree at (200, 148, 140)
[10:31:29][INFO] Registered tree at (192, 148, 148)
[10:31:29][INFO] Registered tree at (200, 148, 140)
[10:31:29][INFO] Registered tree at (204, 151, 148)
[10:31:29][INFO] Registered tree at (192, 148, 148)
[10:31:29][INFO] Registered tree at (200, 148, 140)
[10:31:29][INFO] Registered tree at (204, 151, 148)
[10:31:29][INFO] Registered tree at (212, 151, 148)
[10:31:29][INFO] Registered tree at (224, 146, 116)
[10:31:29][INFO] Registered tree at (224, 146, 116)
[10:31:29][INFO] Registered tree at (232, 143, 112)
[10:31:29][INFO] Registered tree at (224, 146, 116)
[10:31:29][INFO] Registered tree at (232, 143, 112)
[10:31:29][INFO] Registered tree at (244, 145, 120)
[10:31:29][INFO] Registered tree at (224, 146, 116)
[10:31:29][INFO] Registered tree at (232, 143, 112)
[10:31:29][INFO] Registered tree at (244, 145, 120)
[10:31:29][INFO] Registered tree at (248, 147, 100)
[10:31:29][INFO] Registered tree at (224, 146, 116)
[10:31:29][INFO] Registered tree at (232, 143, 112)
[10:31:29][INFO] Registered tree at (244, 145, 120)
[10:31:29][INFO] Registered tree at (248, 147, 100)
[10:31:29][INFO] Registered tree at (248, 146, 116)
[10:31:29][INFO] Registered tree at (268, 142, 136)
[10:31:29][INFO] Registered tree at (268, 142, 136)
[10:31:29][INFO] Registered tree at (268, 148, 156)
[10:31:29][INFO] Registered tree at (268, 142, 136)
[10:31:29][INFO] Registered tree at (268, 148, 156)
[10:31:29][INFO] Registered tree at (276, 143, 128)
[10:31:29][INFO] Registered tree at (268, 142, 136)
[10:31:29][INFO] Registered tree at (268, 148, 156)
[10:31:29][INFO] Registered tree at (276, 143, 128)
[10:31:29][INFO] Registered tree at (284, 141, 144)
[10:31:29][INFO] Registered tree at (224, 154, 180)
[10:31:29][INFO] Registered tree at (224, 154, 180)
[10:31:29][INFO] Registered tree at (228, 152, 188)
[10:31:29][INFO] Registered tree at (224, 154, 180)
[10:31:29][INFO] Registered tree at (228, 152, 188)
[10:31:29][INFO] Registered tree at (236, 151, 164)
[10:31:29][INFO] Registered tree at (224, 154, 180)
[10:31:29][INFO] Registered tree at (224, 154, 180)
[10:31:29][INFO] Registered tree at (228, 152, 188)
[10:31:29][INFO] Registered tree at (224, 154, 180)
[10:31:29][INFO] Registered tree at (228, 152, 188)
[10:31:29][INFO] Registered tree at (236, 151, 164)
[10:31:29][INFO] Registered tree at (224, 146, 116)
[10:31:29][INFO] Registered tree at (224, 146, 116)
[10:31:29][INFO] Registered tree at (232, 143, 112)
[10:31:29][INFO] Registered tree at (224, 146, 116)
[10:31:29][INFO] Registered tree at (232, 143, 112)
[10:31:29][INFO] Registered tree at (244, 145, 120)
[10:31:29][INFO] Registered tree at (224, 146, 116)
[10:31:29][INFO] Registered tree at (232, 143, 112)
[10:31:29][INFO] Registered tree at (244, 145, 120)
[10:31:29][INFO] Registered tree at (248, 147, 100)
[10:31:29][INFO] Registered tree at (224, 146, 116)
[10:31:29][INFO] Registered tree at (232, 143, 112)
[10:31:29][INFO] Registered tree at (244, 145, 120)
[10:31:29][INFO] Registered tree at (248, 147, 100)
[10:31:29][INFO] Registered tree at (248, 146, 116)
[10:31:29][INFO] Registered tree at (192, 148, 148)
[10:31:29][INFO] Registered tree at (192, 148, 148)
[10:31:29][INFO] Registered tree at (200, 148, 140)
[10:31:29][INFO] Registered tree at (192, 148, 148)
[10:31:29][INFO] Registered tree at (200, 148, 140)
[10:31:29][INFO] Registered tree at (204, 151, 148)
[10:31:29][INFO] Registered tree at (192, 148, 148)
[10:31:29][INFO] Registered tree at (200, 148, 140)
[10:31:29][INFO] Registered tree at (204, 151, 148)
[10:31:29][INFO] Registered tree at (212, 151, 148)
[10:31:29][INFO] Registered tree at (192, 145, 188)
[10:31:29][INFO] Registered tree at (192, 145, 188)
[10:31:29][INFO] Registered tree at (204, 149, 180)
[10:31:29][INFO] Registered tree at (200, 137, 104)
[10:31:29][INFO] Registered tree at (200, 137, 104)
[10:31:29][INFO] Registered tree at (204, 145, 124)
[10:31:29][INFO] Registered tree at (200, 137, 104)
[10:31:29][INFO] Registered tree at (204, 145, 124)
[10:31:29][INFO] Registered tree at (212, 139, 96)
[10:31:29][INFO] Registered tree at (200, 137, 104)
[10:31:29][INFO] Registered tree at (204, 145, 124)
[10:31:29][INFO] Registered tree at (212, 139, 96)
[10:31:29][INFO] Registered tree at (220, 145, 112)
[10:31:29][INFO] Registered tree at (200, 137, 104)
[10:31:29][INFO] Registered tree at (200, 137, 104)
[10:31:29][INFO] Registered tree at (204, 145, 124)
[10:31:29][INFO] Registered tree at (200, 137, 104)
[10:31:29][INFO] Registered tree at (204, 145, 124)
[10:31:29][INFO] Registered tree at (212, 139, 96)
[10:31:29][INFO] Registered tree at (200, 137, 104)
[10:31:29][INFO] Registered tree at (204, 145, 124)
[10:31:29][INFO] Registered tree at (212, 139, 96)
[10:31:29][INFO] Registered tree at (220, 145, 112)
[10:31:29][INFO] Registered tree at (260, 150, 100)
[10:31:29][INFO] Registered tree at (260, 150, 100)
[10:31:29][INFO] Registered tree at (268, 151, 100)
[10:31:29][INFO] Registered tree at (260, 150, 100)
[10:31:29][INFO] Registered tree at (268, 151, 100)
[10:31:29][INFO] Registered tree at (272, 145, 124)
[10:31:29][INFO] Registered tree at (260, 150, 100)
[10:31:29][INFO] Registered tree at (268, 151, 100)
[10:31:29][INFO] Registered tree at (272, 145, 124)
[10:31:29][INFO] Registered tree at (276, 146, 108)
[10:31:29][INFO] Registered tree at (260, 150, 100)
[10:31:29][INFO] Registered tree at (268, 151, 100)
[10:31:29][INFO] Registered tree at (272, 145, 124)
[10:31:29][INFO] Registered tree at (276, 146, 108)
[10:31:29][INFO] Registered tree at (284, 144, 116)
[10:31:29][INFO] Registered tree at (192, 145, 188)
[10:31:29][INFO] Registered tree at (192, 145, 188)
[10:31:29][INFO] Registered tree at (204, 149, 180)
[10:31:29][INFO] Registered tree at (260, 150, 100)
[10:31:29][INFO] Registered tree at (260, 150, 100)
[10:31:29][INFO] Registered tree at (268, 151, 100)
[10:31:29][INFO] Registered tree at (260, 150, 100)
[10:31:29][INFO] Registered tree at (268, 151, 100)
[10:31:29][INFO] Registered tree at (272, 145, 124)
[10:31:29][INFO] Registered tree at (260, 150, 100)
[10:31:29][INFO] Registered tree at (268, 151, 100)
[10:31:29][INFO] Registered tree at (272, 145, 124)
[10:31:29][INFO] Registered tree at (276, 146, 108)
[10:31:29][INFO] Registered tree at (260, 150, 100)
[10:31:29][INFO] Registered tree at (268, 151, 100)
[10:31:29][INFO] Registered tree at (272, 145, 124)
[10:31:29][INFO] Registered tree at (276, 146, 108)
[10:31:29][INFO] Registered tree at (284, 144, 116)
[10:31:29][INFO] Registered tree at (224, 152, 204)
[10:31:29][INFO] Registered tree at (224, 152, 204)
[10:31:29][INFO] Registered tree at (232, 149, 200)
[10:31:29][INFO] Registered tree at (224, 152, 204)
[10:31:29][INFO] Registered tree at (232, 149, 200)
[10:31:29][INFO] Registered tree at (244, 146, 196)
[10:31:29][INFO] Registered tree at (224, 152, 204)
[10:31:29][INFO] Registered tree at (232, 149, 200)
[10:31:29][INFO] Registered tree at (244, 146, 196)
[10:31:29][INFO] Registered tree at (252, 144, 192)
[10:31:29][INFO] Registered tree at (160, 145, 148)
[10:31:29][INFO] Registered tree at (160, 145, 148)
[10:31:29][INFO] Registered tree at (164, 145, 128)
[10:31:29][INFO] Registered tree at (160, 145, 148)
[10:31:29][INFO] Registered tree at (164, 145, 128)
[10:31:29][INFO] Registered tree at (168, 144, 156)
[10:31:29][INFO] Registered tree at (160, 145, 148)
[10:31:29][INFO] Registered tree at (164, 145, 128)
[10:31:29][INFO] Registered tree at (168, 144, 156)
[10:31:29][INFO] Registered tree at (172, 143, 132)
[10:31:29][INFO] Registered tree at (160, 145, 148)
[10:31:29][INFO] Registered tree at (164, 145, 128)
[10:31:29][INFO] Registered tree at (168, 144, 156)
[10:31:29][INFO] Registered tree at (172, 143, 132)
[10:31:29][INFO] Registered tree at (172, 145, 144)
[10:31:29][INFO] Registered tree at (160, 145, 148)
[10:31:29][INFO] Registered tree at (164, 145, 128)
[10:31:29][INFO] Registered tree at (168, 144, 156)
[10:31:29][INFO] Registered tree at (172, 143, 132)
[10:31:29][INFO] Registered tree at (172, 145, 144)
[10:31:29][INFO] Registered tree at (180, 144, 140)
[10:31:29][INFO] Registered tree at (160, 145, 148)
[10:31:29][INFO] Registered tree at (164, 145, 128)
[10:31:29][INFO] Registered tree at (168, 144, 156)
[10:31:29][INFO] Registered tree at (172, 143, 132)
[10:31:29][INFO] Registered tree at (172, 145, 144)
[10:31:29][INFO] Registered tree at (180, 144, 140)
[10:31:29][INFO] Registered tree at (188, 146, 140)
[10:31:29][INFO] Registered tree at (288, 141, 128)
[10:31:29][INFO] Registered tree at (288, 141, 128)
[10:31:29][INFO] Registered tree at (300, 144, 132)
[10:31:29][INFO] Registered tree at (288, 141, 128)
[10:31:29][INFO] Registered tree at (300, 144, 132)
[10:31:29][INFO] Registered tree at (300, 145, 144)
[10:31:29][INFO] Registered tree at (288, 141, 128)
[10:31:29][INFO] Registered tree at (300, 144, 132)
[10:31:29][INFO] Registered tree at (300, 145, 144)
[10:31:29][INFO] Registered tree at (308, 146, 144)
[10:31:29][INFO] Registered tree at (288, 141, 128)
[10:31:29][INFO] Registered tree at (288, 141, 128)
[10:31:29][INFO] Registered tree at (300, 144, 132)
[10:31:29][INFO] Registered tree at (288, 141, 128)
[10:31:29][INFO] Registered tree at (300, 144, 132)
[10:31:29][INFO] Registered tree at (300, 145, 144)
[10:31:29][INFO] Registered tree at (288, 141, 128)
[10:31:29][INFO] Registered tree at (300, 144, 132)
[10:31:29][INFO] Registered tree at (300, 145, 144)
[10:31:29][INFO] Registered tree at (308, 146, 144)
[10:31:29][INFO] Registered tree at (224, 152, 204)
[10:31:29][INFO] Registered tree at (224, 152, 204)
[10:31:29][INFO] Registered tree at (232, 149, 200)
[10:31:29][INFO] Registered tree at (224, 152, 204)
[10:31:29][INFO] Registered tree at (232, 149, 200)
[10:31:29][INFO] Registered tree at (244, 146, 196)
[10:31:29][INFO] Registered tree at (224, 152, 204)
[10:31:29][INFO] Registered tree at (232, 149, 200)
[10:31:29][INFO] Registered tree at (244, 146, 196)
[10:31:29][INFO] Registered tree at (252, 144, 192)
[10:31:29][INFO] Registered tree at (160, 145, 148)
[10:31:29][INFO] Registered tree at (160, 145, 148)
[10:31:29][INFO] Registered tree at (164, 145, 128)
[10:31:29][INFO] Registered tree at (160, 145, 148)
[10:31:29][INFO] Registered tree at (164, 145, 128)
[10:31:29][INFO] Registered tree at (168, 144, 156)
[10:31:29][INFO] Registered tree at (160, 145, 148)
[10:31:29][INFO] Registered tree at (164, 145, 128)
[10:31:29][INFO] Registered tree at (168, 144, 156)
[10:31:29][INFO] Registered tree at (172, 143, 132)
[10:31:29][INFO] Registered tree at (160, 145, 148)
[10:31:29][INFO] Registered tree at (164, 145, 128)
[10:31:29][INFO] Registered tree at (168, 144, 156)
[10:31:29][INFO] Registered tree at (172, 143, 132)
[10:31:29][INFO] Registered tree at (172, 145, 144)
[10:31:29][INFO] Registered tree at (160, 145, 148)
[10:31:29][INFO] Registered tree at (164, 145, 128)
[10:31:29][INFO] Registered tree at (168, 144, 156)
[10:31:29][INFO] Registered tree at (172, 143, 132)
[10:31:29][INFO] Registered tree at (172, 145, 144)
[10:31:29][INFO] Registered tree at (180, 144, 140)
[10:31:29][INFO] Registered tree at (160, 145, 148)
[10:31:29][INFO] Registered tree at (164, 145, 128)
[10:31:29][INFO] Registered tree at (168, 144, 156)
[10:31:29][INFO] Registered tree at (172, 143, 132)
[10:31:29][INFO] Registered tree at (172, 145, 144)
[10:31:29][INFO] Registered tree at (180, 144, 140)
[10:31:29][INFO] Registered tree at (188, 146, 140)
[10:31:29][INFO] Registered tree at (236, 145, 68)
[10:31:29][INFO] Registered tree at (236, 145, 68)
[10:31:29][INFO] Registered tree at (252, 150, 64)
[10:31:29][INFO] Registered tree at (236, 145, 68)
[10:31:29][INFO] Registered tree at (236, 145, 68)
[10:31:29][INFO] Registered tree at (252, 150, 64)
[10:31:29][INFO] Registered tree at (320, 147, 4)
[10:31:29][INFO] Registered tree at (320, 147, 4)
[10:31:29][INFO] Registered tree at (320, 149, 8)
[10:31:29][INFO] Registered tree at (320, 147, 4)
[10:31:29][INFO] Registered tree at (320, 149, 8)
[10:31:29][INFO] Registered tree at (332, 149, 4)
[10:31:29][INFO] Registered tree at (320, 147, 4)
[10:31:29][INFO] Registered tree at (320, 149, 8)
[10:31:29][INFO] Registered tree at (332, 149, 4)
[10:31:29][INFO] Registered tree at (332, 154, 28)
[10:31:29][INFO] Registered tree at (320, 147, 4)
[10:31:29][INFO] Registered tree at (320, 149, 8)
[10:31:29][INFO] Registered tree at (332, 149, 4)
[10:31:29][INFO] Registered tree at (332, 154, 28)
[10:31:29][INFO] Registered tree at (336, 150, 4)
[10:31:29][INFO] Registered tree at (320, 147, 4)
[10:31:29][INFO] Registered tree at (320, 149, 8)
[10:31:29][INFO] Registered tree at (332, 149, 4)
[10:31:29][INFO] Registered tree at (332, 154, 28)
[10:31:29][INFO] Registered tree at (336, 150, 4)
[10:31:29][INFO] Registered tree at (340, 151, 20)
[10:31:29][INFO] Registered tree at (320, 147, 4)
[10:31:29][INFO] Registered tree at (320, 149, 8)
[10:31:29][INFO] Registered tree at (332, 149, 4)
[10:31:29][INFO] Registered tree at (332, 154, 28)
[10:31:29][INFO] Registered tree at (336, 150, 4)
[10:31:29][INFO] Registered tree at (340, 151, 20)
[10:31:29][INFO] Registered tree at (340, 151, 24)
[10:31:29][INFO] Registered tree at (320, 147, 4)
[10:31:29][INFO] Registered tree at (320, 149, 8)
[10:31:29][INFO] Registered tree at (332, 149, 4)
[10:31:29][INFO] Registered tree at (332, 154, 28)
[10:31:29][INFO] Registered tree at (336, 150, 4)
[10:31:29][INFO] Registered tree at (340, 151, 20)
[10:31:29][INFO] Registered tree at (340, 151, 24)
[10:31:29][INFO] Registered tree at (344, 152, 4)
[10:31:29][INFO] Registered tree at (320, 147, 4)
[10:31:29][INFO] Registered tree at (320, 149, 8)
[10:31:29][INFO] Registered tree at (332, 149, 4)
[10:31:29][INFO] Registered tree at (332, 154, 28)
[10:31:29][INFO] Registered tree at (336, 150, 4)
[10:31:29][INFO] Registered tree at (340, 151, 20)
[10:31:29][INFO] Registered tree at (340, 151, 24)
[10:31:29][INFO] Registered tree at (344, 152, 4)
[10:31:29][INFO] Registered tree at (348, 151, 20)
[10:31:29][INFO] Registered tree at (268, 142, 216)
[10:31:29][INFO] Registered tree at (180, 140, 188)
[10:31:29][INFO] Registered tree at (292, 141, 120)
[10:31:29][INFO] Registered tree at (292, 141, 120)
[10:31:29][INFO] Registered tree at (296, 140, 116)
[10:31:29][INFO] Registered tree at (292, 141, 120)
[10:31:29][INFO] Registered tree at (296, 140, 116)
[10:31:29][INFO] Registered tree at (316, 148, 96)
[10:31:29][INFO] Registered tree at (132, 147, 260)
[10:31:29][INFO] Registered tree at (132, 147, 260)
[10:31:29][INFO] Registered tree at (132, 144, 284)
[10:31:29][INFO] Registered tree at (132, 147, 260)
[10:31:29][INFO] Registered tree at (132, 144, 284)
[10:31:29][INFO] Registered tree at (140, 146, 268)
[10:31:29][INFO] Registered tree at (132, 147, 260)
[10:31:29][INFO] Registered tree at (132, 144, 284)
[10:31:29][INFO] Registered tree at (140, 146, 268)
[10:31:29][INFO] Registered tree at (148, 141, 256)
[10:31:29][INFO] Registered tree at (132, 147, 260)
[10:31:29][INFO] Registered tree at (132, 144, 284)
[10:31:29][INFO] Registered tree at (140, 146, 268)
[10:31:29][INFO] Registered tree at (148, 141, 256)
[10:31:29][INFO] Registered tree at (148, 145, 276)
[10:31:29][INFO] Registered tree at (132, 147, 260)
[10:31:29][INFO] Registered tree at (132, 144, 284)
[10:31:29][INFO] Registered tree at (140, 146, 268)
[10:31:29][INFO] Registered tree at (148, 141, 256)
[10:31:29][INFO] Registered tree at (148, 145, 276)
[10:31:29][INFO] Registered tree at (156, 143, 260)
[10:31:29][INFO] Registered tree at (292, 140, 164)
[10:31:29][INFO] Registered tree at (292, 140, 164)
[10:31:29][INFO] Registered tree at (300, 141, 164)
[10:31:29][INFO] Registered tree at (292, 140, 164)
[10:31:29][INFO] Registered tree at (300, 141, 164)
[10:31:29][INFO] Registered tree at (308, 144, 164)
[10:31:29][INFO] Registered tree at (292, 140, 164)
[10:31:29][INFO] Registered tree at (300, 141, 164)
[10:31:29][INFO] Registered tree at (308, 144, 164)
[10:31:29][INFO] Registered tree at (308, 143, 168)
[10:31:29][INFO] Registered tree at (292, 140, 164)
[10:31:29][INFO] Registered tree at (300, 141, 164)
[10:31:29][INFO] Registered tree at (308, 144, 164)
[10:31:29][INFO] Registered tree at (308, 143, 168)
[10:31:29][INFO] Registered tree at (316, 144, 176)
[10:31:29][INFO] Registered tree at (132, 147, 260)
[10:31:29][INFO] Registered tree at (132, 147, 260)
[10:31:29][INFO] Registered tree at (132, 144, 284)
[10:31:29][INFO] Registered tree at (132, 147, 260)
[10:31:29][INFO] Registered tree at (132, 144, 284)
[10:31:29][INFO] Registered tree at (140, 146, 268)
[10:31:29][INFO] Registered tree at (132, 147, 260)
[10:31:29][INFO] Registered tree at (132, 144, 284)
[10:31:29][INFO] Registered tree at (140, 146, 268)
[10:31:29][INFO] Registered tree at (148, 141, 256)
[10:31:29][INFO] Registered tree at (132, 147, 260)
[10:31:29][INFO] Registered tree at (132, 144, 284)
[10:31:29][INFO] Registered tree at (140, 146, 268)
[10:31:29][INFO] Registered tree at (148, 141, 256)
[10:31:29][INFO] Registered tree at (148, 145, 276)
[10:31:29][INFO] Registered tree at (132, 147, 260)
[10:31:29][INFO] Registered tree at (132, 144, 284)
[10:31:29][INFO] Registered tree at (140, 146, 268)
[10:31:29][INFO] Registered tree at (148, 141, 256)
[10:31:29][INFO] Registered tree at (148, 145, 276)
[10:31:29][INFO] Registered tree at (156, 143, 260)
[10:31:29][INFO] Registered tree at (172, 146, 100)
[10:31:29][INFO] Registered tree at (172, 146, 100)
[10:31:29][INFO] Registered tree at (180, 140, 108)
[10:31:29][INFO] Registered tree at (172, 146, 100)
[10:31:29][INFO] Registered tree at (180, 140, 108)
[10:31:29][INFO] Registered tree at (180, 142, 124)
[10:31:29][INFO] Registered tree at (172, 146, 100)
[10:31:29][INFO] Registered tree at (180, 140, 108)
[10:31:29][INFO] Registered tree at (180, 142, 124)
[10:31:29][INFO] Registered tree at (184, 141, 96)
[10:31:29][INFO] Registered tree at (320, 147, 4)
[10:31:29][INFO] Registered tree at (320, 147, 4)
[10:31:29][INFO] Registered tree at (320, 149, 8)
[10:31:29][INFO] Registered tree at (320, 147, 4)
[10:31:29][INFO] Registered tree at (320, 149, 8)
[10:31:29][INFO] Registered tree at (332, 149, 4)
[10:31:29][INFO] Registered tree at (320, 147, 4)
[10:31:29][INFO] Registered tree at (320, 149, 8)
[10:31:29][INFO] Registered tree at (332, 149, 4)
[10:31:29][INFO] Registered tree at (332, 154, 28)
[10:31:29][INFO] Registered tree at (320, 147, 4)
[10:31:29][INFO] Registered tree at (320, 149, 8)
[10:31:29][INFO] Registered tree at (332, 149, 4)
[10:31:29][INFO] Registered tree at (332, 154, 28)
[10:31:29][INFO] Registered tree at (336, 150, 4)
[10:31:29][INFO] Registered tree at (320, 147, 4)
[10:31:29][INFO] Registered tree at (320, 149, 8)
[10:31:29][INFO] Registered tree at (332, 149, 4)
[10:31:29][INFO] Registered tree at (332, 154, 28)
[10:31:29][INFO] Registered tree at (336, 150, 4)
[10:31:29][INFO] Registered tree at (340, 151, 20)
[10:31:29][INFO] Registered tree at (320, 147, 4)
[10:31:29][INFO] Registered tree at (320, 149, 8)
[10:31:29][INFO] Registered tree at (332, 149, 4)
[10:31:29][INFO] Registered tree at (332, 154, 28)
[10:31:29][INFO] Registered tree at (336, 150, 4)
[10:31:29][INFO] Registered tree at (340, 151, 20)
[10:31:29][INFO] Registered tree at (340, 151, 24)
[10:31:29][INFO] Registered tree at (320, 147, 4)
[10:31:29][INFO] Registered tree at (320, 149, 8)
[10:31:29][INFO] Registered tree at (332, 149, 4)
[10:31:29][INFO] Registered tree at (332, 154, 28)
[10:31:29][INFO] Registered tree at (336, 150, 4)
[10:31:29][INFO] Registered tree at (340, 151, 20)
[10:31:29][INFO] Registered tree at (340, 151, 24)
[10:31:29][INFO] Registered tree at (344, 152, 4)
[10:31:29][INFO] Registered tree at (320, 147, 4)
[10:31:29][INFO] Registered tree at (320, 149, 8)
[10:31:29][INFO] Registered tree at (332, 149, 4)
[10:31:29][INFO] Registered tree at (332, 154, 28)
[10:31:29][INFO] Registered tree at (336, 150, 4)
[10:31:29][INFO] Registered tree at (340, 151, 20)
[10:31:29][INFO] Registered tree at (340, 151, 24)
[10:31:29][INFO] Registered tree at (344, 152, 4)
[10:31:29][INFO] Registered tree at (348, 151, 20)
[10:31:29][INFO] Registered tree at (100, 139, 36)
[10:31:29][INFO] Registered tree at (100, 139, 36)
[10:31:29][INFO] Registered tree at (108, 143, 48)
[10:31:29][INFO] Registered tree at (268, 142, 216)
[10:31:29][INFO] Registered tree at (172, 146, 100)
[10:31:29][INFO] Registered tree at (172, 146, 100)
[10:31:29][INFO] Registered tree at (180, 140, 108)
[10:31:29][INFO] Registered tree at (172, 146, 100)
[10:31:29][INFO] Registered tree at (180, 140, 108)
[10:31:29][INFO] Registered tree at (180, 142, 124)
[10:31:29][INFO] Registered tree at (172, 146, 100)
[10:31:29][INFO] Registered tree at (180, 140, 108)
[10:31:29][INFO] Registered tree at (180, 142, 124)
[10:31:29][INFO] Registered tree at (184, 141, 96)
[10:31:29][INFO] Registered tree at (292, 141, 120)
[10:31:29][INFO] Registered tree at (292, 141, 120)
[10:31:29][INFO] Registered tree at (296, 140, 116)
[10:31:29][INFO] Registered tree at (292, 141, 120)
[10:31:29][INFO] Registered tree at (296, 140, 116)
[10:31:29][INFO] Registered tree at (316, 148, 96)
[10:31:29][INFO] Registered tree at (292, 140, 164)
[10:31:29][INFO] Registered tree at (292, 140, 164)
[10:31:29][INFO] Registered tree at (300, 141, 164)
[10:31:29][INFO] Registered tree at (292, 140, 164)
[10:31:29][INFO] Registered tree at (300, 141, 164)
[10:31:29][INFO] Registered tree at (308, 144, 164)
[10:31:29][INFO] Registered tree at (292, 140, 164)
[10:31:29][INFO] Registered tree at (300, 141, 164)
[10:31:29][INFO] Registered tree at (308, 144, 164)
[10:31:29][INFO] Registered tree at (308, 143, 168)
[10:31:29][INFO] Registered tree at (292, 140, 164)
[10:31:29][INFO] Registered tree at (300, 141, 164)
[10:31:29][INFO] Registered tree at (308, 144, 164)
[10:31:29][INFO] Registered tree at (308, 143, 168)
[10:31:29][INFO] Registered tree at (316, 144, 176)
[10:31:29][INFO] Registered tree at (180, 140, 188)
[10:31:29][INFO] Registered tree at (368, 144, 40)
[10:31:29][INFO] Registered tree at (368, 144, 40)
[10:31:29][INFO] Registered tree at (372, 142, 52)
[10:31:29][INFO] Registered tree at (128, 149, 28)
[10:31:29][INFO] Registered tree at (128, 149, 28)
[10:31:29][INFO] Registered tree at (140, 147, 24)
[10:31:29][INFO] Registered tree at (128, 149, 28)
[10:31:29][INFO] Registered tree at (140, 147, 24)
[10:31:29][INFO] Registered tree at (148, 146, 0)
[10:31:29][INFO] Registered tree at (128, 149, 28)
[10:31:29][INFO] Registered tree at (140, 147, 24)
[10:31:29][INFO] Registered tree at (148, 146, 0)
[10:31:29][INFO] Registered tree at (156, 145, 20)
[10:31:29][INFO] Registered tree at (260, 153, 76)
[10:31:29][INFO] Registered tree at (260, 153, 76)
[10:31:29][INFO] Registered tree at (260, 154, 84)
[10:31:29][INFO] Registered tree at (260, 153, 76)
[10:31:29][INFO] Registered tree at (260, 154, 84)
[10:31:29][INFO] Registered tree at (268, 151, 64)
[10:31:29][INFO] Registered tree at (260, 153, 76)
[10:31:29][INFO] Registered tree at (260, 154, 84)
[10:31:29][INFO] Registered tree at (268, 151, 64)
[10:31:29][INFO] Registered tree at (276, 153, 76)
[10:31:29][INFO] Registered tree at (260, 153, 76)
[10:31:29][INFO] Registered tree at (260, 154, 84)
[10:31:29][INFO] Registered tree at (268, 151, 64)
[10:31:29][INFO] Registered tree at (276, 153, 76)
[10:31:29][INFO] Registered tree at (276, 153, 80)
[10:31:29][INFO] Registered tree at (260, 153, 76)
[10:31:29][INFO] Registered tree at (260, 154, 84)
[10:31:29][INFO] Registered tree at (268, 151, 64)
[10:31:29][INFO] Registered tree at (276, 153, 76)
[10:31:29][INFO] Registered tree at (276, 153, 80)
[10:31:29][INFO] Registered tree at (284, 152, 76)
[10:31:29][INFO] Registered tree at (324, 141, 284)
[10:31:29][INFO] Registered tree at (104, 146, 228)
[10:31:29][INFO] Registered tree at (104, 146, 228)
[10:31:29][INFO] Registered tree at (104, 152, 252)
[10:31:29][INFO] Registered tree at (104, 146, 228)
[10:31:29][INFO] Registered tree at (104, 152, 252)
[10:31:29][INFO] Registered tree at (112, 145, 240)
[10:31:29][INFO] Registered tree at (104, 146, 228)
[10:31:29][INFO] Registered tree at (104, 152, 252)
[10:31:29][INFO] Registered tree at (112, 145, 240)
[10:31:29][INFO] Registered tree at (116, 151, 252)
[10:31:29][INFO] Registered tree at (324, 141, 284)
[10:31:29][INFO] Registered tree at (352, 142, 252)
[10:31:29][INFO] Registered tree at (352, 142, 252)
[10:31:29][INFO] Registered tree at (356, 143, 244)
[10:31:29][INFO] Registered tree at (352, 142, 252)
[10:31:29][INFO] Registered tree at (356, 143, 244)
[10:31:29][INFO] Registered tree at (360, 145, 236)
[10:31:29][INFO] Registered tree at (352, 142, 252)
[10:31:29][INFO] Registered tree at (356, 143, 244)
[10:31:29][INFO] Registered tree at (360, 145, 236)
[10:31:29][INFO] Registered tree at (372, 142, 236)
[10:31:29][INFO] Registered tree at (352, 142, 252)
[10:31:29][INFO] Registered tree at (356, 143, 244)
[10:31:29][INFO] Registered tree at (360, 145, 236)
[10:31:29][INFO] Registered tree at (372, 142, 236)
[10:31:29][INFO] Registered tree at (372, 140, 244)
[10:31:29][INFO] Registered tree at (352, 142, 252)
[10:31:29][INFO] Registered tree at (356, 143, 244)
[10:31:29][INFO] Registered tree at (360, 145, 236)
[10:31:29][INFO] Registered tree at (372, 142, 236)
[10:31:29][INFO] Registered tree at (372, 140, 244)
[10:31:29][INFO] Registered tree at (376, 141, 232)
[10:31:29][INFO] Registered tree at (104, 146, 228)
[10:31:29][INFO] Registered tree at (104, 146, 228)
[10:31:29][INFO] Registered tree at (104, 152, 252)
[10:31:29][INFO] Registered tree at (104, 146, 228)
[10:31:29][INFO] Registered tree at (104, 152, 252)
[10:31:29][INFO] Registered tree at (112, 145, 240)
[10:31:29][INFO] Registered tree at (104, 146, 228)
[10:31:29][INFO] Registered tree at (104, 152, 252)
[10:31:29][INFO] Registered tree at (112, 145, 240)
[10:31:29][INFO] Registered tree at (116, 151, 252)
[10:31:29][INFO] Registered tree at (368, 144, 40)
[10:31:29][INFO] Registered tree at (368, 144, 40)
[10:31:29][INFO] Registered tree at (372, 142, 52)
[10:31:29][INFO] Registered tree at (260, 153, 76)
[10:31:29][INFO] Registered tree at (260, 153, 76)
[10:31:29][INFO] Registered tree at (260, 154, 84)
[10:31:29][INFO] Registered tree at (260, 153, 76)
[10:31:29][INFO] Registered tree at (260, 154, 84)
[10:31:29][INFO] Registered tree at (268, 151, 64)
[10:31:29][INFO] Registered tree at (260, 153, 76)
[10:31:29][INFO] Registered tree at (260, 154, 84)
[10:31:29][INFO] Registered tree at (268, 151, 64)
[10:31:29][INFO] Registered tree at (276, 153, 76)
[10:31:29][INFO] Registered tree at (260, 153, 76)
[10:31:29][INFO] Registered tree at (260, 154, 84)
[10:31:29][INFO] Registered tree at (268, 151, 64)
[10:31:29][INFO] Registered tree at (276, 153, 76)
[10:31:29][INFO] Registered tree at (276, 153, 80)
[10:31:29][INFO] Registered tree at (260, 153, 76)
[10:31:29][INFO] Registered tree at (260, 154, 84)
[10:31:29][INFO] Registered tree at (268, 151, 64)
[10:31:29][INFO] Registered tree at (276, 153, 76)
[10:31:29][INFO] Registered tree at (276, 153, 80)
[10:31:29][INFO] Registered tree at (284, 152, 76)
[10:31:29][INFO] Registered tree at (100, 139, 36)
[10:31:29][INFO] Registered tree at (100, 139, 36)
[10:31:29][INFO] Registered tree at (108, 143, 48)
[10:31:29][INFO] Registered tree at (352, 142, 252)
[10:31:29][INFO] Registered tree at (352, 142, 252)
[10:31:29][INFO] Registered tree at (356, 143, 244)
[10:31:29][INFO] Registered tree at (352, 142, 252)
[10:31:29][INFO] Registered tree at (356, 143, 244)
[10:31:29][INFO] Registered tree at (360, 145, 236)
[10:31:29][INFO] Registered tree at (352, 142, 252)
[10:31:29][INFO] Registered tree at (356, 143, 244)
[10:31:29][INFO] Registered tree at (360, 145, 236)
[10:31:29][INFO] Registered tree at (372, 142, 236)
[10:31:29][INFO] Registered tree at (352, 142, 252)
[10:31:29][INFO] Registered tree at (356, 143, 244)
[10:31:29][INFO] Registered tree at (360, 145, 236)
[10:31:29][INFO] Registered tree at (372, 142, 236)
[10:31:29][INFO] Registered tree at (372, 140, 244)
[10:31:29][INFO] Registered tree at (352, 142, 252)
[10:31:29][INFO] Registered tree at (356, 143, 244)
[10:31:29][INFO] Registered tree at (360, 145, 236)
[10:31:29][INFO] Registered tree at (372, 142, 236)
[10:31:29][INFO] Registered tree at (372, 140, 244)
[10:31:29][INFO] Registered tree at (376, 141, 232)
[10:31:29][INFO] Registered tree at (128, 149, 28)
[10:31:29][INFO] Registered tree at (128, 149, 28)
[10:31:29][INFO] Registered tree at (140, 147, 24)
[10:31:29][INFO] Registered tree at (128, 149, 28)
[10:31:29][INFO] Registered tree at (140, 147, 24)
[10:31:29][INFO] Registered tree at (148, 146, 0)
[10:31:29][INFO] Registered tree at (128, 149, 28)
[10:31:29][INFO] Registered tree at (140, 147, 24)
[10:31:29][INFO] Registered tree at (148, 146, 0)
[10:31:29][INFO] Registered tree at (156, 145, 20)
[10:31:29][INFO] Registered tree at (292, 151, 68)
[10:31:29][INFO] Registered tree at (292, 151, 68)
[10:31:29][INFO] Registered tree at (292, 150, 76)
[10:31:29][INFO] Registered tree at (292, 151, 68)
[10:31:29][INFO] Registered tree at (292, 150, 76)
[10:31:29][INFO] Registered tree at (292, 145, 88)
[10:31:29][INFO] Registered tree at (292, 151, 68)
[10:31:29][INFO] Registered tree at (292, 150, 76)
[10:31:29][INFO] Registered tree at (292, 145, 88)
[10:31:29][INFO] Registered tree at (300, 149, 76)
[10:31:29][INFO] Registered tree at (292, 141, 208)
[10:31:29][INFO] Registered tree at (292, 141, 208)
[10:31:29][INFO] Registered tree at (296, 139, 220)
[10:31:29][INFO] Registered tree at (292, 141, 208)
[10:31:29][INFO] Registered tree at (296, 139, 220)
[10:31:29][INFO] Registered tree at (300, 144, 208)
[10:31:29][INFO] Registered tree at (292, 141, 208)
[10:31:29][INFO] Registered tree at (296, 139, 220)
[10:31:29][INFO] Registered tree at (300, 144, 208)
[10:31:29][INFO] Registered tree at (304, 142, 200)
[10:31:29][INFO] Registered tree at (292, 141, 208)
[10:31:29][INFO] Registered tree at (296, 139, 220)
[10:31:29][INFO] Registered tree at (300, 144, 208)
[10:31:29][INFO] Registered tree at (304, 142, 200)
[10:31:29][INFO] Registered tree at (308, 143, 220)
[10:31:29][INFO] Registered tree at (292, 141, 208)
[10:31:29][INFO] Registered tree at (296, 139, 220)
[10:31:29][INFO] Registered tree at (300, 144, 208)
[10:31:29][INFO] Registered tree at (304, 142, 200)
[10:31:29][INFO] Registered tree at (308, 143, 220)
[10:31:29][INFO] Registered tree at (316, 143, 212)
[10:31:29][INFO] Registered tree at (164, 142, 64)
[10:31:29][INFO] Registered tree at (164, 142, 64)
[10:31:29][INFO] Registered tree at (172, 137, 76)
[10:31:29][INFO] Registered tree at (164, 142, 64)
[10:31:29][INFO] Registered tree at (172, 137, 76)
[10:31:29][INFO] Registered tree at (180, 135, 76)
[10:31:29][INFO] Registered tree at (164, 142, 64)
[10:31:29][INFO] Registered tree at (172, 137, 76)
[10:31:29][INFO] Registered tree at (180, 135, 76)
[10:31:29][INFO] Registered tree at (188, 137, 68)
[10:31:29][INFO] Registered tree at (164, 139, 200)
[10:31:29][INFO] Registered tree at (164, 139, 200)
[10:31:29][INFO] Registered tree at (172, 137, 216)
[10:31:29][INFO] Registered tree at (164, 139, 200)
[10:31:29][INFO] Registered tree at (164, 139, 200)
[10:31:29][INFO] Registered tree at (172, 137, 216)
[10:31:29][INFO] Registered tree at (164, 142, 64)
[10:31:29][INFO] Registered tree at (164, 142, 64)
[10:31:29][INFO] Registered tree at (172, 137, 76)
[10:31:29][INFO] Registered tree at (164, 142, 64)
[10:31:29][INFO] Registered tree at (172, 137, 76)
[10:31:29][INFO] Registered tree at (180, 135, 76)
[10:31:29][INFO] Registered tree at (164, 142, 64)
[10:31:29][INFO] Registered tree at (172, 137, 76)
[10:31:29][INFO] Registered tree at (180, 135, 76)
[10:31:29][INFO] Registered tree at (188, 137, 68)
[10:31:29][INFO] Registered tree at (292, 141, 208)
[10:31:29][INFO] Registered tree at (292, 141, 208)
[10:31:29][INFO] Registered tree at (296, 139, 220)
[10:31:29][INFO] Registered tree at (292, 141, 208)
[10:31:29][INFO] Registered tree at (296, 139, 220)
[10:31:29][INFO] Registered tree at (300, 144, 208)
[10:31:29][INFO] Registered tree at (292, 141, 208)
[10:31:29][INFO] Registered tree at (296, 139, 220)
[10:31:29][INFO] Registered tree at (300, 144, 208)
[10:31:29][INFO] Registered tree at (304, 142, 200)
[10:31:29][INFO] Registered tree at (292, 141, 208)
[10:31:29][INFO] Registered tree at (296, 139, 220)
[10:31:29][INFO] Registered tree at (300, 144, 208)
[10:31:29][INFO] Registered tree at (304, 142, 200)
[10:31:29][INFO] Registered tree at (308, 143, 220)
[10:31:29][INFO] Registered tree at (292, 141, 208)
[10:31:29][INFO] Registered tree at (296, 139, 220)
[10:31:29][INFO] Registered tree at (300, 144, 208)
[10:31:29][INFO] Registered tree at (304, 142, 200)
[10:31:29][INFO] Registered tree at (308, 143, 220)
[10:31:29][INFO] Registered tree at (316, 143, 212)
[10:31:29][INFO] Registered tree at (292, 151, 68)
[10:31:29][INFO] Registered tree at (292, 151, 68)
[10:31:29][INFO] Registered tree at (292, 150, 76)
[10:31:29][INFO] Registered tree at (292, 151, 68)
[10:31:29][INFO] Registered tree at (292, 150, 76)
[10:31:29][INFO] Registered tree at (292, 145, 88)
[10:31:29][INFO] Registered tree at (292, 151, 68)
[10:31:29][INFO] Registered tree at (292, 150, 76)
[10:31:29][INFO] Registered tree at (292, 145, 88)
[10:31:29][INFO] Registered tree at (300, 149, 76)
[10:31:29][INFO] Registered tree at (224, 149, 248)
[10:31:29][INFO] Registered tree at (224, 149, 248)
[10:31:29][INFO] Registered tree at (232, 150, 244)
[10:31:29][INFO] Registered tree at (224, 149, 248)
[10:31:29][INFO] Registered tree at (232, 150, 244)
[10:31:29][INFO] Registered tree at (236, 145, 224)
[10:31:29][INFO] Registered tree at (336, 151, 132)
[10:31:29][INFO] Registered tree at (224, 149, 248)
[10:31:29][INFO] Registered tree at (224, 149, 248)
[10:31:29][INFO] Registered tree at (232, 150, 244)
[10:31:29][INFO] Registered tree at (224, 149, 248)
[10:31:29][INFO] Registered tree at (232, 150, 244)
[10:31:29][INFO] Registered tree at (236, 145, 224)
[10:31:29][INFO] Registered tree at (232, 144, 44)
[10:31:29][INFO] Registered tree at (232, 144, 44)
[10:31:29][INFO] Registered tree at (232, 145, 48)
[10:31:29][INFO] Registered tree at (232, 144, 44)
[10:31:29][INFO] Registered tree at (232, 145, 48)
[10:31:29][INFO] Registered tree at (236, 147, 56)
[10:31:29][INFO] Registered tree at (132, 146, 140)
[10:31:29][INFO] Registered tree at (132, 146, 140)
[10:31:29][INFO] Registered tree at (140, 146, 140)
[10:31:29][INFO] Registered tree at (132, 146, 140)
[10:31:29][INFO] Registered tree at (132, 146, 140)
[10:31:29][INFO] Registered tree at (140, 146, 140)
[10:31:29][INFO] Registered tree at (336, 151, 132)
[10:31:29][INFO] Registered tree at (232, 144, 44)
[10:31:29][INFO] Registered tree at (232, 144, 44)
[10:31:29][INFO] Registered tree at (232, 145, 48)
[10:31:29][INFO] Registered tree at (232, 144, 44)
[10:31:29][INFO] Registered tree at (232, 145, 48)
[10:31:29][INFO] Registered tree at (236, 147, 56)
[10:31:29][INFO] Registered tree at (128, 144, 176)
[10:31:29][INFO] Registered tree at (128, 144, 176)
[10:31:29][INFO] Registered tree at (132, 143, 168)
[10:31:29][INFO] Registered tree at (128, 144, 176)
[10:31:29][INFO] Registered tree at (132, 143, 168)
[10:31:29][INFO] Registered tree at (132, 143, 188)
[10:31:29][INFO] Registered tree at (128, 144, 176)
[10:31:29][INFO] Registered tree at (132, 143, 168)
[10:31:29][INFO] Registered tree at (132, 143, 188)
[10:31:29][INFO] Registered tree at (136, 143, 160)
[10:31:29][INFO] Registered tree at (128, 144, 176)
[10:31:29][INFO] Registered tree at (132, 143, 168)
[10:31:29][INFO] Registered tree at (132, 143, 188)
[10:31:29][INFO] Registered tree at (136, 143, 160)
[10:31:29][INFO] Registered tree at (148, 137, 184)
[10:31:29][INFO] Registered tree at (128, 144, 176)
[10:31:29][INFO] Registered tree at (128, 144, 176)
[10:31:29][INFO] Registered tree at (132, 143, 168)
[10:31:29][INFO] Registered tree at (128, 144, 176)
[10:31:29][INFO] Registered tree at (132, 143, 168)
[10:31:29][INFO] Registered tree at (132, 143, 188)
[10:31:29][INFO] Registered tree at (128, 144, 176)
[10:31:29][INFO] Registered tree at (132, 143, 168)
[10:31:29][INFO] Registered tree at (132, 143, 188)
[10:31:29][INFO] Registered tree at (136, 143, 160)
[10:31:29][INFO] Registered tree at (128, 144, 176)
[10:31:29][INFO] Registered tree at (132, 143, 168)
[10:31:29][INFO] Registered tree at (132, 143, 188)
[10:31:29][INFO] Registered tree at (136, 143, 160)
[10:31:29][INFO] Registered tree at (148, 137, 184)
[10:31:29][INFO] Registered tree at (132, 151, 116)
[10:31:29][INFO] Registered tree at (132, 151, 116)
[10:31:29][INFO] Registered tree at (140, 150, 116)
[10:31:29][INFO] Registered tree at (320, 149, 120)
[10:31:29][INFO] Registered tree at (320, 149, 120)
[10:31:29][INFO] Registered tree at (332, 151, 116)
[10:31:29][INFO] Registered tree at (320, 149, 120)
[10:31:29][INFO] Registered tree at (332, 151, 116)
[10:31:29][INFO] Registered tree at (340, 151, 100)
[10:31:29][INFO] Registered tree at (256, 155, 40)
[10:31:29][INFO] Registered tree at (256, 155, 40)
[10:31:29][INFO] Registered tree at (268, 154, 52)
[10:31:29][INFO] Registered tree at (256, 155, 40)
[10:31:29][INFO] Registered tree at (268, 154, 52)
[10:31:29][INFO] Registered tree at (284, 154, 32)
[10:31:29][INFO] Registered tree at (132, 151, 116)
[10:31:29][INFO] Registered tree at (132, 151, 116)
[10:31:29][INFO] Registered tree at (140, 150, 116)
[10:31:29][INFO] Registered tree at (260, 141, 236)
[10:31:29][INFO] Registered tree at (260, 141, 236)
[10:31:29][INFO] Registered tree at (264, 143, 224)
[10:31:29][INFO] Registered tree at (260, 141, 236)
[10:31:29][INFO] Registered tree at (260, 141, 236)
[10:31:29][INFO] Registered tree at (264, 143, 224)
[10:31:29][INFO] Registered tree at (256, 155, 40)
[10:31:29][INFO] Registered tree at (256, 155, 40)
[10:31:29][INFO] Registered tree at (268, 154, 52)
[10:31:29][INFO] Registered tree at (256, 155, 40)
[10:31:29][INFO] Registered tree at (268, 154, 52)
[10:31:29][INFO] Registered tree at (284, 154, 32)
[10:31:29][INFO] Registered tree at (332, 145, 180)
[10:31:29][INFO] Registered tree at (332, 145, 180)
[10:31:29][INFO] Registered tree at (340, 147, 164)
[10:31:29][INFO] Registered tree at (332, 145, 180)
[10:31:29][INFO] Registered tree at (340, 147, 164)
[10:31:29][INFO] Registered tree at (340, 148, 168)
[10:31:29][INFO] Registered tree at (332, 145, 180)
[10:31:29][INFO] Registered tree at (340, 147, 164)
[10:31:29][INFO] Registered tree at (340, 148, 168)
[10:31:29][INFO] Registered tree at (348, 150, 180)
[10:31:29][INFO] Registered tree at (208, 149, 232)
[10:31:29][INFO] Registered tree at (208, 149, 232)
[10:31:29][INFO] Registered tree at (208, 147, 252)
[10:31:29][INFO] Registered tree at (208, 149, 232)
[10:31:29][INFO] Registered tree at (208, 147, 252)
[10:31:29][INFO] Registered tree at (220, 149, 228)
[10:31:29][INFO] Registered tree at (196, 141, 52)
[10:31:29][INFO] Registered tree at (196, 141, 52)
[10:31:29][INFO] Registered tree at (196, 142, 56)
[10:31:29][INFO] Registered tree at (196, 141, 52)
[10:31:29][INFO] Registered tree at (196, 142, 56)
[10:31:29][INFO] Registered tree at (208, 144, 36)
[10:31:29][INFO] Registered tree at (208, 149, 232)
[10:31:29][INFO] Registered tree at (208, 149, 232)
[10:31:29][INFO] Registered tree at (208, 147, 252)
[10:31:29][INFO] Registered tree at (208, 149, 232)
[10:31:29][INFO] Registered tree at (208, 147, 252)
[10:31:29][INFO] Registered tree at (220, 149, 228)
[10:31:29][INFO] Registered tree at (320, 149, 120)
[10:31:29][INFO] Registered tree at (320, 149, 120)
[10:31:29][INFO] Registered tree at (332, 151, 116)
[10:31:29][INFO] Registered tree at (320, 149, 120)
[10:31:29][INFO] Registered tree at (332, 151, 116)
[10:31:29][INFO] Registered tree at (340, 151, 100)
[10:31:29][INFO] Registered tree at (196, 141, 52)
[10:31:29][INFO] Registered tree at (196, 141, 52)
[10:31:29][INFO] Registered tree at (196, 142, 56)
[10:31:29][INFO] Registered tree at (196, 141, 52)
[10:31:29][INFO] Registered tree at (196, 142, 56)
[10:31:29][INFO] Registered tree at (208, 144, 36)
[10:31:29][INFO] Registered tree at (332, 145, 180)
[10:31:29][INFO] Registered tree at (332, 145, 180)
[10:31:29][INFO] Registered tree at (340, 147, 164)
[10:31:29][INFO] Registered tree at (332, 145, 180)
[10:31:29][INFO] Registered tree at (340, 147, 164)
[10:31:29][INFO] Registered tree at (340, 148, 168)
[10:31:29][INFO] Registered tree at (332, 145, 180)
[10:31:29][INFO] Registered tree at (340, 147, 164)
[10:31:29][INFO] Registered tree at (340, 148, 168)
[10:31:29][INFO] Registered tree at (348, 150, 180)
[10:31:29][INFO] Registered tree at (360, 146, 4)
[10:31:29][INFO] Registered tree at (360, 146, 4)
[10:31:29][INFO] Registered tree at (372, 144, 12)
[10:31:29][INFO] Registered tree at (360, 146, 4)
[10:31:29][INFO] Registered tree at (372, 144, 12)
[10:31:29][INFO] Registered tree at (372, 144, 24)
[10:31:29][INFO] Registered tree at (352, 139, 280)
[10:31:29][INFO] Registered tree at (352, 139, 280)
[10:31:29][INFO] Registered tree at (356, 139, 256)
[10:31:29][INFO] Registered tree at (352, 139, 280)
[10:31:29][INFO] Registered tree at (356, 139, 256)
[10:31:29][INFO] Registered tree at (356, 139, 264)
[10:31:29][INFO] Registered tree at (352, 139, 280)
[10:31:29][INFO] Registered tree at (356, 139, 256)
[10:31:29][INFO] Registered tree at (356, 139, 264)
[10:31:29][INFO] Registered tree at (364, 140, 268)
[10:31:29][INFO] Registered tree at (352, 139, 280)
[10:31:29][INFO] Registered tree at (356, 139, 256)
[10:31:29][INFO] Registered tree at (356, 139, 264)
[10:31:29][INFO] Registered tree at (364, 140, 268)
[10:31:29][INFO] Registered tree at (372, 141, 268)
[10:31:29][INFO] Registered tree at (360, 146, 4)
[10:31:29][INFO] Registered tree at (360, 146, 4)
[10:31:29][INFO] Registered tree at (372, 144, 12)
[10:31:29][INFO] Registered tree at (360, 146, 4)
[10:31:29][INFO] Registered tree at (372, 144, 12)
[10:31:29][INFO] Registered tree at (372, 144, 24)
[10:31:29][INFO] Registered tree at (352, 139, 280)
[10:31:29][INFO] Registered tree at (352, 139, 280)
[10:31:29][INFO] Registered tree at (356, 139, 256)
[10:31:29][INFO] Registered tree at (352, 139, 280)
[10:31:29][INFO] Registered tree at (356, 139, 256)
[10:31:29][INFO] Registered tree at (356, 139, 264)
[10:31:29][INFO] Registered tree at (352, 139, 280)
[10:31:29][INFO] Registered tree at (356, 139, 256)
[10:31:29][INFO] Registered tree at (356, 139, 264)
[10:31:29][INFO] Registered tree at (364, 140, 268)
[10:31:29][INFO] Registered tree at (352, 139, 280)
[10:31:29][INFO] Registered tree at (356, 139, 256)
[10:31:29][INFO] Registered tree at (356, 139, 264)
[10:31:29][INFO] Registered tree at (364, 140, 268)
[10:31:29][INFO] Registered tree at (372, 141, 268)
[10:31:29][INFO] Registered tree at (100, 151, 268)
[10:31:29][INFO] Registered tree at (100, 151, 268)
[10:31:29][INFO] Registered tree at (100, 141, 24)
[10:31:29][INFO] Registered tree at (100, 141, 24)
[10:31:29][INFO] Registered tree at (292, 137, 236)
[10:31:29][INFO] Registered tree at (292, 137, 236)
[10:31:29][INFO] Registered tree at (296, 137, 244)
[10:31:29][INFO] Registered tree at (148, 153, 68)
[10:31:29][INFO] Registered tree at (148, 153, 68)
[10:31:29][INFO] Registered tree at (148, 155, 84)
[10:31:29][INFO] Registered tree at (180, 137, 228)
[10:31:29][INFO] Registered tree at (172, 145, 32)
[10:31:29][INFO] Registered tree at (324, 149, 76)
[10:31:29][INFO] Registered tree at (324, 149, 76)
[10:31:29][INFO] Registered tree at (328, 148, 68)
[10:31:29][INFO] Registered tree at (324, 149, 76)
[10:31:29][INFO] Registered tree at (328, 148, 68)
[10:31:29][INFO] Registered tree at (336, 149, 72)
[10:31:29][INFO] Registered tree at (180, 137, 228)
[10:31:29][INFO] Registered tree at (324, 146, 212)
[10:31:29][INFO] Registered tree at (324, 146, 212)
[10:31:29][INFO] Registered tree at (328, 147, 208)
[10:31:29][INFO] Registered tree at (324, 146, 212)
[10:31:29][INFO] Registered tree at (328, 147, 208)
[10:31:29][INFO] Registered tree at (336, 146, 208)
[10:31:29][INFO] Registered tree at (324, 146, 212)
[10:31:29][INFO] Registered tree at (328, 147, 208)
[10:31:29][INFO] Registered tree at (336, 146, 208)
[10:31:29][INFO] Registered tree at (344, 146, 208)
[10:31:29][INFO] Registered tree at (172, 145, 32)
[10:31:29][INFO] Registered tree at (324, 149, 76)
[10:31:29][INFO] Registered tree at (324, 149, 76)
[10:31:29][INFO] Registered tree at (328, 148, 68)
[10:31:29][INFO] Registered tree at (324, 149, 76)
[10:31:29][INFO] Registered tree at (328, 148, 68)
[10:31:29][INFO] Registered tree at (336, 149, 72)
[10:31:29][INFO] Registered tree at (324, 146, 212)
[10:31:29][INFO] Registered tree at (324, 146, 212)
[10:31:29][INFO] Registered tree at (328, 147, 208)
[10:31:29][INFO] Registered tree at (324, 146, 212)
[10:31:29][INFO] Registered tree at (328, 147, 208)
[10:31:29][INFO] Registered tree at (336, 146, 208)
[10:31:29][INFO] Registered tree at (324, 146, 212)
[10:31:29][INFO] Registered tree at (328, 147, 208)
[10:31:29][INFO] Registered tree at (336, 146, 208)
[10:31:29][INFO] Registered tree at (344, 146, 208)
[10:31:29][INFO] Registered tree at (292, 153, 40)
[10:31:29][INFO] Registered tree at (292, 153, 40)
[10:31:29][INFO] Registered tree at (296, 151, 48)
[10:31:29][INFO] Registered tree at (292, 153, 40)
[10:31:29][INFO] Registered tree at (296, 151, 48)
[10:31:29][INFO] Registered tree at (308, 150, 56)
[10:31:29][INFO] Registered tree at (148, 153, 68)
[10:31:29][INFO] Registered tree at (148, 153, 68)
[10:31:29][INFO] Registered tree at (148, 155, 84)
[10:31:29][INFO] Registered tree at (292, 137, 236)
[10:31:29][INFO] Registered tree at (292, 137, 236)
[10:31:29][INFO] Registered tree at (296, 137, 244)
[10:31:29][INFO] Registered tree at (292, 153, 40)
[10:31:29][INFO] Registered tree at (292, 153, 40)
[10:31:29][INFO] Registered tree at (296, 151, 48)
[10:31:29][INFO] Registered tree at (292, 153, 40)
[10:31:29][INFO] Registered tree at (296, 151, 48)
[10:31:29][INFO] Registered tree at (308, 150, 56)
[10:31:29][INFO] Registered tree at (228, 151, 0)
[10:31:29][INFO] Registered tree at (228, 151, 0)
[10:31:29][INFO] Registered tree at (236, 152, 12)
[10:31:29][INFO] Registered tree at (100, 144, 132)
[10:31:29][INFO] Registered tree at (100, 144, 132)
[10:31:29][INFO] Registered tree at (104, 143, 140)
[10:31:29][INFO] Registered tree at (100, 144, 132)
[10:31:29][INFO] Registered tree at (104, 143, 140)
[10:31:29][INFO] Registered tree at (104, 143, 156)
[10:31:29][INFO] Registered tree at (100, 144, 132)
[10:31:29][INFO] Registered tree at (104, 143, 140)
[10:31:29][INFO] Registered tree at (104, 143, 156)
[10:31:29][INFO] Registered tree at (112, 146, 136)
[10:31:29][INFO] Registered tree at (356, 151, 136)
[10:31:29][INFO] Registered tree at (356, 151, 136)
[10:31:29][INFO] Registered tree at (360, 151, 140)
[10:31:29][INFO] Registered tree at (356, 151, 136)
[10:31:29][INFO] Registered tree at (360, 151, 140)
[10:31:29][INFO] Registered tree at (364, 150, 128)
[10:31:29][INFO] Registered tree at (228, 151, 0)
[10:31:29][INFO] Registered tree at (228, 151, 0)
[10:31:29][INFO] Registered tree at (236, 152, 12)
[10:31:29][INFO] Registered tree at (100, 144, 132)
[10:31:29][INFO] Registered tree at (100, 144, 132)
[10:31:29][INFO] Registered tree at (104, 143, 140)
[10:31:29][INFO] Registered tree at (100, 144, 132)
[10:31:29][INFO] Registered tree at (104, 143, 140)
[10:31:29][INFO] Registered tree at (104, 143, 156)
[10:31:30][INFO] Registered tree at (100, 144, 132)
[10:31:30][INFO] Registered tree at (104, 143, 140)
[10:31:30][INFO] Registered tree at (104, 143, 156)
[10:31:30][INFO] Registered tree at (112, 146, 136)
[10:31:30][INFO] Registered tree at (356, 151, 136)
[10:31:30][INFO] Registered tree at (356, 151, 136)
[10:31:30][INFO] Registered tree at (360, 151, 140)
[10:31:30][INFO] Registered tree at (356, 151, 136)
[10:31:30][INFO] Registered tree at (360, 151, 140)
[10:31:30][INFO] Registered tree at (364, 150, 128)
[10:31:30][INFO] Registered tree at (260, 144, 4)
[10:31:30][INFO] Registered tree at (260, 144, 4)
[10:31:30][INFO] Registered tree at (260, 148, 20)
[10:31:30][INFO] Registered tree at (260, 144, 4)
[10:31:30][INFO] Registered tree at (260, 148, 20)
[10:31:30][INFO] Registered tree at (276, 151, 28)
[10:31:30][INFO] Registered tree at (260, 144, 4)
[10:31:30][INFO] Registered tree at (260, 148, 20)
[10:31:30][INFO] Registered tree at (276, 151, 28)
[10:31:30][INFO] Registered tree at (284, 148, 4)
[10:31:30][INFO] Registered tree at (260, 144, 4)
[10:31:30][INFO] Registered tree at (260, 148, 20)
[10:31:30][INFO] Registered tree at (276, 151, 28)
[10:31:30][INFO] Registered tree at (284, 148, 4)
[10:31:30][INFO] Registered tree at (284, 152, 16)
[10:31:30][INFO] Registered tree at (368, 151, 108)
[10:31:30][INFO] Registered tree at (368, 151, 108)
[10:31:30][INFO] Registered tree at (372, 147, 120)
[10:31:30][INFO] Registered tree at (368, 151, 108)
[10:31:30][INFO] Registered tree at (372, 147, 120)
[10:31:30][INFO] Registered tree at (376, 146, 120)
[10:31:30][INFO] Registered tree at (368, 151, 108)
[10:31:30][INFO] Registered tree at (372, 147, 120)
[10:31:30][INFO] Registered tree at (376, 146, 120)
[10:31:30][INFO] Registered tree at (380, 145, 108)
[10:31:30][INFO] Registered tree at (192, 142, 284)
[10:31:30][INFO] Registered tree at (192, 142, 284)
[10:31:30][INFO] Registered tree at (200, 145, 260)
[10:31:30][INFO] Registered tree at (192, 142, 284)
[10:31:30][INFO] Registered tree at (200, 145, 260)
[10:31:30][INFO] Registered tree at (204, 145, 268)
[10:31:30][INFO] Registered tree at (192, 142, 284)
[10:31:30][INFO] Registered tree at (200, 145, 260)
[10:31:30][INFO] Registered tree at (204, 145, 268)
[10:31:30][INFO] Registered tree at (204, 144, 284)
[10:31:30][INFO] Registered tree at (192, 142, 284)
[10:31:30][INFO] Registered tree at (200, 145, 260)
[10:31:30][INFO] Registered tree at (204, 145, 268)
[10:31:30][INFO] Registered tree at (204, 144, 284)
[10:31:30][INFO] Registered tree at (212, 145, 264)
[10:31:30][INFO] Registered tree at (192, 142, 284)
[10:31:30][INFO] Registered tree at (200, 145, 260)
[10:31:30][INFO] Registered tree at (204, 145, 268)
[10:31:30][INFO] Registered tree at (204, 144, 284)
[10:31:30][INFO] Registered tree at (212, 145, 264)
[10:31:30][INFO] Registered tree at (216, 146, 260)
[10:31:30][INFO] Registered tree at (196, 146, 20)
[10:31:30][INFO] Registered tree at (196, 146, 20)
[10:31:30][INFO] Registered tree at (200, 150, 4)
[10:31:30][INFO] Registered tree at (100, 147, 100)
[10:31:30][INFO] Registered tree at (100, 147, 100)
[10:31:30][INFO] Registered tree at (100, 145, 116)
[10:31:30][INFO] Registered tree at (100, 147, 100)
[10:31:30][INFO] Registered tree at (100, 145, 116)
[10:31:30][INFO] Registered tree at (116, 152, 124)
[10:31:30][INFO] Registered tree at (100, 147, 100)
[10:31:30][INFO] Registered tree at (100, 145, 116)
[10:31:30][INFO] Registered tree at (116, 152, 124)
[10:31:30][INFO] Registered tree at (124, 153, 100)
[10:31:30][INFO] Registered tree at (356, 152, 180)
[10:31:30][INFO] Registered tree at (356, 152, 180)
[10:31:30][INFO] Registered tree at (372, 153, 160)
[10:31:30][INFO] Registered tree at (260, 144, 4)
[10:31:30][INFO] Registered tree at (260, 144, 4)
[10:31:30][INFO] Registered tree at (260, 148, 20)
[10:31:30][INFO] Registered tree at (260, 144, 4)
[10:31:30][INFO] Registered tree at (260, 148, 20)
[10:31:30][INFO] Registered tree at (276, 151, 28)
[10:31:30][INFO] Registered tree at (260, 144, 4)
[10:31:30][INFO] Registered tree at (260, 148, 20)
[10:31:30][INFO] Registered tree at (276, 151, 28)
[10:31:30][INFO] Registered tree at (284, 148, 4)
[10:31:30][INFO] Registered tree at (260, 144, 4)
[10:31:30][INFO] Registered tree at (260, 148, 20)
[10:31:30][INFO] Registered tree at (276, 151, 28)
[10:31:30][INFO] Registered tree at (284, 148, 4)
[10:31:30][INFO] Registered tree at (284, 152, 16)
[10:31:30][INFO] Registered tree at (260, 149, 284)
[10:31:30][INFO] Registered tree at (260, 149, 284)
[10:31:30][INFO] Registered tree at (264, 150, 284)
[10:31:30][INFO] Registered tree at (260, 149, 284)
[10:31:30][INFO] Registered tree at (264, 150, 284)
[10:31:30][INFO] Registered tree at (276, 149, 284)
[10:31:30][INFO] Registered tree at (260, 149, 284)
[10:31:30][INFO] Registered tree at (264, 150, 284)
[10:31:30][INFO] Registered tree at (276, 149, 284)
[10:31:30][INFO] Registered tree at (280, 142, 272)
[10:31:30][INFO] Registered tree at (356, 152, 180)
[10:31:30][INFO] Registered tree at (356, 152, 180)
[10:31:30][INFO] Registered tree at (372, 153, 160)
[10:31:30][INFO] Registered tree at (260, 149, 284)
[10:31:30][INFO] Registered tree at (260, 149, 284)
[10:31:30][INFO] Registered tree at (264, 150, 284)
[10:31:30][INFO] Registered tree at (260, 149, 284)
[10:31:30][INFO] Registered tree at (264, 150, 284)
[10:31:30][INFO] Registered tree at (276, 149, 284)
[10:31:30][INFO] Registered tree at (260, 149, 284)
[10:31:30][INFO] Registered tree at (264, 150, 284)
[10:31:30][INFO] Registered tree at (276, 149, 284)
[10:31:30][INFO] Registered tree at (280, 142, 272)
[10:31:30][INFO] Registered tree at (368, 151, 108)
[10:31:30][INFO] Registered tree at (368, 151, 108)
[10:31:30][INFO] Registered tree at (372, 147, 120)
[10:31:30][INFO] Registered tree at (368, 151, 108)
[10:31:30][INFO] Registered tree at (372, 147, 120)
[10:31:30][INFO] Registered tree at (376, 146, 120)
[10:31:30][INFO] Registered tree at (368, 151, 108)
[10:31:30][INFO] Registered tree at (372, 147, 120)
[10:31:30][INFO] Registered tree at (376, 146, 120)
[10:31:30][INFO] Registered tree at (380, 145, 108)
[10:31:30][INFO] Registered tree at (100, 147, 100)
[10:31:30][INFO] Registered tree at (100, 147, 100)
[10:31:30][INFO] Registered tree at (100, 145, 116)
[10:31:30][INFO] Registered tree at (100, 147, 100)
[10:31:30][INFO] Registered tree at (100, 145, 116)
[10:31:30][INFO] Registered tree at (116, 152, 124)
[10:31:30][INFO] Registered tree at (100, 147, 100)
[10:31:30][INFO] Registered tree at (100, 145, 116)
[10:31:30][INFO] Registered tree at (116, 152, 124)
[10:31:30][INFO] Registered tree at (124, 153, 100)
[10:31:30][INFO] Registered tree at (196, 146, 20)
[10:31:30][INFO] Registered tree at (196, 146, 20)
[10:31:30][INFO] Registered tree at (200, 150, 4)
[10:31:30][INFO] Registered tree at (192, 142, 284)
[10:31:30][INFO] Registered tree at (192, 142, 284)
[10:31:30][INFO] Registered tree at (200, 145, 260)
[10:31:30][INFO] Registered tree at (192, 142, 284)
[10:31:30][INFO] Registered tree at (200, 145, 260)
[10:31:30][INFO] Registered tree at (204, 145, 268)
[10:31:30][INFO] Registered tree at (192, 142, 284)
[10:31:30][INFO] Registered tree at (200, 145, 260)
[10:31:30][INFO] Registered tree at (204, 145, 268)
[10:31:30][INFO] Registered tree at (204, 144, 284)
[10:31:30][INFO] Registered tree at (192, 142, 284)
[10:31:30][INFO] Registered tree at (200, 145, 260)
[10:31:30][INFO] Registered tree at (204, 145, 268)
[10:31:30][INFO] Registered tree at (204, 144, 284)
[10:31:30][INFO] Registered tree at (212, 145, 264)
[10:31:30][INFO] Registered tree at (192, 142, 284)
[10:31:30][INFO] Registered tree at (200, 145, 260)
[10:31:30][INFO] Registered tree at (204, 145, 268)
[10:31:30][INFO] Registered tree at (204, 144, 284)
[10:31:30][INFO] Registered tree at (212, 145, 264)
[10:31:30][INFO] Registered tree at (216, 146, 260)
[10:31:30][INFO] Registered tree at (136, 149, 52)
[10:31:30][INFO] Registered tree at (136, 149, 52)
[10:31:30][INFO] Registered tree at (140, 149, 44)
[10:31:30][INFO] Registered tree at (136, 149, 52)
[10:31:30][INFO] Registered tree at (140, 149, 44)
[10:31:30][INFO] Registered tree at (140, 152, 60)
[10:31:30][INFO] Registered tree at (136, 149, 52)
[10:31:30][INFO] Registered tree at (140, 149, 44)
[10:31:30][INFO] Registered tree at (140, 152, 60)
[10:31:30][INFO] Registered tree at (152, 144, 36)
[10:31:30][INFO] Registered tree at (140, 139, 236)
[10:31:30][INFO] Registered tree at (140, 139, 236)
[10:31:30][INFO] Registered tree at (148, 139, 232)
[10:31:30][INFO] Registered tree at (320, 142, 236)
[10:31:30][INFO] Registered tree at (320, 142, 236)
[10:31:30][INFO] Registered tree at (332, 141, 248)
[10:31:30][INFO] Registered tree at (320, 142, 236)
[10:31:30][INFO] Registered tree at (332, 141, 248)
[10:31:30][INFO] Registered tree at (340, 143, 236)
[10:31:30][INFO] Registered tree at (320, 142, 236)
[10:31:30][INFO] Registered tree at (332, 141, 248)
[10:31:30][INFO] Registered tree at (340, 143, 236)
[10:31:30][INFO] Registered tree at (340, 143, 244)
[10:31:30][INFO] Registered tree at (320, 142, 236)
[10:31:30][INFO] Registered tree at (332, 141, 248)
[10:31:30][INFO] Registered tree at (340, 143, 236)
[10:31:30][INFO] Registered tree at (340, 143, 244)
[10:31:30][INFO] Registered tree at (348, 145, 236)
[10:31:30][INFO] Registered tree at (140, 139, 236)
[10:31:30][INFO] Registered tree at (140, 139, 236)
[10:31:30][INFO] Registered tree at (148, 139, 232)
[10:31:30][INFO] Registered tree at (320, 151, 60)
[10:31:30][INFO] Registered tree at (320, 151, 60)
[10:31:30][INFO] Registered tree at (324, 151, 32)
[10:31:30][INFO] Registered tree at (320, 151, 60)
[10:31:30][INFO] Registered tree at (324, 151, 32)
[10:31:30][INFO] Registered tree at (324, 150, 44)
[10:31:30][INFO] Registered tree at (320, 151, 60)
[10:31:30][INFO] Registered tree at (324, 151, 32)
[10:31:30][INFO] Registered tree at (324, 150, 44)
[10:31:30][INFO] Registered tree at (332, 148, 44)
[10:31:30][INFO] Registered tree at (320, 151, 60)
[10:31:30][INFO] Registered tree at (324, 151, 32)
[10:31:30][INFO] Registered tree at (324, 150, 44)
[10:31:30][INFO] Registered tree at (332, 148, 44)
[10:31:30][INFO] Registered tree at (336, 151, 56)
[10:31:30][INFO] Registered tree at (320, 151, 60)
[10:31:30][INFO] Registered tree at (324, 151, 32)
[10:31:30][INFO] Registered tree at (324, 150, 44)
[10:31:30][INFO] Registered tree at (332, 148, 44)
[10:31:30][INFO] Registered tree at (336, 151, 56)
[10:31:30][INFO] Registered tree at (340, 148, 40)
[10:31:30][INFO] Registered tree at (320, 151, 60)
[10:31:30][INFO] Registered tree at (324, 151, 32)
[10:31:30][INFO] Registered tree at (324, 150, 44)
[10:31:30][INFO] Registered tree at (332, 148, 44)
[10:31:30][INFO] Registered tree at (336, 151, 56)
[10:31:30][INFO] Registered tree at (340, 148, 40)
[10:31:30][INFO] Registered tree at (340, 150, 52)
[10:31:30][INFO] Registered tree at (320, 151, 60)
[10:31:30][INFO] Registered tree at (320, 151, 60)
[10:31:30][INFO] Registered tree at (324, 151, 32)
[10:31:30][INFO] Registered tree at (320, 151, 60)
[10:31:30][INFO] Registered tree at (324, 151, 32)
[10:31:30][INFO] Registered tree at (324, 150, 44)
[10:31:30][INFO] Registered tree at (320, 151, 60)
[10:31:30][INFO] Registered tree at (324, 151, 32)
[10:31:30][INFO] Registered tree at (324, 150, 44)
[10:31:30][INFO] Registered tree at (332, 148, 44)
[10:31:30][INFO] Registered tree at (320, 151, 60)
[10:31:30][INFO] Registered tree at (324, 151, 32)
[10:31:30][INFO] Registered tree at (324, 150, 44)
[10:31:30][INFO] Registered tree at (332, 148, 44)
[10:31:30][INFO] Registered tree at (336, 151, 56)
[10:31:30][INFO] Registered tree at (320, 151, 60)
[10:31:30][INFO] Registered tree at (324, 151, 32)
[10:31:30][INFO] Registered tree at (324, 150, 44)
[10:31:30][INFO] Registered tree at (332, 148, 44)
[10:31:30][INFO] Registered tree at (336, 151, 56)
[10:31:30][INFO] Registered tree at (340, 148, 40)
[10:31:30][INFO] Registered tree at (320, 151, 60)
[10:31:30][INFO] Registered tree at (324, 151, 32)
[10:31:30][INFO] Registered tree at (324, 150, 44)
[10:31:30][INFO] Registered tree at (332, 148, 44)
[10:31:30][INFO] Registered tree at (336, 151, 56)
[10:31:30][INFO] Registered tree at (340, 148, 40)
[10:31:30][INFO] Registered tree at (340, 150, 52)
[10:31:30][INFO] Registered tree at (136, 149, 52)
[10:31:30][INFO] Registered tree at (136, 149, 52)
[10:31:30][INFO] Registered tree at (140, 149, 44)
[10:31:30][INFO] Registered tree at (136, 149, 52)
[10:31:30][INFO] Registered tree at (140, 149, 44)
[10:31:30][INFO] Registered tree at (140, 152, 60)
[10:31:30][INFO] Registered tree at (136, 149, 52)
[10:31:30][INFO] Registered tree at (140, 149, 44)
[10:31:30][INFO] Registered tree at (140, 152, 60)
[10:31:30][INFO] Registered tree at (152, 144, 36)
[10:31:30][INFO] Registered tree at (320, 142, 236)
[10:31:30][INFO] Registered tree at (320, 142, 236)
[10:31:30][INFO] Registered tree at (332, 141, 248)
[10:31:30][INFO] Registered tree at (320, 142, 236)
[10:31:30][INFO] Registered tree at (332, 141, 248)
[10:31:30][INFO] Registered tree at (340, 143, 236)
[10:31:30][INFO] Registered tree at (320, 142, 236)
[10:31:30][INFO] Registered tree at (332, 141, 248)
[10:31:30][INFO] Registered tree at (340, 143, 236)
[10:31:30][INFO] Registered tree at (340, 143, 244)
[10:31:30][INFO] Registered tree at (320, 142, 236)
[10:31:30][INFO] Registered tree at (332, 141, 248)
[10:31:30][INFO] Registered tree at (340, 143, 236)
[10:31:30][INFO] Registered tree at (340, 143, 244)
[10:31:30][INFO] Registered tree at (348, 145, 236)
[10:31:30][INFO] Registered tree at (288, 138, 272)
[10:31:30][INFO] Registered tree at (288, 138, 272)
[10:31:30][INFO] Registered tree at (308, 135, 256)
[10:31:30][INFO] Registered tree at (104, 143, 76)
[10:31:30][INFO] Registered tree at (104, 143, 76)
[10:31:30][INFO] Registered tree at (104, 145, 80)
[10:31:30][INFO] Registered tree at (288, 138, 272)
[10:31:30][INFO] Registered tree at (288, 138, 272)
[10:31:30][INFO] Registered tree at (308, 135, 256)
[10:31:30][INFO] Registered tree at (288, 149, 4)
[10:31:30][INFO] Registered tree at (288, 149, 4)
[10:31:30][INFO] Registered tree at (288, 153, 28)
[10:31:30][INFO] Registered tree at (288, 149, 4)
[10:31:30][INFO] Registered tree at (288, 153, 28)
[10:31:30][INFO] Registered tree at (292, 149, 8)
[10:31:30][INFO] Registered tree at (288, 149, 4)
[10:31:30][INFO] Registered tree at (288, 153, 28)
[10:31:30][INFO] Registered tree at (292, 149, 8)
[10:31:30][INFO] Registered tree at (300, 150, 28)
[10:31:30][INFO] Registered tree at (288, 149, 4)
[10:31:30][INFO] Registered tree at (288, 153, 28)
[10:31:30][INFO] Registered tree at (292, 149, 8)
[10:31:30][INFO] Registered tree at (300, 150, 28)
[10:31:30][INFO] Registered tree at (304, 146, 16)
[10:31:30][INFO] Registered tree at (164, 144, 16)
[10:31:30][INFO] Registered tree at (164, 144, 16)
[10:31:30][INFO] Registered tree at (168, 148, 0)
[10:31:30][INFO] Registered tree at (164, 144, 16)
[10:31:30][INFO] Registered tree at (168, 148, 0)
[10:31:30][INFO] Registered tree at (176, 148, 4)
[10:31:30][INFO] Registered tree at (164, 144, 16)
[10:31:30][INFO] Registered tree at (168, 148, 0)
[10:31:30][INFO] Registered tree at (176, 148, 4)
[10:31:30][INFO] Registered tree at (184, 143, 20)
[10:31:30][INFO] Registered tree at (168, 140, 256)
[10:31:30][INFO] Registered tree at (168, 140, 256)
[10:31:30][INFO] Registered tree at (180, 142, 284)
[10:31:30][INFO] Registered tree at (168, 140, 256)
[10:31:30][INFO] Registered tree at (180, 142, 284)
[10:31:30][INFO] Registered tree at (184, 143, 260)
[10:31:30][INFO] Registered tree at (352, 147, 64)
[10:31:30][INFO] Registered tree at (352, 147, 64)
[10:31:30][INFO] Registered tree at (352, 148, 84)
[10:31:30][INFO] Registered tree at (356, 148, 204)
[10:31:30][INFO] Registered tree at (356, 148, 204)
[10:31:30][INFO] Registered tree at (368, 150, 192)
[10:31:30][INFO] Registered tree at (356, 148, 204)
[10:31:30][INFO] Registered tree at (368, 150, 192)
[10:31:30][INFO] Registered tree at (368, 143, 212)
[10:31:30][INFO] Registered tree at (356, 148, 204)
[10:31:30][INFO] Registered tree at (368, 150, 192)
[10:31:30][INFO] Registered tree at (368, 143, 212)
[10:31:30][INFO] Registered tree at (380, 145, 196)
[10:31:30][INFO] Registered tree at (104, 143, 76)
[10:31:30][INFO] Registered tree at (104, 143, 76)
[10:31:30][INFO] Registered tree at (104, 145, 80)
[10:31:30][INFO] Registered tree at (100, 144, 204)
[10:31:30][INFO] Registered tree at (100, 144, 204)
[10:31:30][INFO] Registered tree at (104, 144, 204)
[10:31:30][INFO] Registered tree at (100, 144, 204)
[10:31:30][INFO] Registered tree at (104, 144, 204)
[10:31:30][INFO] Registered tree at (108, 143, 196)
[10:31:30][INFO] Registered tree at (100, 144, 204)
[10:31:30][INFO] Registered tree at (104, 144, 204)
[10:31:30][INFO] Registered tree at (108, 143, 196)
[10:31:30][INFO] Registered tree at (112, 144, 216)
[10:31:30][INFO] Registered tree at (100, 144, 204)
[10:31:30][INFO] Registered tree at (104, 144, 204)
[10:31:30][INFO] Registered tree at (108, 143, 196)
[10:31:30][INFO] Registered tree at (112, 144, 216)
[10:31:30][INFO] Registered tree at (124, 143, 192)
[10:31:30][INFO] Registered tree at (356, 148, 204)
[10:31:30][INFO] Registered tree at (356, 148, 204)
[10:31:30][INFO] Registered tree at (368, 150, 192)
[10:31:30][INFO] Registered tree at (356, 148, 204)
[10:31:30][INFO] Registered tree at (368, 150, 192)
[10:31:30][INFO] Registered tree at (368, 143, 212)
[10:31:30][INFO] Registered tree at (356, 148, 204)
[10:31:30][INFO] Registered tree at (368, 150, 192)
[10:31:30][INFO] Registered tree at (368, 143, 212)
[10:31:30][INFO] Registered tree at (380, 145, 196)
[10:31:30][INFO] Registered tree at (352, 147, 64)
[10:31:30][INFO] Registered tree at (352, 147, 64)
[10:31:30][INFO] Registered tree at (352, 148, 84)
[10:31:30][INFO] Registered tree at (100, 144, 204)
[10:31:30][INFO] Registered tree at (100, 144, 204)
[10:31:30][INFO] Registered tree at (104, 144, 204)
[10:31:30][INFO] Registered tree at (100, 144, 204)
[10:31:30][INFO] Registered tree at (104, 144, 204)
[10:31:30][INFO] Registered tree at (108, 143, 196)
[10:31:30][INFO] Registered tree at (100, 144, 204)
[10:31:30][INFO] Registered tree at (104, 144, 204)
[10:31:30][INFO] Registered tree at (108, 143, 196)
[10:31:30][INFO] Registered tree at (112, 144, 216)
[10:31:30][INFO] Registered tree at (100, 144, 204)
[10:31:30][INFO] Registered tree at (104, 144, 204)
[10:31:30][INFO] Registered tree at (108, 143, 196)
[10:31:30][INFO] Registered tree at (112, 144, 216)
[10:31:30][INFO] Registered tree at (124, 143, 192)
[10:31:30][INFO] Registered tree at (168, 140, 256)
[10:31:30][INFO] Registered tree at (168, 140, 256)
[10:31:30][INFO] Registered tree at (180, 142, 284)
[10:31:30][INFO] Registered tree at (168, 140, 256)
[10:31:30][INFO] Registered tree at (180, 142, 284)
[10:31:30][INFO] Registered tree at (184, 143, 260)
[10:31:30][INFO] Registered tree at (164, 144, 16)
[10:31:30][INFO] Registered tree at (164, 144, 16)
[10:31:30][INFO] Registered tree at (168, 148, 0)
[10:31:30][INFO] Registered tree at (164, 144, 16)
[10:31:30][INFO] Registered tree at (168, 148, 0)
[10:31:30][INFO] Registered tree at (176, 148, 4)
[10:31:30][INFO] Registered tree at (164, 144, 16)
[10:31:30][INFO] Registered tree at (168, 148, 0)
[10:31:30][INFO] Registered tree at (176, 148, 4)
[10:31:30][INFO] Registered tree at (184, 143, 20)
[10:31:30][INFO] Registered tree at (288, 149, 4)
[10:31:30][INFO] Registered tree at (288, 149, 4)
[10:31:30][INFO] Registered tree at (288, 153, 28)
[10:31:30][INFO] Registered tree at (288, 149, 4)
[10:31:30][INFO] Registered tree at (288, 153, 28)
[10:31:30][INFO] Registered tree at (292, 149, 8)
[10:31:30][INFO] Registered tree at (288, 149, 4)
[10:31:30][INFO] Registered tree at (288, 153, 28)
[10:31:30][INFO] Registered tree at (292, 149, 8)
[10:31:30][INFO] Registered tree at (300, 150, 28)
[10:31:30][INFO] Registered tree at (288, 149, 4)
[10:31:30][INFO] Registered tree at (288, 153, 28)
[10:31:30][INFO] Registered tree at (292, 149, 8)
[10:31:30][INFO] Registered tree at (300, 150, 28)
[10:31:30][INFO] Registered tree at (304, 146, 16)
[10:31:30][INFO] Registered tree at (368, 144, 40)
[10:31:30][INFO] Registered tree at (368, 144, 40)
[10:31:30][INFO] Registered tree at (372, 142, 52)
[10:31:30][INFO] Registered tree at (352, 142, 252)
[10:31:30][INFO] Registered tree at (352, 142, 252)
[10:31:30][INFO] Registered tree at (356, 143, 244)
[10:31:30][INFO] Registered tree at (352, 142, 252)
[10:31:30][INFO] Registered tree at (356, 143, 244)
[10:31:30][INFO] Registered tree at (360, 145, 236)
[10:31:30][INFO] Registered tree at (352, 142, 252)
[10:31:30][INFO] Registered tree at (356, 143, 244)
[10:31:30][INFO] Registered tree at (360, 145, 236)
[10:31:30][INFO] Registered tree at (372, 142, 236)
[10:31:30][INFO] Registered tree at (352, 142, 252)
[10:31:30][INFO] Registered tree at (356, 143, 244)
[10:31:30][INFO] Registered tree at (360, 145, 236)
[10:31:30][INFO] Registered tree at (372, 142, 236)
[10:31:30][INFO] Registered tree at (372, 140, 244)
[10:31:30][INFO] Registered tree at (352, 142, 252)
[10:31:30][INFO] Registered tree at (356, 143, 244)
[10:31:30][INFO] Registered tree at (360, 145, 236)
[10:31:30][INFO] Registered tree at (372, 142, 236)
[10:31:30][INFO] Registered tree at (372, 140, 244)
[10:31:30][INFO] Registered tree at (376, 141, 232)
[10:31:30][INFO] Registered tree at (100, 139, 36)
[10:31:30][INFO] Registered tree at (100, 139, 36)
[10:31:30][INFO] Registered tree at (108, 143, 48)
[10:31:30][INFO] Registered tree at (352, 142, 252)
[10:31:30][INFO] Registered tree at (352, 142, 252)
[10:31:30][INFO] Registered tree at (356, 143, 244)
[10:31:30][INFO] Registered tree at (352, 142, 252)
[10:31:30][INFO] Registered tree at (356, 143, 244)
[10:31:30][INFO] Registered tree at (360, 145, 236)
[10:31:30][INFO] Registered tree at (352, 142, 252)
[10:31:30][INFO] Registered tree at (356, 143, 244)
[10:31:30][INFO] Registered tree at (360, 145, 236)
[10:31:30][INFO] Registered tree at (372, 142, 236)
[10:31:30][INFO] Registered tree at (352, 142, 252)
[10:31:30][INFO] Registered tree at (356, 143, 244)
[10:31:30][INFO] Registered tree at (360, 145, 236)
[10:31:30][INFO] Registered tree at (372, 142, 236)
[10:31:30][INFO] Registered tree at (372, 140, 244)
[10:31:30][INFO] Registered tree at (352, 142, 252)
[10:31:30][INFO] Registered tree at (356, 143, 244)
[10:31:30][INFO] Registered tree at (360, 145, 236)
[10:31:30][INFO] Registered tree at (372, 142, 236)
[10:31:30][INFO] Registered tree at (372, 140, 244)
[10:31:30][INFO] Registered tree at (376, 141, 232)
[10:31:30][INFO] Registered tree at (104, 146, 228)
[10:31:30][INFO] Registered tree at (104, 146, 228)
[10:31:30][INFO] Registered tree at (104, 152, 252)
[10:31:30][INFO] Registered tree at (104, 146, 228)
[10:31:30][INFO] Registered tree at (104, 152, 252)
[10:31:30][INFO] Registered tree at (112, 145, 240)
[10:31:30][INFO] Registered tree at (104, 146, 228)
[10:31:30][INFO] Registered tree at (104, 152, 252)
[10:31:30][INFO] Registered tree at (112, 145, 240)
[10:31:30][INFO] Registered tree at (116, 151, 252)
[10:31:30][INFO] Registered tree at (100, 139, 36)
[10:31:30][INFO] Registered tree at (100, 139, 36)
[10:31:30][INFO] Registered tree at (108, 143, 48)
[10:31:30][INFO] Registered tree at (104, 146, 228)
[10:31:30][INFO] Registered tree at (104, 146, 228)
[10:31:30][INFO] Registered tree at (104, 152, 252)
[10:31:30][INFO] Registered tree at (104, 146, 228)
[10:31:30][INFO] Registered tree at (104, 152, 252)
[10:31:30][INFO] Registered tree at (112, 145, 240)
[10:31:30][INFO] Registered tree at (104, 146, 228)
[10:31:30][INFO] Registered tree at (104, 152, 252)
[10:31:30][INFO] Registered tree at (112, 145, 240)
[10:31:30][INFO] Registered tree at (116, 151, 252)
[10:31:30][INFO] Registered tree at (128, 149, 28)
[10:31:30][INFO] Registered tree at (128, 149, 28)
[10:31:30][INFO] Registered tree at (140, 147, 24)
[10:31:30][INFO] Registered tree at (128, 149, 28)
[10:31:30][INFO] Registered tree at (140, 147, 24)
[10:31:30][INFO] Registered tree at (148, 146, 0)
[10:31:30][INFO] Registered tree at (128, 149, 28)
[10:31:30][INFO] Registered tree at (140, 147, 24)
[10:31:30][INFO] Registered tree at (148, 146, 0)
[10:31:30][INFO] Registered tree at (156, 145, 20)
[10:31:30][INFO] Registered tree at (132, 147, 260)
[10:31:30][INFO] Registered tree at (132, 147, 260)
[10:31:30][INFO] Registered tree at (132, 144, 284)
[10:31:30][INFO] Registered tree at (132, 147, 260)
[10:31:30][INFO] Registered tree at (132, 144, 284)
[10:31:30][INFO] Registered tree at (140, 146, 268)
[10:31:30][INFO] Registered tree at (132, 147, 260)
[10:31:30][INFO] Registered tree at (132, 144, 284)
[10:31:30][INFO] Registered tree at (140, 146, 268)
[10:31:30][INFO] Registered tree at (148, 141, 256)
[10:31:30][INFO] Registered tree at (132, 147, 260)
[10:31:30][INFO] Registered tree at (132, 144, 284)
[10:31:30][INFO] Registered tree at (140, 146, 268)
[10:31:30][INFO] Registered tree at (148, 141, 256)
[10:31:30][INFO] Registered tree at (148, 145, 276)
[10:31:30][INFO] Registered tree at (132, 147, 260)
[10:31:30][INFO] Registered tree at (132, 144, 284)
[10:31:30][INFO] Registered tree at (140, 146, 268)
[10:31:30][INFO] Registered tree at (148, 141, 256)
[10:31:30][INFO] Registered tree at (148, 145, 276)
[10:31:30][INFO] Registered tree at (156, 143, 260)
[10:31:30][INFO] Registered tree at (128, 149, 28)
[10:31:30][INFO] Registered tree at (128, 149, 28)
[10:31:30][INFO] Registered tree at (140, 147, 24)
[10:31:30][INFO] Registered tree at (128, 149, 28)
[10:31:30][INFO] Registered tree at (140, 147, 24)
[10:31:30][INFO] Registered tree at (148, 146, 0)
[10:31:30][INFO] Registered tree at (128, 149, 28)
[10:31:30][INFO] Registered tree at (140, 147, 24)
[10:31:30][INFO] Registered tree at (148, 146, 0)
[10:31:30][INFO] Registered tree at (156, 145, 20)
[10:31:30][INFO] Registered tree at (132, 147, 260)
[10:31:30][INFO] Registered tree at (132, 147, 260)
[10:31:30][INFO] Registered tree at (132, 144, 284)
[10:31:30][INFO] Registered tree at (132, 147, 260)
[10:31:30][INFO] Registered tree at (132, 144, 284)
[10:31:30][INFO] Registered tree at (140, 146, 268)
[10:31:30][INFO] Registered tree at (132, 147, 260)
[10:31:30][INFO] Registered tree at (132, 144, 284)
[10:31:30][INFO] Registered tree at (140, 146, 268)
[10:31:30][INFO] Registered tree at (148, 141, 256)
[10:31:30][INFO] Registered tree at (132, 147, 260)
[10:31:30][INFO] Registered tree at (132, 144, 284)
[10:31:30][INFO] Registered tree at (140, 146, 268)
[10:31:30][INFO] Registered tree at (148, 141, 256)
[10:31:30][INFO] Registered tree at (148, 145, 276)
[10:31:30][INFO] Registered tree at (132, 147, 260)
[10:31:30][INFO] Registered tree at (132, 144, 284)
[10:31:30][INFO] Registered tree at (140, 146, 268)
[10:31:30][INFO] Registered tree at (148, 141, 256)
[10:31:30][INFO] Registered tree at (148, 145, 276)
[10:31:30][INFO] Registered tree at (156, 143, 260)
[10:31:30][INFO] Registered tree at (320, 147, 4)
[10:31:30][INFO] Registered tree at (320, 147, 4)
[10:31:30][INFO] Registered tree at (320, 149, 8)
[10:31:30][INFO] Registered tree at (320, 147, 4)
[10:31:30][INFO] Registered tree at (320, 149, 8)
[10:31:30][INFO] Registered tree at (332, 149, 4)
[10:31:30][INFO] Registered tree at (320, 147, 4)
[10:31:30][INFO] Registered tree at (320, 149, 8)
[10:31:30][INFO] Registered tree at (332, 149, 4)
[10:31:30][INFO] Registered tree at (332, 154, 28)
[10:31:30][INFO] Registered tree at (320, 147, 4)
[10:31:30][INFO] Registered tree at (320, 149, 8)
[10:31:30][INFO] Registered tree at (332, 149, 4)
[10:31:30][INFO] Registered tree at (332, 154, 28)
[10:31:30][INFO] Registered tree at (336, 150, 4)
[10:31:30][INFO] Registered tree at (320, 147, 4)
[10:31:30][INFO] Registered tree at (320, 149, 8)
[10:31:30][INFO] Registered tree at (332, 149, 4)
[10:31:30][INFO] Registered tree at (332, 154, 28)
[10:31:30][INFO] Registered tree at (336, 150, 4)
[10:31:30][INFO] Registered tree at (340, 151, 20)
[10:31:30][INFO] Registered tree at (320, 147, 4)
[10:31:30][INFO] Registered tree at (320, 149, 8)
[10:31:30][INFO] Registered tree at (332, 149, 4)
[10:31:30][INFO] Registered tree at (332, 154, 28)
[10:31:30][INFO] Registered tree at (336, 150, 4)
[10:31:30][INFO] Registered tree at (340, 151, 20)
[10:31:30][INFO] Registered tree at (340, 151, 24)
[10:31:30][INFO] Registered tree at (320, 147, 4)
[10:31:30][INFO] Registered tree at (320, 149, 8)
[10:31:30][INFO] Registered tree at (332, 149, 4)
[10:31:30][INFO] Registered tree at (332, 154, 28)
[10:31:30][INFO] Registered tree at (336, 150, 4)
[10:31:30][INFO] Registered tree at (340, 151, 20)
[10:31:30][INFO] Registered tree at (340, 151, 24)
[10:31:30][INFO] Registered tree at (344, 152, 4)
[10:31:30][INFO] Registered tree at (320, 147, 4)
[10:31:30][INFO] Registered tree at (320, 149, 8)
[10:31:30][INFO] Registered tree at (332, 149, 4)
[10:31:30][INFO] Registered tree at (332, 154, 28)
[10:31:30][INFO] Registered tree at (336, 150, 4)
[10:31:30][INFO] Registered tree at (340, 151, 20)
[10:31:30][INFO] Registered tree at (340, 151, 24)
[10:31:30][INFO] Registered tree at (344, 152, 4)
[10:31:30][INFO] Registered tree at (348, 151, 20)
[10:31:30][INFO] Registered tree at (324, 141, 284)
[10:31:30][INFO] Registered tree at (320, 147, 4)
[10:31:30][INFO] Registered tree at (320, 147, 4)
[10:31:30][INFO] Registered tree at (320, 149, 8)
[10:31:30][INFO] Registered tree at (320, 147, 4)
[10:31:30][INFO] Registered tree at (320, 149, 8)
[10:31:30][INFO] Registered tree at (332, 149, 4)
[10:31:30][INFO] Registered tree at (320, 147, 4)
[10:31:30][INFO] Registered tree at (320, 149, 8)
[10:31:30][INFO] Registered tree at (332, 149, 4)
[10:31:30][INFO] Registered tree at (332, 154, 28)
[10:31:30][INFO] Registered tree at (320, 147, 4)
[10:31:30][INFO] Registered tree at (320, 149, 8)
[10:31:30][INFO] Registered tree at (332, 149, 4)
[10:31:30][INFO] Registered tree at (332, 154, 28)
[10:31:30][INFO] Registered tree at (336, 150, 4)
[10:31:30][INFO] Registered tree at (320, 147, 4)
[10:31:30][INFO] Registered tree at (320, 149, 8)
[10:31:30][INFO] Registered tree at (332, 149, 4)
[10:31:30][INFO] Registered tree at (332, 154, 28)
[10:31:30][INFO] Registered tree at (336, 150, 4)
[10:31:30][INFO] Registered tree at (340, 151, 20)
[10:31:30][INFO] Registered tree at (320, 147, 4)
[10:31:30][INFO] Registered tree at (320, 149, 8)
[10:31:30][INFO] Registered tree at (332, 149, 4)
[10:31:30][INFO] Registered tree at (332, 154, 28)
[10:31:30][INFO] Registered tree at (336, 150, 4)
[10:31:30][INFO] Registered tree at (340, 151, 20)
[10:31:30][INFO] Registered tree at (340, 151, 24)
[10:31:30][INFO] Registered tree at (320, 147, 4)
[10:31:30][INFO] Registered tree at (320, 149, 8)
[10:31:30][INFO] Registered tree at (332, 149, 4)
[10:31:30][INFO] Registered tree at (332, 154, 28)
[10:31:30][INFO] Registered tree at (336, 150, 4)
[10:31:30][INFO] Registered tree at (340, 151, 20)
[10:31:30][INFO] Registered tree at (340, 151, 24)
[10:31:30][INFO] Registered tree at (344, 152, 4)
[10:31:30][INFO] Registered tree at (320, 147, 4)
[10:31:30][INFO] Registered tree at (320, 149, 8)
[10:31:30][INFO] Registered tree at (332, 149, 4)
[10:31:30][INFO] Registered tree at (332, 154, 28)
[10:31:30][INFO] Registered tree at (336, 150, 4)
[10:31:30][INFO] Registered tree at (340, 151, 20)
[10:31:30][INFO] Registered tree at (340, 151, 24)
[10:31:30][INFO] Registered tree at (344, 152, 4)
[10:31:30][INFO] Registered tree at (348, 151, 20)
[10:31:30][INFO] Registered tree at (324, 141, 284)
[10:31:30][INFO] Registered tree at (368, 144, 40)
[10:31:30][INFO] Registered tree at (368, 144, 40)
[10:31:30][INFO] Registered tree at (372, 142, 52)
[10:31:30][INFO] Registered tree at (360, 146, 4)
[10:31:30][INFO] Registered tree at (360, 146, 4)
[10:31:30][INFO] Registered tree at (372, 144, 12)
[10:31:30][INFO] Registered tree at (360, 146, 4)
[10:31:30][INFO] Registered tree at (372, 144, 12)
[10:31:30][INFO] Registered tree at (372, 144, 24)
[10:31:30][INFO] Registered tree at (100, 151, 268)
[10:31:30][INFO] Registered tree at (360, 146, 4)
[10:31:30][INFO] Registered tree at (360, 146, 4)
[10:31:30][INFO] Registered tree at (372, 144, 12)
[10:31:30][INFO] Registered tree at (360, 146, 4)
[10:31:30][INFO] Registered tree at (372, 144, 12)
[10:31:30][INFO] Registered tree at (372, 144, 24)
[10:31:30][INFO] Registered tree at (100, 141, 24)
[10:31:30][INFO] Registered tree at (100, 151, 268)
[10:31:30][INFO] Registered tree at (352, 139, 280)
[10:31:30][INFO] Registered tree at (352, 139, 280)
[10:31:30][INFO] Registered tree at (356, 139, 256)
[10:31:30][INFO] Registered tree at (352, 139, 280)
[10:31:30][INFO] Registered tree at (356, 139, 256)
[10:31:30][INFO] Registered tree at (356, 139, 264)
[10:31:30][INFO] Registered tree at (352, 139, 280)
[10:31:30][INFO] Registered tree at (356, 139, 256)
[10:31:30][INFO] Registered tree at (356, 139, 264)
[10:31:30][INFO] Registered tree at (364, 140, 268)
[10:31:30][INFO] Registered tree at (352, 139, 280)
[10:31:30][INFO] Registered tree at (356, 139, 256)
[10:31:30][INFO] Registered tree at (356, 139, 264)
[10:31:30][INFO] Registered tree at (364, 140, 268)
[10:31:30][INFO] Registered tree at (372, 141, 268)
[10:31:30][INFO] Registered tree at (100, 141, 24)
[10:31:30][INFO] Registered tree at (352, 139, 280)
[10:31:30][INFO] Registered tree at (352, 139, 280)
[10:31:30][INFO] Registered tree at (356, 139, 256)
[10:31:30][INFO] Registered tree at (352, 139, 280)
[10:31:30][INFO] Registered tree at (356, 139, 256)
[10:31:30][INFO] Registered tree at (356, 139, 264)
[10:31:30][INFO] Registered tree at (352, 139, 280)
[10:31:30][INFO] Registered tree at (356, 139, 256)
[10:31:30][INFO] Registered tree at (356, 139, 264)
[10:31:30][INFO] Registered tree at (364, 140, 268)
[10:31:30][INFO] Registered tree at (352, 139, 280)
[10:31:30][INFO] Registered tree at (356, 139, 256)
[10:31:30][INFO] Registered tree at (356, 139, 264)
[10:31:30][INFO] Registered tree at (364, 140, 268)
[10:31:30][INFO] Registered tree at (372, 141, 268)
[10:31:30][INFO] Registered tree at (4, 145, 12)
[10:31:30][INFO] Registered tree at (4, 145, 12)
[10:31:30][INFO] Registered tree at (4, 144, 16)
[10:31:30][INFO] Registered tree at (4, 145, 12)
[10:31:30][INFO] Registered tree at (4, 144, 16)
[10:31:30][INFO] Registered tree at (12, 146, 16)
[10:31:30][INFO] Registered tree at (4, 145, 12)
[10:31:30][INFO] Registered tree at (4, 144, 16)
[10:31:30][INFO] Registered tree at (12, 146, 16)
[10:31:30][INFO] Registered tree at (20, 144, 12)
[10:31:30][INFO] Registered tree at (0, 144, 44)
[10:31:30][INFO] Registered tree at (0, 144, 44)
[10:31:30][INFO] Registered tree at (4, 142, 48)
[10:31:30][INFO] Registered tree at (0, 144, 44)
[10:31:30][INFO] Registered tree at (4, 142, 48)
[10:31:30][INFO] Registered tree at (8, 141, 60)
[10:31:30][INFO] Registered tree at (4, 150, -28)
[10:31:30][INFO] Registered tree at (4, 150, -28)
[10:31:30][INFO] Registered tree at (12, 150, -32)
[10:31:30][INFO] Registered tree at (4, 150, -28)
[10:31:30][INFO] Registered tree at (12, 150, -32)
[10:31:30][INFO] Registered tree at (16, 148, -24)
[10:31:30][INFO] Registered tree at (4, 150, -28)
[10:31:30][INFO] Registered tree at (12, 150, -32)
[10:31:30][INFO] Registered tree at (16, 148, -24)
[10:31:30][INFO] Registered tree at (20, 146, -4)
[10:31:30][INFO] Registered tree at (-28, 151, 12)
[10:31:30][INFO] Registered tree at (-28, 151, 12)
[10:31:30][INFO] Registered tree at (-28, 149, 20)
[10:31:30][INFO] Registered tree at (-28, 151, 12)
[10:31:30][INFO] Registered tree at (-28, 149, 20)
[10:31:30][INFO] Registered tree at (-20, 145, 4)
[10:31:30][INFO] Registered tree at (-28, 151, 12)
[10:31:30][INFO] Registered tree at (-28, 149, 20)
[10:31:30][INFO] Registered tree at (-20, 145, 4)
[10:31:30][INFO] Registered tree at (-12, 142, 0)
[10:31:30][INFO] Registered tree at (36, 141, 12)
[10:31:30][INFO] Registered tree at (36, 141, 12)
[10:31:30][INFO] Registered tree at (36, 139, 20)
[10:31:30][INFO] Registered tree at (36, 141, 12)
[10:31:30][INFO] Registered tree at (36, 139, 20)
[10:31:30][INFO] Registered tree at (36, 139, 24)
[10:31:30][INFO] Registered tree at (36, 141, 12)
[10:31:30][INFO] Registered tree at (36, 139, 20)
[10:31:30][INFO] Registered tree at (36, 139, 24)
[10:31:30][INFO] Registered tree at (48, 138, 16)
[10:31:30][INFO] Registered tree at (32, 141, 52)
[10:31:30][INFO] Registered tree at (32, 141, 52)
[10:31:30][INFO] Registered tree at (36, 138, 36)
[10:31:30][INFO] Registered tree at (32, 141, 52)
[10:31:30][INFO] Registered tree at (36, 138, 36)
[10:31:30][INFO] Registered tree at (36, 139, 44)
[10:31:30][INFO] Registered tree at (-28, 146, 32)
[10:31:30][INFO] Registered tree at (-28, 146, 32)
[10:31:30][INFO] Registered tree at (-28, 145, 40)
[10:31:30][INFO] Registered tree at (-28, 146, 32)
[10:31:30][INFO] Registered tree at (-28, 145, 40)
[10:31:30][INFO] Registered tree at (-28, 141, 60)
[10:31:30][INFO] Registered tree at (-28, 146, 32)
[10:31:30][INFO] Registered tree at (-28, 145, 40)
[10:31:30][INFO] Registered tree at (-28, 141, 60)
[10:31:30][INFO] Registered tree at (-24, 143, 40)
[10:31:30][INFO] Registered tree at (-28, 146, 32)
[10:31:30][INFO] Registered tree at (-28, 145, 40)
[10:31:30][INFO] Registered tree at (-28, 141, 60)
[10:31:30][INFO] Registered tree at (-24, 143, 40)
[10:31:30][INFO] Registered tree at (-12, 142, 36)
[10:31:30][INFO] Registered tree at (-28, 165, -24)
[10:31:30][INFO] Registered tree at (-28, 165, -24)
[10:31:30][INFO] Registered tree at (-28, 153, -8)
[10:31:30][INFO] Registered tree at (44, 141, -8)
[10:31:30][INFO] Registered tree at (44, 141, -8)
[10:31:30][INFO] Registered tree at (52, 141, -20)
[10:31:30][INFO] Registered tree at (16, 143, 92)
[10:31:30][INFO] Registered tree at (16, 143, 92)
[10:31:30][INFO] Registered tree at (28, 145, 68)
[10:31:30][INFO] Registered tree at (0, 157, -52)
[10:31:30][INFO] Registered tree at (0, 157, -52)
[10:31:30][INFO] Registered tree at (0, 152, -36)
[10:31:30][INFO] Registered tree at (0, 157, -52)
[10:31:30][INFO] Registered tree at (0, 152, -36)
[10:31:30][INFO] Registered tree at (4, 156, -60)
[10:31:30][INFO] Registered tree at (0, 157, -52)
[10:31:30][INFO] Registered tree at (0, 152, -36)
[10:31:30][INFO] Registered tree at (4, 156, -60)
[10:31:30][INFO] Registered tree at (20, 148, -48)
[10:31:30][INFO] Registered tree at (-56, 164, 28)
[10:31:30][INFO] Registered tree at (-56, 164, 28)
[10:31:30][INFO] Registered tree at (-52, 153, 20)
[10:31:30][INFO] Registered tree at (-56, 164, 28)
[10:31:30][INFO] Registered tree at (-52, 153, 20)
[10:31:30][INFO] Registered tree at (-44, 152, 28)
[10:31:30][INFO] Registered tree at (4, 145, 12)
[10:31:30][INFO] Registered tree at (4, 145, 12)
[10:31:30][INFO] Registered tree at (4, 144, 16)
[10:31:30][INFO] Registered tree at (4, 145, 12)
[10:31:30][INFO] Registered tree at (4, 144, 16)
[10:31:30][INFO] Registered tree at (12, 146, 16)
[10:31:30][INFO] Registered tree at (4, 145, 12)
[10:31:30][INFO] Registered tree at (4, 144, 16)
[10:31:30][INFO] Registered tree at (12, 146, 16)
[10:31:30][INFO] Registered tree at (20, 144, 12)
[10:31:30][INFO] Registered tree at (4, 145, 12)
[10:31:30][INFO] Registered tree at (4, 145, 12)
[10:31:30][INFO] Registered tree at (4, 144, 16)
[10:31:30][INFO] Registered tree at (4, 145, 12)
[10:31:30][INFO] Registered tree at (4, 144, 16)
[10:31:30][INFO] Registered tree at (12, 146, 16)
[10:31:30][INFO] Registered tree at (4, 145, 12)
[10:31:30][INFO] Registered tree at (4, 144, 16)
[10:31:30][INFO] Registered tree at (12, 146, 16)
[10:31:30][INFO] Registered tree at (20, 144, 12)
[10:31:30][INFO] Registered tree at (64, 139, 20)
[10:31:30][INFO] Registered tree at (64, 139, 20)
[10:31:30][INFO] Registered tree at (76, 144, 12)
[10:31:30][INFO] Registered tree at (36, 141, 12)
[10:31:30][INFO] Registered tree at (36, 141, 12)
[10:31:30][INFO] Registered tree at (36, 139, 20)
[10:31:30][INFO] Registered tree at (36, 141, 12)
[10:31:30][INFO] Registered tree at (36, 139, 20)
[10:31:30][INFO] Registered tree at (36, 139, 24)
[10:31:30][INFO] Registered tree at (36, 141, 12)
[10:31:30][INFO] Registered tree at (36, 139, 20)
[10:31:30][INFO] Registered tree at (36, 139, 24)
[10:31:30][INFO] Registered tree at (48, 138, 16)
[10:31:30][INFO] Registered tree at (36, 141, 12)
[10:31:30][INFO] Registered tree at (36, 141, 12)
[10:31:30][INFO] Registered tree at (36, 139, 20)
[10:31:30][INFO] Registered tree at (36, 141, 12)
[10:31:30][INFO] Registered tree at (36, 139, 20)
[10:31:30][INFO] Registered tree at (36, 139, 24)
[10:31:30][INFO] Registered tree at (36, 141, 12)
[10:31:30][INFO] Registered tree at (36, 139, 20)
[10:31:30][INFO] Registered tree at (36, 139, 24)
[10:31:30][INFO] Registered tree at (48, 138, 16)
[10:31:30][INFO] Registered tree at (32, 147, -36)
[10:31:30][INFO] Registered tree at (36, 143, 64)
[10:31:30][INFO] Registered tree at (36, 143, 64)
[10:31:30][INFO] Registered tree at (36, 142, 92)
[10:31:30][INFO] Registered tree at (36, 143, 64)
[10:31:30][INFO] Registered tree at (36, 142, 92)
[10:31:30][INFO] Registered tree at (40, 142, 76)
[10:31:30][INFO] Registered tree at (36, 143, 64)
[10:31:30][INFO] Registered tree at (36, 142, 92)
[10:31:30][INFO] Registered tree at (40, 142, 76)
[10:31:30][INFO] Registered tree at (40, 142, 92)
[10:31:30][INFO] Registered tree at (36, 143, 64)
[10:31:30][INFO] Registered tree at (36, 142, 92)
[10:31:30][INFO] Registered tree at (40, 142, 76)
[10:31:30][INFO] Registered tree at (40, 142, 92)
[10:31:30][INFO] Registered tree at (48, 140, 68)
[10:31:30][INFO] Registered tree at (36, 143, 64)
[10:31:30][INFO] Registered tree at (36, 142, 92)
[10:31:30][INFO] Registered tree at (40, 142, 76)
[10:31:30][INFO] Registered tree at (40, 142, 92)
[10:31:30][INFO] Registered tree at (48, 140, 68)
[10:31:30][INFO] Registered tree at (56, 139, 76)
[10:31:30][INFO] Registered tree at (36, 143, 64)
[10:31:30][INFO] Registered tree at (36, 142, 92)
[10:31:30][INFO] Registered tree at (40, 142, 76)
[10:31:30][INFO] Registered tree at (40, 142, 92)
[10:31:30][INFO] Registered tree at (48, 140, 68)
[10:31:30][INFO] Registered tree at (56, 139, 76)
[10:31:30][INFO] Registered tree at (60, 140, 64)
[10:31:30][INFO] Registered tree at (64, 139, 36)
[10:31:30][INFO] Registered tree at (64, 139, 36)
[10:31:30][INFO] Registered tree at (68, 138, 44)
[10:31:30][INFO] Registered tree at (64, 139, 36)
[10:31:30][INFO] Registered tree at (68, 138, 44)
[10:31:30][INFO] Registered tree at (72, 140, 60)
[10:31:30][INFO] Registered tree at (64, 139, 36)
[10:31:30][INFO] Registered tree at (68, 138, 44)
[10:31:30][INFO] Registered tree at (72, 140, 60)
[10:31:30][INFO] Registered tree at (80, 142, 60)
[10:31:30][INFO] Registered tree at (64, 139, 36)
[10:31:30][INFO] Registered tree at (68, 138, 44)
[10:31:30][INFO] Registered tree at (72, 140, 60)
[10:31:30][INFO] Registered tree at (80, 142, 60)
[10:31:30][INFO] Registered tree at (84, 142, 44)
[10:31:30][INFO] Registered tree at (0, 144, 44)
[10:31:30][INFO] Registered tree at (0, 144, 44)
[10:31:30][INFO] Registered tree at (4, 142, 48)
[10:31:30][INFO] Registered tree at (0, 144, 44)
[10:31:30][INFO] Registered tree at (4, 142, 48)
[10:31:30][INFO] Registered tree at (8, 141, 60)
[10:31:30][INFO] Registered tree at (4, 150, -28)
[10:31:30][INFO] Registered tree at (4, 150, -28)
[10:31:30][INFO] Registered tree at (12, 150, -32)
[10:31:30][INFO] Registered tree at (4, 150, -28)
[10:31:30][INFO] Registered tree at (12, 150, -32)
[10:31:30][INFO] Registered tree at (16, 148, -24)
[10:31:30][INFO] Registered tree at (4, 150, -28)
[10:31:30][INFO] Registered tree at (12, 150, -32)
[10:31:30][INFO] Registered tree at (16, 148, -24)
[10:31:30][INFO] Registered tree at (20, 146, -4)
[10:31:30][INFO] Registered tree at (0, 144, 44)
[10:31:30][INFO] Registered tree at (0, 144, 44)
[10:31:30][INFO] Registered tree at (4, 142, 48)
[10:31:30][INFO] Registered tree at (0, 144, 44)
[10:31:30][INFO] Registered tree at (4, 142, 48)
[10:31:30][INFO] Registered tree at (8, 141, 60)
[10:31:30][INFO] Registered tree at (-28, 151, 12)
[10:31:30][INFO] Registered tree at (-28, 151, 12)
[10:31:30][INFO] Registered tree at (-28, 149, 20)
[10:31:30][INFO] Registered tree at (-28, 151, 12)
[10:31:30][INFO] Registered tree at (-28, 149, 20)
[10:31:30][INFO] Registered tree at (-20, 145, 4)
[10:31:30][INFO] Registered tree at (-28, 151, 12)
[10:31:30][INFO] Registered tree at (-28, 149, 20)
[10:31:30][INFO] Registered tree at (-20, 145, 4)
[10:31:30][INFO] Registered tree at (-12, 142, 0)
[10:31:30][INFO] Registered tree at (-28, 162, -36)
[10:31:30][INFO] Registered tree at (-28, 162, -36)
[10:31:30][INFO] Registered tree at (-20, 165, -64)
[10:31:30][INFO] Registered tree at (-28, 162, -36)
[10:31:30][INFO] Registered tree at (-20, 165, -64)
[10:31:30][INFO] Registered tree at (-20, 163, -52)
[10:31:30][INFO] Registered tree at (-32, 141, 64)
[10:31:30][INFO] Registered tree at (-32, 141, 64)
[10:31:30][INFO] Registered tree at (-28, 141, 84)
[10:31:30][INFO] Registered tree at (-32, 141, 64)
[10:31:30][INFO] Registered tree at (-28, 141, 84)
[10:31:30][INFO] Registered tree at (-20, 144, 68)
[10:31:30][INFO] Registered tree at (-32, 141, 64)
[10:31:30][INFO] Registered tree at (-28, 141, 84)
[10:31:30][INFO] Registered tree at (-20, 144, 68)
[10:31:30][INFO] Registered tree at (-20, 141, 84)
[10:31:30][INFO] Registered tree at (-32, 141, 64)
[10:31:30][INFO] Registered tree at (-28, 141, 84)
[10:31:30][INFO] Registered tree at (-20, 144, 68)
[10:31:30][INFO] Registered tree at (-20, 141, 84)
[10:31:30][INFO] Registered tree at (-20, 142, 92)
[10:31:30][INFO] Registered tree at (-32, 141, 64)
[10:31:30][INFO] Registered tree at (-28, 141, 84)
[10:31:30][INFO] Registered tree at (-20, 144, 68)
[10:31:30][INFO] Registered tree at (-20, 141, 84)
[10:31:30][INFO] Registered tree at (-20, 142, 92)
[10:31:30][INFO] Registered tree at (-12, 145, 72)
[10:31:30][INFO] Registered tree at (-28, 151, 12)
[10:31:30][INFO] Registered tree at (-28, 151, 12)
[10:31:30][INFO] Registered tree at (-28, 149, 20)
[10:31:30][INFO] Registered tree at (-28, 151, 12)
[10:31:30][INFO] Registered tree at (-28, 149, 20)
[10:31:30][INFO] Registered tree at (-20, 145, 4)
[10:31:30][INFO] Registered tree at (-28, 151, 12)
[10:31:30][INFO] Registered tree at (-28, 149, 20)
[10:31:30][INFO] Registered tree at (-20, 145, 4)
[10:31:30][INFO] Registered tree at (-12, 142, 0)
[10:31:30][INFO] Registered tree at (4, 150, -28)
[10:31:30][INFO] Registered tree at (4, 150, -28)
[10:31:30][INFO] Registered tree at (12, 150, -32)
[10:31:30][INFO] Registered tree at (4, 150, -28)
[10:31:30][INFO] Registered tree at (12, 150, -32)
[10:31:30][INFO] Registered tree at (16, 148, -24)
[10:31:30][INFO] Registered tree at (4, 150, -28)
[10:31:30][INFO] Registered tree at (12, 150, -32)
[10:31:30][INFO] Registered tree at (16, 148, -24)
[10:31:30][INFO] Registered tree at (20, 146, -4)
[10:31:30][INFO] Registered tree at (-60, 168, 44)
[10:31:30][INFO] Registered tree at (-60, 168, 44)
[10:31:30][INFO] Registered tree at (-56, 164, 44)
[10:31:30][INFO] Registered tree at (-60, 168, 44)
[10:31:30][INFO] Registered tree at (-56, 164, 44)
[10:31:30][INFO] Registered tree at (-52, 148, 60)
[10:31:30][INFO] Registered tree at (-60, 196, -32)
[10:31:30][INFO] Registered tree at (-60, 196, -32)
[10:31:30][INFO] Registered tree at (-60, 168, -20)
[10:31:30][INFO] Registered tree at (-60, 196, -32)
[10:31:30][INFO] Registered tree at (-60, 168, -20)
[10:31:30][INFO] Registered tree at (-60, 161, -16)
[10:31:30][INFO] Registered tree at (-60, 196, -32)
[10:31:30][INFO] Registered tree at (-60, 168, -20)
[10:31:30][INFO] Registered tree at (-60, 161, -16)
[10:31:30][INFO] Registered tree at (-52, 187, -32)
[10:31:30][INFO] Registered tree at (-60, 196, -32)
[10:31:30][INFO] Registered tree at (-60, 168, -20)
[10:31:30][INFO] Registered tree at (-60, 161, -16)
[10:31:30][INFO] Registered tree at (-52, 187, -32)
[10:31:30][INFO] Registered tree at (-52, 155, -12)
[10:31:30][INFO] Registered tree at (-60, 196, -32)
[10:31:30][INFO] Registered tree at (-60, 168, -20)
[10:31:30][INFO] Registered tree at (-60, 161, -16)
[10:31:30][INFO] Registered tree at (-52, 187, -32)
[10:31:30][INFO] Registered tree at (-52, 155, -12)
[10:31:30][INFO] Registered tree at (-44, 172, -32)
[10:31:30][INFO] Registered tree at (-60, 196, -32)
[10:31:30][INFO] Registered tree at (-60, 168, -20)
[10:31:30][INFO] Registered tree at (-60, 161, -16)
[10:31:30][INFO] Registered tree at (-52, 187, -32)
[10:31:30][INFO] Registered tree at (-52, 155, -12)
[10:31:30][INFO] Registered tree at (-44, 172, -32)
[10:31:30][INFO] Registered tree at (-44, 162, -16)
[10:31:30][INFO] Registered tree at (44, 141, -8)
[10:31:30][INFO] Registered tree at (44, 141, -8)
[10:31:30][INFO] Registered tree at (52, 141, -20)
[10:31:30][INFO] Registered tree at (-28, 146, 32)
[10:31:30][INFO] Registered tree at (-28, 146, 32)
[10:31:30][INFO] Registered tree at (-28, 145, 40)
[10:31:30][INFO] Registered tree at (-28, 146, 32)
[10:31:30][INFO] Registered tree at (-28, 145, 40)
[10:31:30][INFO] Registered tree at (-28, 141, 60)
[10:31:30][INFO] Registered tree at (-28, 146, 32)
[10:31:30][INFO] Registered tree at (-28, 145, 40)
[10:31:30][INFO] Registered tree at (-28, 141, 60)
[10:31:30][INFO] Registered tree at (-24, 143, 40)
[10:31:30][INFO] Registered tree at (-28, 146, 32)
[10:31:30][INFO] Registered tree at (-28, 145, 40)
[10:31:30][INFO] Registered tree at (-28, 141, 60)
[10:31:30][INFO] Registered tree at (-24, 143, 40)
[10:31:30][INFO] Registered tree at (-12, 142, 36)
[10:31:30][INFO] Registered tree at (32, 141, 52)
[10:31:30][INFO] Registered tree at (32, 141, 52)
[10:31:30][INFO] Registered tree at (36, 138, 36)
[10:31:30][INFO] Registered tree at (32, 141, 52)
[10:31:30][INFO] Registered tree at (36, 138, 36)
[10:31:30][INFO] Registered tree at (36, 139, 44)
[10:31:30][INFO] Registered tree at (44, 141, -8)
[10:31:30][INFO] Registered tree at (44, 141, -8)
[10:31:30][INFO] Registered tree at (52, 141, -20)
[10:31:30][INFO] Registered tree at (-28, 165, -24)
[10:31:30][INFO] Registered tree at (-28, 165, -24)
[10:31:30][INFO] Registered tree at (-28, 153, -8)
[10:31:30][INFO] Registered tree at (-28, 165, -24)
[10:31:30][INFO] Registered tree at (-28, 165, -24)
[10:31:30][INFO] Registered tree at (-28, 153, -8)
[10:31:30][INFO] Registered tree at (-28, 146, 32)
[10:31:30][INFO] Registered tree at (-28, 146, 32)
[10:31:30][INFO] Registered tree at (-28, 145, 40)
[10:31:30][INFO] Registered tree at (-28, 146, 32)
[10:31:30][INFO] Registered tree at (-28, 145, 40)
[10:31:30][INFO] Registered tree at (-28, 141, 60)
[10:31:30][INFO] Registered tree at (-28, 146, 32)
[10:31:30][INFO] Registered tree at (-28, 145, 40)
[10:31:30][INFO] Registered tree at (-28, 141, 60)
[10:31:30][INFO] Registered tree at (-24, 143, 40)
[10:31:30][INFO] Registered tree at (-28, 146, 32)
[10:31:30][INFO] Registered tree at (-28, 145, 40)
[10:31:30][INFO] Registered tree at (-28, 141, 60)
[10:31:30][INFO] Registered tree at (-24, 143, 40)
[10:31:30][INFO] Registered tree at (-12, 142, 36)
[10:31:30][INFO] Registered tree at (32, 141, 52)
[10:31:30][INFO] Registered tree at (32, 141, 52)
[10:31:30][INFO] Registered tree at (36, 138, 36)
[10:31:30][INFO] Registered tree at (32, 141, 52)
[10:31:30][INFO] Registered tree at (36, 138, 36)
[10:31:30][INFO] Registered tree at (36, 139, 44)
[10:31:30][INFO] Registered tree at (16, 143, 92)
[10:31:30][INFO] Registered tree at (16, 143, 92)
[10:31:30][INFO] Registered tree at (28, 145, 68)
[10:31:30][INFO] Registered tree at (-56, 182, -44)
[10:31:30][INFO] Registered tree at (-56, 182, -44)
[10:31:30][INFO] Registered tree at (-52, 194, -60)
[10:31:30][INFO] Registered tree at (-56, 182, -44)
[10:31:30][INFO] Registered tree at (-52, 194, -60)
[10:31:30][INFO] Registered tree at (-52, 187, -56)
[10:31:30][INFO] Registered tree at (-56, 182, -44)
[10:31:30][INFO] Registered tree at (-52, 194, -60)
[10:31:30][INFO] Registered tree at (-52, 187, -56)
[10:31:30][INFO] Registered tree at (-48, 184, -60)
[10:31:30][INFO] Registered tree at (-56, 182, -44)
[10:31:30][INFO] Registered tree at (-52, 194, -60)
[10:31:30][INFO] Registered tree at (-52, 187, -56)
[10:31:30][INFO] Registered tree at (-48, 184, -60)
[10:31:30][INFO] Registered tree at (-44, 171, -44)
[10:31:30][INFO] Registered tree at (-56, 164, 28)
[10:31:30][INFO] Registered tree at (-56, 164, 28)
[10:31:30][INFO] Registered tree at (-52, 153, 20)
[10:31:30][INFO] Registered tree at (-56, 164, 28)
[10:31:30][INFO] Registered tree at (-52, 153, 20)
[10:31:30][INFO] Registered tree at (-44, 152, 28)
[10:31:30][INFO] Registered tree at (0, 157, -52)
[10:31:30][INFO] Registered tree at (0, 157, -52)
[10:31:30][INFO] Registered tree at (0, 152, -36)
[10:31:30][INFO] Registered tree at (0, 157, -52)
[10:31:30][INFO] Registered tree at (0, 152, -36)
[10:31:30][INFO] Registered tree at (4, 156, -60)
[10:31:30][INFO] Registered tree at (0, 157, -52)
[10:31:30][INFO] Registered tree at (0, 152, -36)
[10:31:30][INFO] Registered tree at (4, 156, -60)
[10:31:30][INFO] Registered tree at (20, 148, -48)
[10:31:30][INFO] Registered tree at (64, 139, 20)
[10:31:30][INFO] Registered tree at (64, 139, 20)
[10:31:30][INFO] Registered tree at (76, 144, 12)
[10:31:30][INFO] Registered tree at (64, 139, 84)
[10:31:30][INFO] Registered tree at (64, 139, 84)
[10:31:30][INFO] Registered tree at (76, 140, 80)
[10:31:30][INFO] Registered tree at (16, 143, 92)
[10:31:30][INFO] Registered tree at (16, 143, 92)
[10:31:30][INFO] Registered tree at (28, 145, 68)
[10:31:30][INFO] Registered tree at (64, 139, 20)
[10:31:30][INFO] Registered tree at (64, 139, 20)
[10:31:30][INFO] Registered tree at (76, 144, 12)
[10:31:30][INFO] Registered tree at (64, 141, -60)
[10:31:30][INFO] Registered tree at (64, 141, -60)
[10:31:30][INFO] Registered tree at (68, 139, -52)
[10:31:30][INFO] Registered tree at (64, 141, -60)
[10:31:30][INFO] Registered tree at (68, 139, -52)
[10:31:30][INFO] Registered tree at (80, 139, -44)
[10:31:30][INFO] Registered tree at (-60, 143, 92)
[10:31:30][INFO] Registered tree at (-60, 143, 92)
[10:31:30][INFO] Registered tree at (-52, 142, 92)
[10:31:30][INFO] Registered tree at (-60, 143, 92)
[10:31:30][INFO] Registered tree at (-52, 142, 92)
[10:31:30][INFO] Registered tree at (-44, 143, 76)
[10:31:30][INFO] Registered tree at (-60, 143, 92)
[10:31:30][INFO] Registered tree at (-52, 142, 92)
[10:31:30][INFO] Registered tree at (-44, 143, 76)
[10:31:30][INFO] Registered tree at (-44, 142, 92)
[10:31:30][INFO] Registered tree at (-56, 164, 28)
[10:31:30][INFO] Registered tree at (-56, 164, 28)
[10:31:30][INFO] Registered tree at (-52, 153, 20)
[10:31:30][INFO] Registered tree at (-56, 164, 28)
[10:31:30][INFO] Registered tree at (-52, 153, 20)
[10:31:30][INFO] Registered tree at (-44, 152, 28)
[10:31:30][INFO] Registered tree at (0, 157, -52)
[10:31:30][INFO] Registered tree at (0, 157, -52)
[10:31:30][INFO] Registered tree at (0, 152, -36)
[10:31:30][INFO] Registered tree at (0, 157, -52)
[10:31:30][INFO] Registered tree at (0, 152, -36)
[10:31:30][INFO] Registered tree at (4, 156, -60)
[10:31:30][INFO] Registered tree at (0, 157, -52)
[10:31:30][INFO] Registered tree at (0, 152, -36)
[10:31:30][INFO] Registered tree at (4, 156, -60)
[10:31:30][INFO] Registered tree at (20, 148, -48)
[10:31:30][INFO] Registered tree at (64, 139, 36)
[10:31:30][INFO] Registered tree at (64, 139, 36)
[10:31:30][INFO] Registered tree at (68, 138, 44)
[10:31:30][INFO] Registered tree at (64, 139, 36)
[10:31:30][INFO] Registered tree at (68, 138, 44)
[10:31:30][INFO] Registered tree at (72, 140, 60)
[10:31:30][INFO] Registered tree at (64, 139, 36)
[10:31:30][INFO] Registered tree at (68, 138, 44)
[10:31:30][INFO] Registered tree at (72, 140, 60)
[10:31:30][INFO] Registered tree at (80, 142, 60)
[10:31:30][INFO] Registered tree at (64, 139, 36)
[10:31:30][INFO] Registered tree at (68, 138, 44)
[10:31:30][INFO] Registered tree at (72, 140, 60)
[10:31:30][INFO] Registered tree at (80, 142, 60)
[10:31:30][INFO] Registered tree at (84, 142, 44)
[10:31:30][INFO] Registered tree at (-32, 141, 64)
[10:31:30][INFO] Registered tree at (-32, 141, 64)
[10:31:30][INFO] Registered tree at (-28, 141, 84)
[10:31:30][INFO] Registered tree at (-32, 141, 64)
[10:31:30][INFO] Registered tree at (-28, 141, 84)
[10:31:30][INFO] Registered tree at (-20, 144, 68)
[10:31:30][INFO] Registered tree at (-32, 141, 64)
[10:31:30][INFO] Registered tree at (-28, 141, 84)
[10:31:30][INFO] Registered tree at (-20, 144, 68)
[10:31:30][INFO] Registered tree at (-20, 141, 84)
[10:31:30][INFO] Registered tree at (-32, 141, 64)
[10:31:30][INFO] Registered tree at (-28, 141, 84)
[10:31:30][INFO] Registered tree at (-20, 144, 68)
[10:31:30][INFO] Registered tree at (-20, 141, 84)
[10:31:30][INFO] Registered tree at (-20, 142, 92)
[10:31:30][INFO] Registered tree at (-32, 141, 64)
[10:31:30][INFO] Registered tree at (-28, 141, 84)
[10:31:30][INFO] Registered tree at (-20, 144, 68)
[10:31:30][INFO] Registered tree at (-20, 141, 84)
[10:31:30][INFO] Registered tree at (-20, 142, 92)
[10:31:30][INFO] Registered tree at (-12, 145, 72)
[10:31:30][INFO] Registered tree at (-60, 196, -32)
[10:31:30][INFO] Registered tree at (-60, 196, -32)
[10:31:30][INFO] Registered tree at (-60, 168, -20)
[10:31:30][INFO] Registered tree at (-60, 196, -32)
[10:31:30][INFO] Registered tree at (-60, 168, -20)
[10:31:30][INFO] Registered tree at (-60, 161, -16)
[10:31:30][INFO] Registered tree at (-60, 196, -32)
[10:31:30][INFO] Registered tree at (-60, 168, -20)
[10:31:30][INFO] Registered tree at (-60, 161, -16)
[10:31:30][INFO] Registered tree at (-52, 187, -32)
[10:31:30][INFO] Registered tree at (-60, 196, -32)
[10:31:30][INFO] Registered tree at (-60, 168, -20)
[10:31:30][INFO] Registered tree at (-60, 161, -16)
[10:31:30][INFO] Registered tree at (-52, 187, -32)
[10:31:30][INFO] Registered tree at (-52, 155, -12)
[10:31:30][INFO] Registered tree at (-60, 196, -32)
[10:31:30][INFO] Registered tree at (-60, 168, -20)
[10:31:30][INFO] Registered tree at (-60, 161, -16)
[10:31:30][INFO] Registered tree at (-52, 187, -32)
[10:31:30][INFO] Registered tree at (-52, 155, -12)
[10:31:30][INFO] Registered tree at (-44, 172, -32)
[10:31:30][INFO] Registered tree at (-60, 196, -32)
[10:31:30][INFO] Registered tree at (-60, 168, -20)
[10:31:30][INFO] Registered tree at (-60, 161, -16)
[10:31:30][INFO] Registered tree at (-52, 187, -32)
[10:31:30][INFO] Registered tree at (-52, 155, -12)
[10:31:30][INFO] Registered tree at (-44, 172, -32)
[10:31:30][INFO] Registered tree at (-44, 162, -16)
[10:31:30][INFO] Registered tree at (-28, 162, -36)
[10:31:30][INFO] Registered tree at (-28, 162, -36)
[10:31:30][INFO] Registered tree at (-20, 165, -64)
[10:31:30][INFO] Registered tree at (-28, 162, -36)
[10:31:30][INFO] Registered tree at (-20, 165, -64)
[10:31:30][INFO] Registered tree at (-20, 163, -52)
[10:31:30][INFO] Registered tree at (-28, 162, -36)
[10:31:30][INFO] Registered tree at (-28, 162, -36)
[10:31:30][INFO] Registered tree at (-20, 165, -64)
[10:31:30][INFO] Registered tree at (-28, 162, -36)
[10:31:30][INFO] Registered tree at (-20, 165, -64)
[10:31:30][INFO] Registered tree at (-20, 163, -52)
[10:31:30][INFO] Registered tree at (-32, 141, 64)
[10:31:30][INFO] Registered tree at (-32, 141, 64)
[10:31:30][INFO] Registered tree at (-28, 141, 84)
[10:31:30][INFO] Registered tree at (-32, 141, 64)
[10:31:30][INFO] Registered tree at (-28, 141, 84)
[10:31:30][INFO] Registered tree at (-20, 144, 68)
[10:31:30][INFO] Registered tree at (-32, 141, 64)
[10:31:30][INFO] Registered tree at (-28, 141, 84)
[10:31:30][INFO] Registered tree at (-20, 144, 68)
[10:31:30][INFO] Registered tree at (-20, 141, 84)
[10:31:30][INFO] Registered tree at (-32, 141, 64)
[10:31:30][INFO] Registered tree at (-28, 141, 84)
[10:31:30][INFO] Registered tree at (-20, 144, 68)
[10:31:30][INFO] Registered tree at (-20, 141, 84)
[10:31:30][INFO] Registered tree at (-20, 142, 92)
[10:31:30][INFO] Registered tree at (-32, 141, 64)
[10:31:30][INFO] Registered tree at (-28, 141, 84)
[10:31:30][INFO] Registered tree at (-20, 144, 68)
[10:31:30][INFO] Registered tree at (-20, 141, 84)
[10:31:30][INFO] Registered tree at (-20, 142, 92)
[10:31:30][INFO] Registered tree at (-12, 145, 72)
[10:31:30][INFO] Registered tree at (36, 143, 64)
[10:31:30][INFO] Registered tree at (36, 143, 64)
[10:31:30][INFO] Registered tree at (36, 142, 92)
[10:31:30][INFO] Registered tree at (36, 143, 64)
[10:31:30][INFO] Registered tree at (36, 142, 92)
[10:31:30][INFO] Registered tree at (40, 142, 76)
[10:31:30][INFO] Registered tree at (36, 143, 64)
[10:31:30][INFO] Registered tree at (36, 142, 92)
[10:31:30][INFO] Registered tree at (40, 142, 76)
[10:31:30][INFO] Registered tree at (40, 142, 92)
[10:31:30][INFO] Registered tree at (36, 143, 64)
[10:31:30][INFO] Registered tree at (36, 142, 92)
[10:31:30][INFO] Registered tree at (40, 142, 76)
[10:31:30][INFO] Registered tree at (40, 142, 92)
[10:31:30][INFO] Registered tree at (48, 140, 68)
[10:31:30][INFO] Registered tree at (36, 143, 64)
[10:31:30][INFO] Registered tree at (36, 142, 92)
[10:31:30][INFO] Registered tree at (40, 142, 76)
[10:31:30][INFO] Registered tree at (40, 142, 92)
[10:31:30][INFO] Registered tree at (48, 140, 68)
[10:31:30][INFO] Registered tree at (56, 139, 76)
[10:31:30][INFO] Registered tree at (36, 143, 64)
[10:31:30][INFO] Registered tree at (36, 142, 92)
[10:31:30][INFO] Registered tree at (40, 142, 76)
[10:31:30][INFO] Registered tree at (40, 142, 92)
[10:31:30][INFO] Registered tree at (48, 140, 68)
[10:31:30][INFO] Registered tree at (56, 139, 76)
[10:31:30][INFO] Registered tree at (60, 140, 64)
[10:31:30][INFO] Registered tree at (32, 147, -36)
[10:31:30][INFO] Registered tree at (-60, 196, -32)
[10:31:30][INFO] Registered tree at (-60, 196, -32)
[10:31:30][INFO] Registered tree at (-60, 168, -20)
[10:31:30][INFO] Registered tree at (-60, 196, -32)
[10:31:30][INFO] Registered tree at (-60, 168, -20)
[10:31:30][INFO] Registered tree at (-60, 161, -16)
[10:31:30][INFO] Registered tree at (-60, 196, -32)
[10:31:30][INFO] Registered tree at (-60, 168, -20)
[10:31:30][INFO] Registered tree at (-60, 161, -16)
[10:31:30][INFO] Registered tree at (-52, 187, -32)
[10:31:30][INFO] Registered tree at (-60, 196, -32)
[10:31:30][INFO] Registered tree at (-60, 168, -20)
[10:31:30][INFO] Registered tree at (-60, 161, -16)
[10:31:30][INFO] Registered tree at (-52, 187, -32)
[10:31:30][INFO] Registered tree at (-52, 155, -12)
[10:31:30][INFO] Registered tree at (-60, 196, -32)
[10:31:30][INFO] Registered tree at (-60, 168, -20)
[10:31:30][INFO] Registered tree at (-60, 161, -16)
[10:31:30][INFO] Registered tree at (-52, 187, -32)
[10:31:30][INFO] Registered tree at (-52, 155, -12)
[10:31:30][INFO] Registered tree at (-44, 172, -32)
[10:31:30][INFO] Registered tree at (-60, 196, -32)
[10:31:30][INFO] Registered tree at (-60, 168, -20)
[10:31:30][INFO] Registered tree at (-60, 161, -16)
[10:31:30][INFO] Registered tree at (-52, 187, -32)
[10:31:30][INFO] Registered tree at (-52, 155, -12)
[10:31:30][INFO] Registered tree at (-44, 172, -32)
[10:31:30][INFO] Registered tree at (-44, 162, -16)
[10:31:30][INFO] Registered tree at (36, 143, 64)
[10:31:30][INFO] Registered tree at (36, 143, 64)
[10:31:30][INFO] Registered tree at (36, 142, 92)
[10:31:30][INFO] Registered tree at (36, 143, 64)
[10:31:30][INFO] Registered tree at (36, 142, 92)
[10:31:30][INFO] Registered tree at (40, 142, 76)
[10:31:30][INFO] Registered tree at (36, 143, 64)
[10:31:30][INFO] Registered tree at (36, 142, 92)
[10:31:30][INFO] Registered tree at (40, 142, 76)
[10:31:30][INFO] Registered tree at (40, 142, 92)
[10:31:30][INFO] Registered tree at (36, 143, 64)
[10:31:30][INFO] Registered tree at (36, 142, 92)
[10:31:30][INFO] Registered tree at (40, 142, 76)
[10:31:30][INFO] Registered tree at (40, 142, 92)
[10:31:30][INFO] Registered tree at (48, 140, 68)
[10:31:30][INFO] Registered tree at (36, 143, 64)
[10:31:30][INFO] Registered tree at (36, 142, 92)
[10:31:30][INFO] Registered tree at (40, 142, 76)
[10:31:30][INFO] Registered tree at (40, 142, 92)
[10:31:30][INFO] Registered tree at (48, 140, 68)
[10:31:30][INFO] Registered tree at (56, 139, 76)
[10:31:30][INFO] Registered tree at (36, 143, 64)
[10:31:30][INFO] Registered tree at (36, 142, 92)
[10:31:30][INFO] Registered tree at (40, 142, 76)
[10:31:30][INFO] Registered tree at (40, 142, 92)
[10:31:30][INFO] Registered tree at (48, 140, 68)
[10:31:30][INFO] Registered tree at (56, 139, 76)
[10:31:30][INFO] Registered tree at (60, 140, 64)
[10:31:30][INFO] Registered tree at (32, 147, -36)
[10:31:30][INFO] Registered tree at (-60, 168, 44)
[10:31:30][INFO] Registered tree at (-60, 168, 44)
[10:31:30][INFO] Registered tree at (-56, 164, 44)
[10:31:30][INFO] Registered tree at (-60, 168, 44)
[10:31:30][INFO] Registered tree at (-56, 164, 44)
[10:31:30][INFO] Registered tree at (-52, 148, 60)
[10:31:30][INFO] Registered tree at (-60, 168, 44)
[10:31:30][INFO] Registered tree at (-60, 168, 44)
[10:31:30][INFO] Registered tree at (-56, 164, 44)
[10:31:30][INFO] Registered tree at (-60, 168, 44)
[10:31:30][INFO] Registered tree at (-56, 164, 44)
[10:31:30][INFO] Registered tree at (-52, 148, 60)
[10:31:30][INFO] Registered tree at (64, 139, 36)
[10:31:30][INFO] Registered tree at (64, 139, 36)
[10:31:30][INFO] Registered tree at (68, 138, 44)
[10:31:30][INFO] Registered tree at (64, 139, 36)
[10:31:30][INFO] Registered tree at (68, 138, 44)
[10:31:30][INFO] Registered tree at (72, 140, 60)
[10:31:30][INFO] Registered tree at (64, 139, 36)
[10:31:30][INFO] Registered tree at (68, 138, 44)
[10:31:30][INFO] Registered tree at (72, 140, 60)
[10:31:30][INFO] Registered tree at (80, 142, 60)
[10:31:30][INFO] Registered tree at (64, 139, 36)
[10:31:30][INFO] Registered tree at (68, 138, 44)
[10:31:30][INFO] Registered tree at (72, 140, 60)
[10:31:30][INFO] Registered tree at (80, 142, 60)
[10:31:30][INFO] Registered tree at (84, 142, 44)
[10:31:30][INFO] Registered tree at (-60, 143, 92)
[10:31:30][INFO] Registered tree at (-60, 143, 92)
[10:31:30][INFO] Registered tree at (-52, 142, 92)
[10:31:30][INFO] Registered tree at (-60, 143, 92)
[10:31:30][INFO] Registered tree at (-52, 142, 92)
[10:31:30][INFO] Registered tree at (-44, 143, 76)
[10:31:30][INFO] Registered tree at (-60, 143, 92)
[10:31:30][INFO] Registered tree at (-52, 142, 92)
[10:31:30][INFO] Registered tree at (-44, 143, 76)
[10:31:30][INFO] Registered tree at (-44, 142, 92)
[10:31:30][INFO] Registered tree at (64, 139, 84)
[10:31:30][INFO] Registered tree at (64, 139, 84)
[10:31:30][INFO] Registered tree at (76, 140, 80)
[10:31:30][INFO] Registered tree at (64, 141, -60)
[10:31:30][INFO] Registered tree at (64, 141, -60)
[10:31:30][INFO] Registered tree at (68, 139, -52)
[10:31:30][INFO] Registered tree at (64, 141, -60)
[10:31:30][INFO] Registered tree at (68, 139, -52)
[10:31:30][INFO] Registered tree at (80, 139, -44)
[10:31:30][INFO] Registered tree at (-56, 182, -44)
[10:31:30][INFO] Registered tree at (-56, 182, -44)
[10:31:30][INFO] Registered tree at (-52, 194, -60)
[10:31:30][INFO] Registered tree at (-56, 182, -44)
[10:31:30][INFO] Registered tree at (-52, 194, -60)
[10:31:30][INFO] Registered tree at (-52, 187, -56)
[10:31:30][INFO] Registered tree at (-56, 182, -44)
[10:31:30][INFO] Registered tree at (-52, 194, -60)
[10:31:30][INFO] Registered tree at (-52, 187, -56)
[10:31:30][INFO] Registered tree at (-48, 184, -60)
[10:31:30][INFO] Registered tree at (-56, 182, -44)
[10:31:30][INFO] Registered tree at (-52, 194, -60)
[10:31:30][INFO] Registered tree at (-52, 187, -56)
[10:31:30][INFO] Registered tree at (-48, 184, -60)
[10:31:30][INFO] Registered tree at (-44, 171, -44)
[10:31:30][INFO] Registered tree at (-56, 182, -44)
[10:31:30][INFO] Registered tree at (-56, 182, -44)
[10:31:30][INFO] Registered tree at (-52, 194, -60)
[10:31:30][INFO] Registered tree at (-56, 182, -44)
[10:31:30][INFO] Registered tree at (-52, 194, -60)
[10:31:30][INFO] Registered tree at (-52, 187, -56)
[10:31:30][INFO] Registered tree at (-56, 182, -44)
[10:31:30][INFO] Registered tree at (-52, 194, -60)
[10:31:30][INFO] Registered tree at (-52, 187, -56)
[10:31:30][INFO] Registered tree at (-48, 184, -60)
[10:31:30][INFO] Registered tree at (-56, 182, -44)
[10:31:30][INFO] Registered tree at (-52, 194, -60)
[10:31:30][INFO] Registered tree at (-52, 187, -56)
[10:31:30][INFO] Registered tree at (-48, 184, -60)
[10:31:30][INFO] Registered tree at (-44, 171, -44)
[10:31:30][INFO] Registered tree at (64, 141, -60)
[10:31:30][INFO] Registered tree at (64, 141, -60)
[10:31:30][INFO] Registered tree at (68, 139, -52)
[10:31:30][INFO] Registered tree at (64, 141, -60)
[10:31:30][INFO] Registered tree at (68, 139, -52)
[10:31:30][INFO] Registered tree at (80, 139, -44)
[10:31:30][INFO] Registered tree at (64, 139, 84)
[10:31:30][INFO] Registered tree at (64, 139, 84)
[10:31:30][INFO] Registered tree at (76, 140, 80)
[10:31:30][INFO] Registered tree at (-60, 143, 92)
[10:31:30][INFO] Registered tree at (-60, 143, 92)
[10:31:30][INFO] Registered tree at (-52, 142, 92)
[10:31:30][INFO] Registered tree at (-60, 143, 92)
[10:31:30][INFO] Registered tree at (-52, 142, 92)
[10:31:30][INFO] Registered tree at (-44, 143, 76)
[10:31:30][INFO] Registered tree at (-60, 143, 92)
[10:31:30][INFO] Registered tree at (-52, 142, 92)
[10:31:30][INFO] Registered tree at (-44, 143, 76)
[10:31:30][INFO] Registered tree at (-44, 142, 92)
[10:31:30][INFO] Registered tree at (4, 145, 12)
[10:31:30][INFO] Registered tree at (4, 145, 12)
[10:31:30][INFO] Registered tree at (4, 144, 16)
[10:31:30][INFO] Registered tree at (4, 145, 12)
[10:31:30][INFO] Registered tree at (4, 144, 16)
[10:31:30][INFO] Registered tree at (12, 146, 16)
[10:31:30][INFO] Registered tree at (4, 145, 12)
[10:31:30][INFO] Registered tree at (4, 144, 16)
[10:31:30][INFO] Registered tree at (12, 146, 16)
[10:31:30][INFO] Registered tree at (20, 144, 12)
[10:31:30][INFO] Registered tree at (4, 145, 12)
[10:31:30][INFO] Registered tree at (4, 145, 12)
[10:31:30][INFO] Registered tree at (4, 144, 16)
[10:31:30][INFO] Registered tree at (4, 145, 12)
[10:31:30][INFO] Registered tree at (4, 144, 16)
[10:31:30][INFO] Registered tree at (12, 146, 16)
[10:31:30][INFO] Registered tree at (4, 145, 12)
[10:31:30][INFO] Registered tree at (4, 144, 16)
[10:31:30][INFO] Registered tree at (12, 146, 16)
[10:31:30][INFO] Registered tree at (20, 144, 12)
[10:31:30][INFO] Registered tree at (4, 150, -28)
[10:31:30][INFO] Registered tree at (4, 150, -28)
[10:31:30][INFO] Registered tree at (12, 150, -32)
[10:31:30][INFO] Registered tree at (4, 150, -28)
[10:31:30][INFO] Registered tree at (12, 150, -32)
[10:31:30][INFO] Registered tree at (16, 148, -24)
[10:31:30][INFO] Registered tree at (4, 150, -28)
[10:31:30][INFO] Registered tree at (12, 150, -32)
[10:31:30][INFO] Registered tree at (16, 148, -24)
[10:31:30][INFO] Registered tree at (20, 146, -4)
[10:31:30][INFO] Registered tree at (0, 144, 44)
[10:31:30][INFO] Registered tree at (0, 144, 44)
[10:31:30][INFO] Registered tree at (4, 142, 48)
[10:31:30][INFO] Registered tree at (0, 144, 44)
[10:31:30][INFO] Registered tree at (4, 142, 48)
[10:31:30][INFO] Registered tree at (8, 141, 60)
[10:31:30][INFO] Registered tree at (36, 141, 12)
[10:31:30][INFO] Registered tree at (36, 141, 12)
[10:31:30][INFO] Registered tree at (36, 139, 20)
[10:31:30][INFO] Registered tree at (36, 141, 12)
[10:31:30][INFO] Registered tree at (36, 139, 20)
[10:31:30][INFO] Registered tree at (36, 139, 24)
[10:31:30][INFO] Registered tree at (36, 141, 12)
[10:31:30][INFO] Registered tree at (36, 139, 20)
[10:31:30][INFO] Registered tree at (36, 139, 24)
[10:31:30][INFO] Registered tree at (48, 138, 16)
[10:31:30][INFO] Registered tree at (-28, 151, 12)
[10:31:30][INFO] Registered tree at (-28, 151, 12)
[10:31:30][INFO] Registered tree at (-28, 149, 20)
[10:31:30][INFO] Registered tree at (-28, 151, 12)
[10:31:30][INFO] Registered tree at (-28, 149, 20)
[10:31:30][INFO] Registered tree at (-20, 145, 4)
[10:31:30][INFO] Registered tree at (-28, 151, 12)
[10:31:30][INFO] Registered tree at (-28, 149, 20)
[10:31:30][INFO] Registered tree at (-20, 145, 4)
[10:31:30][INFO] Registered tree at (-12, 142, 0)
[10:31:30][INFO] Registered tree at (36, 141, 12)
[10:31:30][INFO] Registered tree at (36, 141, 12)
[10:31:30][INFO] Registered tree at (36, 139, 20)
[10:31:30][INFO] Registered tree at (36, 141, 12)
[10:31:30][INFO] Registered tree at (36, 139, 20)
[10:31:30][INFO] Registered tree at (36, 139, 24)
[10:31:30][INFO] Registered tree at (36, 141, 12)
[10:31:30][INFO] Registered tree at (36, 139, 20)
[10:31:30][INFO] Registered tree at (36, 139, 24)
[10:31:30][INFO] Registered tree at (48, 138, 16)
[10:31:30][INFO] Registered tree at (-28, 151, 12)
[10:31:30][INFO] Registered tree at (-28, 151, 12)
[10:31:30][INFO] Registered tree at (-28, 149, 20)
[10:31:30][INFO] Registered tree at (-28, 151, 12)
[10:31:30][INFO] Registered tree at (-28, 149, 20)
[10:31:30][INFO] Registered tree at (-20, 145, 4)
[10:31:30][INFO] Registered tree at (-28, 151, 12)
[10:31:30][INFO] Registered tree at (-28, 149, 20)
[10:31:30][INFO] Registered tree at (-20, 145, 4)
[10:31:30][INFO] Registered tree at (-12, 142, 0)
[10:31:30][INFO] Registered tree at (4, 150, -28)
[10:31:30][INFO] Registered tree at (4, 150, -28)
[10:31:30][INFO] Registered tree at (12, 150, -32)
[10:31:30][INFO] Registered tree at (4, 150, -28)
[10:31:30][INFO] Registered tree at (12, 150, -32)
[10:31:30][INFO] Registered tree at (16, 148, -24)
[10:31:30][INFO] Registered tree at (4, 150, -28)
[10:31:30][INFO] Registered tree at (12, 150, -32)
[10:31:30][INFO] Registered tree at (16, 148, -24)
[10:31:30][INFO] Registered tree at (20, 146, -4)
[10:31:30][INFO] Registered tree at (0, 144, 44)
[10:31:30][INFO] Registered tree at (0, 144, 44)
[10:31:30][INFO] Registered tree at (4, 142, 48)
[10:31:30][INFO] Registered tree at (0, 144, 44)
[10:31:30][INFO] Registered tree at (4, 142, 48)
[10:31:30][INFO] Registered tree at (8, 141, 60)
[10:31:30][INFO] Registered tree at (-28, 146, 32)
[10:31:30][INFO] Registered tree at (-28, 146, 32)
[10:31:30][INFO] Registered tree at (-28, 145, 40)
[10:31:30][INFO] Registered tree at (-28, 146, 32)
[10:31:30][INFO] Registered tree at (-28, 145, 40)
[10:31:30][INFO] Registered tree at (-28, 141, 60)
[10:31:30][INFO] Registered tree at (-28, 146, 32)
[10:31:30][INFO] Registered tree at (-28, 145, 40)
[10:31:30][INFO] Registered tree at (-28, 141, 60)
[10:31:30][INFO] Registered tree at (-24, 143, 40)
[10:31:30][INFO] Registered tree at (-28, 146, 32)
[10:31:30][INFO] Registered tree at (-28, 145, 40)
[10:31:30][INFO] Registered tree at (-28, 141, 60)
[10:31:30][INFO] Registered tree at (-24, 143, 40)
[10:31:30][INFO] Registered tree at (-12, 142, 36)
[10:31:30][INFO] Registered tree at (-28, 165, -24)
[10:31:30][INFO] Registered tree at (-28, 165, -24)
[10:31:30][INFO] Registered tree at (-28, 153, -8)
[10:31:30][INFO] Registered tree at (-28, 146, 32)
[10:31:30][INFO] Registered tree at (-28, 146, 32)
[10:31:30][INFO] Registered tree at (-28, 145, 40)
[10:31:30][INFO] Registered tree at (-28, 146, 32)
[10:31:30][INFO] Registered tree at (-28, 145, 40)
[10:31:30][INFO] Registered tree at (-28, 141, 60)
[10:31:30][INFO] Registered tree at (-28, 146, 32)
[10:31:30][INFO] Registered tree at (-28, 145, 40)
[10:31:30][INFO] Registered tree at (-28, 141, 60)
[10:31:30][INFO] Registered tree at (-24, 143, 40)
[10:31:30][INFO] Registered tree at (-28, 146, 32)
[10:31:30][INFO] Registered tree at (-28, 145, 40)
[10:31:30][INFO] Registered tree at (-28, 141, 60)
[10:31:30][INFO] Registered tree at (-24, 143, 40)
[10:31:30][INFO] Registered tree at (-12, 142, 36)
[10:31:30][INFO] Registered tree at (-28, 165, -24)
[10:31:30][INFO] Registered tree at (-28, 165, -24)
[10:31:30][INFO] Registered tree at (-28, 153, -8)
[10:31:30][INFO] Registered tree at (32, 141, 52)
[10:31:30][INFO] Registered tree at (32, 141, 52)
[10:31:30][INFO] Registered tree at (36, 138, 36)
[10:31:30][INFO] Registered tree at (32, 141, 52)
[10:31:30][INFO] Registered tree at (36, 138, 36)
[10:31:30][INFO] Registered tree at (36, 139, 44)
[10:31:30][INFO] Registered tree at (44, 141, -8)
[10:31:30][INFO] Registered tree at (44, 141, -8)
[10:31:30][INFO] Registered tree at (52, 141, -20)
[10:31:30][INFO] Registered tree at (32, 141, 52)
[10:31:30][INFO] Registered tree at (32, 141, 52)
[10:31:30][INFO] Registered tree at (36, 138, 36)
[10:31:30][INFO] Registered tree at (32, 141, 52)
[10:31:30][INFO] Registered tree at (36, 138, 36)
[10:31:30][INFO] Registered tree at (36, 139, 44)
[10:31:30][INFO] Registered tree at (44, 141, -8)
[10:31:30][INFO] Registered tree at (44, 141, -8)
[10:31:30][INFO] Registered tree at (52, 141, -20)
[10:31:30][INFO] Registered tree at (16, 143, 92)
[10:31:30][INFO] Registered tree at (16, 143, 92)
[10:31:30][INFO] Registered tree at (28, 145, 68)
[10:31:30][INFO] Registered tree at (0, 157, -52)
[10:31:30][INFO] Registered tree at (0, 157, -52)
[10:31:30][INFO] Registered tree at (0, 152, -36)
[10:31:30][INFO] Registered tree at (0, 157, -52)
[10:31:30][INFO] Registered tree at (0, 152, -36)
[10:31:30][INFO] Registered tree at (4, 156, -60)
[10:31:30][INFO] Registered tree at (0, 157, -52)
[10:31:30][INFO] Registered tree at (0, 152, -36)
[10:31:30][INFO] Registered tree at (4, 156, -60)
[10:31:30][INFO] Registered tree at (20, 148, -48)
[10:31:30][INFO] Registered tree at (16, 143, 92)
[10:31:30][INFO] Registered tree at (16, 143, 92)
[10:31:30][INFO] Registered tree at (28, 145, 68)
[10:31:30][INFO] Registered tree at (-56, 164, 28)
[10:31:30][INFO] Registered tree at (-56, 164, 28)
[10:31:30][INFO] Registered tree at (-52, 153, 20)
[10:31:30][INFO] Registered tree at (-56, 164, 28)
[10:31:30][INFO] Registered tree at (-52, 153, 20)
[10:31:30][INFO] Registered tree at (-44, 152, 28)
[10:31:30][INFO] Registered tree at (-56, 164, 28)
[10:31:30][INFO] Registered tree at (-56, 164, 28)
[10:31:30][INFO] Registered tree at (-52, 153, 20)
[10:31:30][INFO] Registered tree at (-56, 164, 28)
[10:31:30][INFO] Registered tree at (-52, 153, 20)
[10:31:30][INFO] Registered tree at (-44, 152, 28)
[10:31:30][INFO] Registered tree at (0, 157, -52)
[10:31:30][INFO] Registered tree at (0, 157, -52)
[10:31:30][INFO] Registered tree at (0, 152, -36)
[10:31:30][INFO] Registered tree at (0, 157, -52)
[10:31:30][INFO] Registered tree at (0, 152, -36)
[10:31:30][INFO] Registered tree at (4, 156, -60)
[10:31:30][INFO] Registered tree at (0, 157, -52)
[10:31:30][INFO] Registered tree at (0, 152, -36)
[10:31:30][INFO] Registered tree at (4, 156, -60)
[10:31:30][INFO] Registered tree at (20, 148, -48)
[10:31:30][INFO] Registered tree at (64, 139, 20)
[10:31:30][INFO] Registered tree at (64, 139, 20)
[10:31:30][INFO] Registered tree at (76, 144, 12)
[10:31:30][INFO] Registered tree at (64, 139, 20)
[10:31:30][INFO] Registered tree at (64, 139, 20)
[10:31:30][INFO] Registered tree at (76, 144, 12)
[10:31:30][INFO] Registered tree at (-60, 168, 44)
[10:31:30][INFO] Registered tree at (-60, 168, 44)
[10:31:30][INFO] Registered tree at (-56, 164, 44)
[10:31:30][INFO] Registered tree at (-60, 168, 44)
[10:31:30][INFO] Registered tree at (-56, 164, 44)
[10:31:30][INFO] Registered tree at (-52, 148, 60)
[10:31:30][INFO] Registered tree at (-60, 196, -32)
[10:31:30][INFO] Registered tree at (-60, 196, -32)
[10:31:30][INFO] Registered tree at (-60, 168, -20)
[10:31:30][INFO] Registered tree at (-60, 196, -32)
[10:31:30][INFO] Registered tree at (-60, 168, -20)
[10:31:30][INFO] Registered tree at (-60, 161, -16)
[10:31:30][INFO] Registered tree at (-60, 196, -32)
[10:31:30][INFO] Registered tree at (-60, 168, -20)
[10:31:30][INFO] Registered tree at (-60, 161, -16)
[10:31:30][INFO] Registered tree at (-52, 187, -32)
[10:31:30][INFO] Registered tree at (-60, 196, -32)
[10:31:30][INFO] Registered tree at (-60, 168, -20)
[10:31:30][INFO] Registered tree at (-60, 161, -16)
[10:31:30][INFO] Registered tree at (-52, 187, -32)
[10:31:30][INFO] Registered tree at (-52, 155, -12)
[10:31:30][INFO] Registered tree at (-60, 196, -32)
[10:31:30][INFO] Registered tree at (-60, 168, -20)
[10:31:30][INFO] Registered tree at (-60, 161, -16)
[10:31:30][INFO] Registered tree at (-52, 187, -32)
[10:31:30][INFO] Registered tree at (-52, 155, -12)
[10:31:30][INFO] Registered tree at (-44, 172, -32)
[10:31:30][INFO] Registered tree at (-60, 196, -32)
[10:31:30][INFO] Registered tree at (-60, 168, -20)
[10:31:30][INFO] Registered tree at (-60, 161, -16)
[10:31:30][INFO] Registered tree at (-52, 187, -32)
[10:31:30][INFO] Registered tree at (-52, 155, -12)
[10:31:30][INFO] Registered tree at (-44, 172, -32)
[10:31:30][INFO] Registered tree at (-44, 162, -16)
[10:31:30][INFO] Registered tree at (-60, 196, -32)
[10:31:30][INFO] Registered tree at (-60, 196, -32)
[10:31:30][INFO] Registered tree at (-60, 168, -20)
[10:31:30][INFO] Registered tree at (-60, 196, -32)
[10:31:30][INFO] Registered tree at (-60, 168, -20)
[10:31:30][INFO] Registered tree at (-60, 161, -16)
[10:31:30][INFO] Registered tree at (-60, 196, -32)
[10:31:30][INFO] Registered tree at (-60, 168, -20)
[10:31:30][INFO] Registered tree at (-60, 161, -16)
[10:31:30][INFO] Registered tree at (-52, 187, -32)
[10:31:30][INFO] Registered tree at (-60, 196, -32)
[10:31:30][INFO] Registered tree at (-60, 168, -20)
[10:31:30][INFO] Registered tree at (-60, 161, -16)
[10:31:30][INFO] Registered tree at (-52, 187, -32)
[10:31:30][INFO] Registered tree at (-52, 155, -12)
[10:31:30][INFO] Registered tree at (-60, 196, -32)
[10:31:30][INFO] Registered tree at (-60, 168, -20)
[10:31:30][INFO] Registered tree at (-60, 161, -16)
[10:31:30][INFO] Registered tree at (-52, 187, -32)
[10:31:30][INFO] Registered tree at (-52, 155, -12)
[10:31:30][INFO] Registered tree at (-44, 172, -32)
[10:31:30][INFO] Registered tree at (-60, 196, -32)
[10:31:30][INFO] Registered tree at (-60, 168, -20)
[10:31:30][INFO] Registered tree at (-60, 161, -16)
[10:31:30][INFO] Registered tree at (-52, 187, -32)
[10:31:30][INFO] Registered tree at (-52, 155, -12)
[10:31:30][INFO] Registered tree at (-44, 172, -32)
[10:31:30][INFO] Registered tree at (-44, 162, -16)
[10:31:30][INFO] Registered tree at (64, 139, 36)
[10:31:30][INFO] Registered tree at (64, 139, 36)
[10:31:30][INFO] Registered tree at (68, 138, 44)
[10:31:30][INFO] Registered tree at (64, 139, 36)
[10:31:30][INFO] Registered tree at (68, 138, 44)
[10:31:30][INFO] Registered tree at (72, 140, 60)
[10:31:30][INFO] Registered tree at (64, 139, 36)
[10:31:30][INFO] Registered tree at (68, 138, 44)
[10:31:30][INFO] Registered tree at (72, 140, 60)
[10:31:30][INFO] Registered tree at (80, 142, 60)
[10:31:30][INFO] Registered tree at (64, 139, 36)
[10:31:30][INFO] Registered tree at (68, 138, 44)
[10:31:30][INFO] Registered tree at (72, 140, 60)
[10:31:30][INFO] Registered tree at (80, 142, 60)
[10:31:30][INFO] Registered tree at (84, 142, 44)
[10:31:30][INFO] Registered tree at (32, 147, -36)
[10:31:30][INFO] Registered tree at (-28, 162, -36)
[10:31:30][INFO] Registered tree at (-28, 162, -36)
[10:31:30][INFO] Registered tree at (-20, 165, -64)
[10:31:30][INFO] Registered tree at (-28, 162, -36)
[10:31:30][INFO] Registered tree at (-20, 165, -64)
[10:31:30][INFO] Registered tree at (-20, 163, -52)
[10:31:30][INFO] Registered tree at (36, 143, 64)
[10:31:30][INFO] Registered tree at (36, 143, 64)
[10:31:30][INFO] Registered tree at (36, 142, 92)
[10:31:30][INFO] Registered tree at (36, 143, 64)
[10:31:30][INFO] Registered tree at (36, 142, 92)
[10:31:30][INFO] Registered tree at (40, 142, 76)
[10:31:30][INFO] Registered tree at (36, 143, 64)
[10:31:30][INFO] Registered tree at (36, 142, 92)
[10:31:30][INFO] Registered tree at (40, 142, 76)
[10:31:30][INFO] Registered tree at (40, 142, 92)
[10:31:30][INFO] Registered tree at (36, 143, 64)
[10:31:30][INFO] Registered tree at (36, 142, 92)
[10:31:30][INFO] Registered tree at (40, 142, 76)
[10:31:30][INFO] Registered tree at (40, 142, 92)
[10:31:30][INFO] Registered tree at (48, 140, 68)
[10:31:30][INFO] Registered tree at (36, 143, 64)
[10:31:30][INFO] Registered tree at (36, 142, 92)
[10:31:30][INFO] Registered tree at (40, 142, 76)
[10:31:30][INFO] Registered tree at (40, 142, 92)
[10:31:30][INFO] Registered tree at (48, 140, 68)
[10:31:30][INFO] Registered tree at (56, 139, 76)
[10:31:30][INFO] Registered tree at (36, 143, 64)
[10:31:30][INFO] Registered tree at (36, 142, 92)
[10:31:30][INFO] Registered tree at (40, 142, 76)
[10:31:30][INFO] Registered tree at (40, 142, 92)
[10:31:30][INFO] Registered tree at (48, 140, 68)
[10:31:30][INFO] Registered tree at (56, 139, 76)
[10:31:30][INFO] Registered tree at (60, 140, 64)
[10:31:30][INFO] Registered tree at (-32, 141, 64)
[10:31:30][INFO] Registered tree at (-32, 141, 64)
[10:31:30][INFO] Registered tree at (-28, 141, 84)
[10:31:30][INFO] Registered tree at (-32, 141, 64)
[10:31:30][INFO] Registered tree at (-28, 141, 84)
[10:31:30][INFO] Registered tree at (-20, 144, 68)
[10:31:30][INFO] Registered tree at (-32, 141, 64)
[10:31:30][INFO] Registered tree at (-28, 141, 84)
[10:31:30][INFO] Registered tree at (-20, 144, 68)
[10:31:30][INFO] Registered tree at (-20, 141, 84)
[10:31:30][INFO] Registered tree at (-32, 141, 64)
[10:31:30][INFO] Registered tree at (-28, 141, 84)
[10:31:30][INFO] Registered tree at (-20, 144, 68)
[10:31:30][INFO] Registered tree at (-20, 141, 84)
[10:31:30][INFO] Registered tree at (-20, 142, 92)
[10:31:30][INFO] Registered tree at (-32, 141, 64)
[10:31:30][INFO] Registered tree at (-28, 141, 84)
[10:31:30][INFO] Registered tree at (-20, 144, 68)
[10:31:30][INFO] Registered tree at (-20, 141, 84)
[10:31:30][INFO] Registered tree at (-20, 142, 92)
[10:31:30][INFO] Registered tree at (-12, 145, 72)
[10:31:30][INFO] Registered tree at (-32, 141, 64)
[10:31:30][INFO] Registered tree at (-32, 141, 64)
[10:31:30][INFO] Registered tree at (-28, 141, 84)
[10:31:30][INFO] Registered tree at (-32, 141, 64)
[10:31:30][INFO] Registered tree at (-28, 141, 84)
[10:31:30][INFO] Registered tree at (-20, 144, 68)
[10:31:30][INFO] Registered tree at (-32, 141, 64)
[10:31:30][INFO] Registered tree at (-28, 141, 84)
[10:31:30][INFO] Registered tree at (-20, 144, 68)
[10:31:30][INFO] Registered tree at (-20, 141, 84)
[10:31:30][INFO] Registered tree at (-32, 141, 64)
[10:31:30][INFO] Registered tree at (-28, 141, 84)
[10:31:30][INFO] Registered tree at (-20, 144, 68)
[10:31:30][INFO] Registered tree at (-20, 141, 84)
[10:31:30][INFO] Registered tree at (-20, 142, 92)
[10:31:30][INFO] Registered tree at (-32, 141, 64)
[10:31:30][INFO] Registered tree at (-28, 141, 84)
[10:31:30][INFO] Registered tree at (-20, 144, 68)
[10:31:30][INFO] Registered tree at (-20, 141, 84)
[10:31:30][INFO] Registered tree at (-20, 142, 92)
[10:31:30][INFO] Registered tree at (-12, 145, 72)
[10:31:30][INFO] Registered tree at (-28, 162, -36)
[10:31:30][INFO] Registered tree at (-28, 162, -36)
[10:31:30][INFO] Registered tree at (-20, 165, -64)
[10:31:30][INFO] Registered tree at (-28, 162, -36)
[10:31:30][INFO] Registered tree at (-20, 165, -64)
[10:31:30][INFO] Registered tree at (-20, 163, -52)
[10:31:30][INFO] Registered tree at (-60, 168, 44)
[10:31:30][INFO] Registered tree at (-60, 168, 44)
[10:31:30][INFO] Registered tree at (-56, 164, 44)
[10:31:30][INFO] Registered tree at (-60, 168, 44)
[10:31:30][INFO] Registered tree at (-56, 164, 44)
[10:31:30][INFO] Registered tree at (-52, 148, 60)
[10:31:30][INFO] Registered tree at (36, 143, 64)
[10:31:30][INFO] Registered tree at (36, 143, 64)
[10:31:30][INFO] Registered tree at (36, 142, 92)
[10:31:30][INFO] Registered tree at (36, 143, 64)
[10:31:30][INFO] Registered tree at (36, 142, 92)
[10:31:30][INFO] Registered tree at (40, 142, 76)
[10:31:30][INFO] Registered tree at (36, 143, 64)
[10:31:30][INFO] Registered tree at (36, 142, 92)
[10:31:30][INFO] Registered tree at (40, 142, 76)
[10:31:30][INFO] Registered tree at (40, 142, 92)
[10:31:30][INFO] Registered tree at (36, 143, 64)
[10:31:30][INFO] Registered tree at (36, 142, 92)
[10:31:30][INFO] Registered tree at (40, 142, 76)
[10:31:30][INFO] Registered tree at (40, 142, 92)
[10:31:30][INFO] Registered tree at (48, 140, 68)
[10:31:30][INFO] Registered tree at (36, 143, 64)
[10:31:30][INFO] Registered tree at (36, 142, 92)
[10:31:30][INFO] Registered tree at (40, 142, 76)
[10:31:30][INFO] Registered tree at (40, 142, 92)
[10:31:30][INFO] Registered tree at (48, 140, 68)
[10:31:30][INFO] Registered tree at (56, 139, 76)
[10:31:30][INFO] Registered tree at (36, 143, 64)
[10:31:30][INFO] Registered tree at (36, 142, 92)
[10:31:30][INFO] Registered tree at (40, 142, 76)
[10:31:30][INFO] Registered tree at (40, 142, 92)
[10:31:30][INFO] Registered tree at (48, 140, 68)
[10:31:30][INFO] Registered tree at (56, 139, 76)
[10:31:30][INFO] Registered tree at (60, 140, 64)
[10:31:30][INFO] Registered tree at (64, 139, 36)
[10:31:30][INFO] Registered tree at (64, 139, 36)
[10:31:30][INFO] Registered tree at (68, 138, 44)
[10:31:30][INFO] Registered tree at (64, 139, 36)
[10:31:30][INFO] Registered tree at (68, 138, 44)
[10:31:30][INFO] Registered tree at (72, 140, 60)
[10:31:30][INFO] Registered tree at (64, 139, 36)
[10:31:30][INFO] Registered tree at (68, 138, 44)
[10:31:30][INFO] Registered tree at (72, 140, 60)
[10:31:30][INFO] Registered tree at (80, 142, 60)
[10:31:30][INFO] Registered tree at (64, 139, 36)
[10:31:30][INFO] Registered tree at (68, 138, 44)
[10:31:30][INFO] Registered tree at (72, 140, 60)
[10:31:30][INFO] Registered tree at (80, 142, 60)
[10:31:30][INFO] Registered tree at (84, 142, 44)
[10:31:30][INFO] Registered tree at (32, 147, -36)
[10:31:30][INFO] Registered tree at (-60, 143, 92)
[10:31:30][INFO] Registered tree at (-60, 143, 92)
[10:31:30][INFO] Registered tree at (-52, 142, 92)
[10:31:30][INFO] Registered tree at (-60, 143, 92)
[10:31:30][INFO] Registered tree at (-52, 142, 92)
[10:31:30][INFO] Registered tree at (-44, 143, 76)
[10:31:30][INFO] Registered tree at (-60, 143, 92)
[10:31:30][INFO] Registered tree at (-52, 142, 92)
[10:31:30][INFO] Registered tree at (-44, 143, 76)
[10:31:30][INFO] Registered tree at (-44, 142, 92)
[10:31:30][INFO] Registered tree at (-56, 182, -44)
[10:31:30][INFO] Registered tree at (-56, 182, -44)
[10:31:30][INFO] Registered tree at (-52, 194, -60)
[10:31:30][INFO] Registered tree at (-56, 182, -44)
[10:31:30][INFO] Registered tree at (-52, 194, -60)
[10:31:30][INFO] Registered tree at (-52, 187, -56)
[10:31:30][INFO] Registered tree at (-56, 182, -44)
[10:31:30][INFO] Registered tree at (-52, 194, -60)
[10:31:30][INFO] Registered tree at (-52, 187, -56)
[10:31:30][INFO] Registered tree at (-48, 184, -60)
[10:31:30][INFO] Registered tree at (-56, 182, -44)
[10:31:30][INFO] Registered tree at (-52, 194, -60)
[10:31:30][INFO] Registered tree at (-52, 187, -56)
[10:31:30][INFO] Registered tree at (-48, 184, -60)
[10:31:30][INFO] Registered tree at (-44, 171, -44)
[10:31:30][INFO] Registered tree at (64, 139, 84)
[10:31:30][INFO] Registered tree at (64, 139, 84)
[10:31:30][INFO] Registered tree at (76, 140, 80)
[10:31:30][INFO] Registered tree at (64, 141, -60)
[10:31:30][INFO] Registered tree at (64, 141, -60)
[10:31:30][INFO] Registered tree at (68, 139, -52)
[10:31:30][INFO] Registered tree at (64, 141, -60)
[10:31:30][INFO] Registered tree at (68, 139, -52)
[10:31:30][INFO] Registered tree at (80, 139, -44)
[10:31:30][INFO] Registered tree at (-60, 143, 92)
[10:31:30][INFO] Registered tree at (-60, 143, 92)
[10:31:30][INFO] Registered tree at (-52, 142, 92)
[10:31:30][INFO] Registered tree at (-60, 143, 92)
[10:31:30][INFO] Registered tree at (-52, 142, 92)
[10:31:30][INFO] Registered tree at (-44, 143, 76)
[10:31:30][INFO] Registered tree at (-60, 143, 92)
[10:31:30][INFO] Registered tree at (-52, 142, 92)
[10:31:30][INFO] Registered tree at (-44, 143, 76)
[10:31:30][INFO] Registered tree at (-44, 142, 92)
[10:31:30][INFO] Registered tree at (64, 139, 84)
[10:31:30][INFO] Registered tree at (64, 139, 84)
[10:31:30][INFO] Registered tree at (76, 140, 80)
[10:31:30][INFO] Registered tree at (-56, 182, -44)
[10:31:30][INFO] Registered tree at (-56, 182, -44)
[10:31:30][INFO] Registered tree at (-52, 194, -60)
[10:31:30][INFO] Registered tree at (-56, 182, -44)
[10:31:30][INFO] Registered tree at (-52, 194, -60)
[10:31:30][INFO] Registered tree at (-52, 187, -56)
[10:31:30][INFO] Registered tree at (-56, 182, -44)
[10:31:30][INFO] Registered tree at (-52, 194, -60)
[10:31:30][INFO] Registered tree at (-52, 187, -56)
[10:31:30][INFO] Registered tree at (-48, 184, -60)
[10:31:30][INFO] Registered tree at (-56, 182, -44)
[10:31:30][INFO] Registered tree at (-52, 194, -60)
[10:31:30][INFO] Registered tree at (-52, 187, -56)
[10:31:30][INFO] Registered tree at (-48, 184, -60)
[10:31:30][INFO] Registered tree at (-44, 171, -44)
[10:31:30][INFO] Registered tree at (64, 141, -60)
[10:31:30][INFO] Registered tree at (64, 141, -60)
[10:31:30][INFO] Registered tree at (68, 139, -52)
[10:31:30][INFO] Registered tree at (64, 141, -60)
[10:31:30][INFO] Registered tree at (68, 139, -52)
[10:31:30][INFO] Registered tree at (80, 139, -44)
[10:31:30][INFO] Registered tree at (4, 145, 12)
[10:31:30][INFO] Registered tree at (4, 145, 12)
[10:31:30][INFO] Registered tree at (4, 144, 16)
[10:31:30][INFO] Registered tree at (4, 145, 12)
[10:31:30][INFO] Registered tree at (4, 144, 16)
[10:31:30][INFO] Registered tree at (12, 146, 16)
[10:31:30][INFO] Registered tree at (4, 145, 12)
[10:31:30][INFO] Registered tree at (4, 144, 16)
[10:31:30][INFO] Registered tree at (12, 146, 16)
[10:31:30][INFO] Registered tree at (20, 144, 12)
[10:31:30][INFO] Registered tree at (4, 145, 12)
[10:31:30][INFO] Registered tree at (4, 145, 12)
[10:31:30][INFO] Registered tree at (4, 144, 16)
[10:31:30][INFO] Registered tree at (4, 145, 12)
[10:31:30][INFO] Registered tree at (4, 144, 16)
[10:31:30][INFO] Registered tree at (12, 146, 16)
[10:31:30][INFO] Registered tree at (4, 145, 12)
[10:31:30][INFO] Registered tree at (4, 144, 16)
[10:31:30][INFO] Registered tree at (12, 146, 16)
[10:31:30][INFO] Registered tree at (20, 144, 12)
[10:31:30][INFO] Registered tree at (36, 141, 12)
[10:31:30][INFO] Registered tree at (36, 141, 12)
[10:31:30][INFO] Registered tree at (36, 139, 20)
[10:31:30][INFO] Registered tree at (36, 141, 12)
[10:31:30][INFO] Registered tree at (36, 139, 20)
[10:31:30][INFO] Registered tree at (36, 139, 24)
[10:31:30][INFO] Registered tree at (36, 141, 12)
[10:31:30][INFO] Registered tree at (36, 139, 20)
[10:31:30][INFO] Registered tree at (36, 139, 24)
[10:31:30][INFO] Registered tree at (48, 138, 16)
[10:31:30][INFO] Registered tree at (0, 144, 44)
[10:31:30][INFO] Registered tree at (0, 144, 44)
[10:31:30][INFO] Registered tree at (4, 142, 48)
[10:31:30][INFO] Registered tree at (0, 144, 44)
[10:31:30][INFO] Registered tree at (4, 142, 48)
[10:31:30][INFO] Registered tree at (8, 141, 60)
[10:31:30][INFO] Registered tree at (36, 141, 12)
[10:31:30][INFO] Registered tree at (36, 141, 12)
[10:31:30][INFO] Registered tree at (36, 139, 20)
[10:31:30][INFO] Registered tree at (36, 141, 12)
[10:31:30][INFO] Registered tree at (36, 139, 20)
[10:31:30][INFO] Registered tree at (36, 139, 24)
[10:31:30][INFO] Registered tree at (36, 141, 12)
[10:31:30][INFO] Registered tree at (36, 139, 20)
[10:31:30][INFO] Registered tree at (36, 139, 24)
[10:31:30][INFO] Registered tree at (48, 138, 16)
[10:31:30][INFO] Registered tree at (-28, 151, 12)
[10:31:30][INFO] Registered tree at (-28, 151, 12)
[10:31:30][INFO] Registered tree at (-28, 149, 20)
[10:31:30][INFO] Registered tree at (-28, 151, 12)
[10:31:30][INFO] Registered tree at (-28, 149, 20)
[10:31:30][INFO] Registered tree at (-20, 145, 4)
[10:31:30][INFO] Registered tree at (-28, 151, 12)
[10:31:30][INFO] Registered tree at (-28, 149, 20)
[10:31:30][INFO] Registered tree at (-20, 145, 4)
[10:31:30][INFO] Registered tree at (-12, 142, 0)
[10:31:30][INFO] Registered tree at (4, 150, -28)
[10:31:30][INFO] Registered tree at (4, 150, -28)
[10:31:30][INFO] Registered tree at (12, 150, -32)
[10:31:30][INFO] Registered tree at (4, 150, -28)
[10:31:30][INFO] Registered tree at (12, 150, -32)
[10:31:30][INFO] Registered tree at (16, 148, -24)
[10:31:30][INFO] Registered tree at (4, 150, -28)
[10:31:30][INFO] Registered tree at (12, 150, -32)
[10:31:30][INFO] Registered tree at (16, 148, -24)
[10:31:30][INFO] Registered tree at (20, 146, -4)
[10:31:30][INFO] Registered tree at (0, 144, 44)
[10:31:30][INFO] Registered tree at (0, 144, 44)
[10:31:30][INFO] Registered tree at (4, 142, 48)
[10:31:30][INFO] Registered tree at (0, 144, 44)
[10:31:30][INFO] Registered tree at (4, 142, 48)
[10:31:30][INFO] Registered tree at (8, 141, 60)
[10:31:30][INFO] Registered tree at (4, 150, -28)
[10:31:30][INFO] Registered tree at (4, 150, -28)
[10:31:30][INFO] Registered tree at (12, 150, -32)
[10:31:30][INFO] Registered tree at (4, 150, -28)
[10:31:30][INFO] Registered tree at (12, 150, -32)
[10:31:30][INFO] Registered tree at (16, 148, -24)
[10:31:30][INFO] Registered tree at (4, 150, -28)
[10:31:30][INFO] Registered tree at (12, 150, -32)
[10:31:30][INFO] Registered tree at (16, 148, -24)
[10:31:30][INFO] Registered tree at (20, 146, -4)
[10:31:30][INFO] Registered tree at (-28, 151, 12)
[10:31:30][INFO] Registered tree at (-28, 151, 12)
[10:31:30][INFO] Registered tree at (-28, 149, 20)
[10:31:30][INFO] Registered tree at (-28, 151, 12)
[10:31:30][INFO] Registered tree at (-28, 149, 20)
[10:31:30][INFO] Registered tree at (-20, 145, 4)
[10:31:30][INFO] Registered tree at (-28, 151, 12)
[10:31:30][INFO] Registered tree at (-28, 149, 20)
[10:31:30][INFO] Registered tree at (-20, 145, 4)
[10:31:30][INFO] Registered tree at (-12, 142, 0)
[10:31:30][INFO] Registered tree at (32, 141, 52)
[10:31:30][INFO] Registered tree at (32, 141, 52)
[10:31:30][INFO] Registered tree at (36, 138, 36)
[10:31:30][INFO] Registered tree at (32, 141, 52)
[10:31:30][INFO] Registered tree at (36, 138, 36)
[10:31:30][INFO] Registered tree at (36, 139, 44)
[10:31:30][INFO] Registered tree at (-28, 146, 32)
[10:31:30][INFO] Registered tree at (-28, 146, 32)
[10:31:30][INFO] Registered tree at (-28, 145, 40)
[10:31:30][INFO] Registered tree at (-28, 146, 32)
[10:31:30][INFO] Registered tree at (-28, 145, 40)
[10:31:30][INFO] Registered tree at (-28, 141, 60)
[10:31:30][INFO] Registered tree at (-28, 146, 32)
[10:31:30][INFO] Registered tree at (-28, 145, 40)
[10:31:30][INFO] Registered tree at (-28, 141, 60)
[10:31:30][INFO] Registered tree at (-24, 143, 40)
[10:31:30][INFO] Registered tree at (-28, 146, 32)
[10:31:30][INFO] Registered tree at (-28, 145, 40)
[10:31:30][INFO] Registered tree at (-28, 141, 60)
[10:31:30][INFO] Registered tree at (-24, 143, 40)
[10:31:30][INFO] Registered tree at (-12, 142, 36)
[10:31:30][INFO] Registered tree at (44, 141, -8)
[10:31:30][INFO] Registered tree at (44, 141, -8)
[10:31:30][INFO] Registered tree at (52, 141, -20)
[10:31:30][INFO] Registered tree at (-28, 165, -24)
[10:31:30][INFO] Registered tree at (-28, 165, -24)
[10:31:30][INFO] Registered tree at (-28, 153, -8)
[10:31:30][INFO] Registered tree at (44, 141, -8)
[10:31:30][INFO] Registered tree at (44, 141, -8)
[10:31:30][INFO] Registered tree at (52, 141, -20)
[10:31:30][INFO] Registered tree at (-28, 165, -24)
[10:31:30][INFO] Registered tree at (-28, 165, -24)
[10:31:30][INFO] Registered tree at (-28, 153, -8)
[10:31:30][INFO] Registered tree at (32, 141, 52)
[10:31:30][INFO] Registered tree at (32, 141, 52)
[10:31:30][INFO] Registered tree at (36, 138, 36)
[10:31:30][INFO] Registered tree at (32, 141, 52)
[10:31:30][INFO] Registered tree at (36, 138, 36)
[10:31:30][INFO] Registered tree at (36, 139, 44)
[10:31:30][INFO] Registered tree at (-28, 146, 32)
[10:31:30][INFO] Registered tree at (-28, 146, 32)
[10:31:30][INFO] Registered tree at (-28, 145, 40)
[10:31:30][INFO] Registered tree at (-28, 146, 32)
[10:31:30][INFO] Registered tree at (-28, 145, 40)
[10:31:30][INFO] Registered tree at (-28, 141, 60)
[10:31:30][INFO] Registered tree at (-28, 146, 32)
[10:31:30][INFO] Registered tree at (-28, 145, 40)
[10:31:30][INFO] Registered tree at (-28, 141, 60)
[10:31:30][INFO] Registered tree at (-24, 143, 40)
[10:31:30][INFO] Registered tree at (-28, 146, 32)
[10:31:30][INFO] Registered tree at (-28, 145, 40)
[10:31:30][INFO] Registered tree at (-28, 141, 60)
[10:31:30][INFO] Registered tree at (-24, 143, 40)
[10:31:30][INFO] Registered tree at (-12, 142, 36)
[10:31:30][INFO] Registered tree at (64, 139, 20)
[10:31:30][INFO] Registered tree at (64, 139, 20)
[10:31:30][INFO] Registered tree at (76, 144, 12)
[10:31:30][INFO] Registered tree at (16, 143, 92)
[10:31:30][INFO] Registered tree at (16, 143, 92)
[10:31:30][INFO] Registered tree at (28, 145, 68)
[10:31:30][INFO] Registered tree at (-56, 164, 28)
[10:31:30][INFO] Registered tree at (-56, 164, 28)
[10:31:30][INFO] Registered tree at (-52, 153, 20)
[10:31:30][INFO] Registered tree at (-56, 164, 28)
[10:31:30][INFO] Registered tree at (-52, 153, 20)
[10:31:30][INFO] Registered tree at (-44, 152, 28)
[10:31:30][INFO] Registered tree at (-56, 164, 28)
[10:31:30][INFO] Registered tree at (-56, 164, 28)
[10:31:30][INFO] Registered tree at (-52, 153, 20)
[10:31:30][INFO] Registered tree at (-56, 164, 28)
[10:31:30][INFO] Registered tree at (-52, 153, 20)
[10:31:30][INFO] Registered tree at (-44, 152, 28)
[10:31:30][INFO] Registered tree at (16, 143, 92)
[10:31:30][INFO] Registered tree at (16, 143, 92)
[10:31:30][INFO] Registered tree at (28, 145, 68)
[10:31:30][INFO] Registered tree at (0, 157, -52)
[10:31:30][INFO] Registered tree at (0, 157, -52)
[10:31:30][INFO] Registered tree at (0, 152, -36)
[10:31:30][INFO] Registered tree at (0, 157, -52)
[10:31:30][INFO] Registered tree at (0, 152, -36)
[10:31:30][INFO] Registered tree at (4, 156, -60)
[10:31:30][INFO] Registered tree at (0, 157, -52)
[10:31:30][INFO] Registered tree at (0, 152, -36)
[10:31:30][INFO] Registered tree at (4, 156, -60)
[10:31:30][INFO] Registered tree at (20, 148, -48)
[10:31:30][INFO] Registered tree at (64, 139, 20)
[10:31:30][INFO] Registered tree at (64, 139, 20)
[10:31:30][INFO] Registered tree at (76, 144, 12)
[10:31:30][INFO] Registered tree at (0, 157, -52)
[10:31:30][INFO] Registered tree at (0, 157, -52)
[10:31:30][INFO] Registered tree at (0, 152, -36)
[10:31:30][INFO] Registered tree at (0, 157, -52)
[10:31:30][INFO] Registered tree at (0, 152, -36)
[10:31:30][INFO] Registered tree at (4, 156, -60)
[10:31:30][INFO] Registered tree at (0, 157, -52)
[10:31:30][INFO] Registered tree at (0, 152, -36)
[10:31:30][INFO] Registered tree at (4, 156, -60)
[10:31:30][INFO] Registered tree at (20, 148, -48)
[10:31:30][INFO] Registered tree at (-60, 168, 44)
[10:31:30][INFO] Registered tree at (-60, 168, 44)
[10:31:30][INFO] Registered tree at (-56, 164, 44)
[10:31:30][INFO] Registered tree at (-60, 168, 44)
[10:31:30][INFO] Registered tree at (-56, 164, 44)
[10:31:30][INFO] Registered tree at (-52, 148, 60)
[10:31:30][INFO] Registered tree at (32, 147, -36)
[10:31:30][INFO] Registered tree at (36, 143, 64)
[10:31:30][INFO] Registered tree at (36, 143, 64)
[10:31:30][INFO] Registered tree at (36, 142, 92)
[10:31:30][INFO] Registered tree at (36, 143, 64)
[10:31:30][INFO] Registered tree at (36, 142, 92)
[10:31:30][INFO] Registered tree at (40, 142, 76)
[10:31:30][INFO] Registered tree at (36, 143, 64)
[10:31:30][INFO] Registered tree at (36, 142, 92)
[10:31:30][INFO] Registered tree at (40, 142, 76)
[10:31:30][INFO] Registered tree at (40, 142, 92)
[10:31:30][INFO] Registered tree at (36, 143, 64)
[10:31:30][INFO] Registered tree at (36, 142, 92)
[10:31:30][INFO] Registered tree at (40, 142, 76)
[10:31:30][INFO] Registered tree at (40, 142, 92)
[10:31:30][INFO] Registered tree at (48, 140, 68)
[10:31:30][INFO] Registered tree at (36, 143, 64)
[10:31:30][INFO] Registered tree at (36, 142, 92)
[10:31:30][INFO] Registered tree at (40, 142, 76)
[10:31:30][INFO] Registered tree at (40, 142, 92)
[10:31:30][INFO] Registered tree at (48, 140, 68)
[10:31:30][INFO] Registered tree at (56, 139, 76)
[10:31:30][INFO] Registered tree at (36, 143, 64)
[10:31:30][INFO] Registered tree at (36, 142, 92)
[10:31:30][INFO] Registered tree at (40, 142, 76)
[10:31:30][INFO] Registered tree at (40, 142, 92)
[10:31:30][INFO] Registered tree at (48, 140, 68)
[10:31:30][INFO] Registered tree at (56, 139, 76)
[10:31:30][INFO] Registered tree at (60, 140, 64)
[10:31:30][INFO] Registered tree at (-60, 196, -32)
[10:31:30][INFO] Registered tree at (-60, 196, -32)
[10:31:30][INFO] Registered tree at (-60, 168, -20)
[10:31:30][INFO] Registered tree at (-60, 196, -32)
[10:31:30][INFO] Registered tree at (-60, 168, -20)
[10:31:30][INFO] Registered tree at (-60, 161, -16)
[10:31:30][INFO] Registered tree at (-60, 196, -32)
[10:31:30][INFO] Registered tree at (-60, 168, -20)
[10:31:30][INFO] Registered tree at (-60, 161, -16)
[10:31:30][INFO] Registered tree at (-52, 187, -32)
[10:31:30][INFO] Registered tree at (-60, 196, -32)
[10:31:30][INFO] Registered tree at (-60, 168, -20)
[10:31:30][INFO] Registered tree at (-60, 161, -16)
[10:31:30][INFO] Registered tree at (-52, 187, -32)
[10:31:30][INFO] Registered tree at (-52, 155, -12)
[10:31:30][INFO] Registered tree at (-60, 196, -32)
[10:31:30][INFO] Registered tree at (-60, 168, -20)
[10:31:30][INFO] Registered tree at (-60, 161, -16)
[10:31:30][INFO] Registered tree at (-52, 187, -32)
[10:31:30][INFO] Registered tree at (-52, 155, -12)
[10:31:30][INFO] Registered tree at (-44, 172, -32)
[10:31:30][INFO] Registered tree at (-60, 196, -32)
[10:31:30][INFO] Registered tree at (-60, 168, -20)
[10:31:30][INFO] Registered tree at (-60, 161, -16)
[10:31:30][INFO] Registered tree at (-52, 187, -32)
[10:31:30][INFO] Registered tree at (-52, 155, -12)
[10:31:30][INFO] Registered tree at (-44, 172, -32)
[10:31:30][INFO] Registered tree at (-44, 162, -16)
[10:31:30][INFO] Registered tree at (32, 147, -36)
[10:31:30][INFO] Registered tree at (64, 139, 36)
[10:31:30][INFO] Registered tree at (64, 139, 36)
[10:31:30][INFO] Registered tree at (68, 138, 44)
[10:31:30][INFO] Registered tree at (64, 139, 36)
[10:31:30][INFO] Registered tree at (68, 138, 44)
[10:31:30][INFO] Registered tree at (72, 140, 60)
[10:31:30][INFO] Registered tree at (64, 139, 36)
[10:31:30][INFO] Registered tree at (68, 138, 44)
[10:31:30][INFO] Registered tree at (72, 140, 60)
[10:31:30][INFO] Registered tree at (80, 142, 60)
[10:31:30][INFO] Registered tree at (64, 139, 36)
[10:31:30][INFO] Registered tree at (68, 138, 44)
[10:31:30][INFO] Registered tree at (72, 140, 60)
[10:31:30][INFO] Registered tree at (80, 142, 60)
[10:31:30][INFO] Registered tree at (84, 142, 44)
[10:31:30][INFO] Registered tree at (-60, 196, -32)
[10:31:30][INFO] Registered tree at (-60, 196, -32)
[10:31:30][INFO] Registered tree at (-60, 168, -20)
[10:31:30][INFO] Registered tree at (-60, 196, -32)
[10:31:30][INFO] Registered tree at (-60, 168, -20)
[10:31:30][INFO] Registered tree at (-60, 161, -16)
[10:31:30][INFO] Registered tree at (-60, 196, -32)
[10:31:30][INFO] Registered tree at (-60, 168, -20)
[10:31:30][INFO] Registered tree at (-60, 161, -16)
[10:31:30][INFO] Registered tree at (-52, 187, -32)
[10:31:30][INFO] Registered tree at (-60, 196, -32)
[10:31:30][INFO] Registered tree at (-60, 168, -20)
[10:31:30][INFO] Registered tree at (-60, 161, -16)
[10:31:30][INFO] Registered tree at (-52, 187, -32)
[10:31:30][INFO] Registered tree at (-52, 155, -12)
[10:31:30][INFO] Registered tree at (-60, 196, -32)
[10:31:30][INFO] Registered tree at (-60, 168, -20)
[10:31:30][INFO] Registered tree at (-60, 161, -16)
[10:31:30][INFO] Registered tree at (-52, 187, -32)
[10:31:30][INFO] Registered tree at (-52, 155, -12)
[10:31:30][INFO] Registered tree at (-44, 172, -32)
[10:31:30][INFO] Registered tree at (-60, 196, -32)
[10:31:30][INFO] Registered tree at (-60, 168, -20)
[10:31:30][INFO] Registered tree at (-60, 161, -16)
[10:31:30][INFO] Registered tree at (-52, 187, -32)
[10:31:30][INFO] Registered tree at (-52, 155, -12)
[10:31:30][INFO] Registered tree at (-44, 172, -32)
[10:31:30][INFO] Registered tree at (-44, 162, -16)
[10:31:30][INFO] Registered tree at (-28, 162, -36)
[10:31:30][INFO] Registered tree at (-28, 162, -36)
[10:31:30][INFO] Registered tree at (-20, 165, -64)
[10:31:30][INFO] Registered tree at (-28, 162, -36)
[10:31:30][INFO] Registered tree at (-20, 165, -64)
[10:31:30][INFO] Registered tree at (-20, 163, -52)
[10:31:30][INFO] Registered tree at (-60, 168, 44)
[10:31:30][INFO] Registered tree at (-60, 168, 44)
[10:31:30][INFO] Registered tree at (-56, 164, 44)
[10:31:30][INFO] Registered tree at (-60, 168, 44)
[10:31:30][INFO] Registered tree at (-56, 164, 44)
[10:31:30][INFO] Registered tree at (-52, 148, 60)
[10:31:30][INFO] Registered tree at (-28, 162, -36)
[10:31:30][INFO] Registered tree at (-28, 162, -36)
[10:31:30][INFO] Registered tree at (-20, 165, -64)
[10:31:30][INFO] Registered tree at (-28, 162, -36)
[10:31:30][INFO] Registered tree at (-20, 165, -64)
[10:31:30][INFO] Registered tree at (-20, 163, -52)
[10:31:30][INFO] Registered tree at (-32, 141, 64)
[10:31:30][INFO] Registered tree at (-32, 141, 64)
[10:31:30][INFO] Registered tree at (-28, 141, 84)
[10:31:30][INFO] Registered tree at (-32, 141, 64)
[10:31:30][INFO] Registered tree at (-28, 141, 84)
[10:31:30][INFO] Registered tree at (-20, 144, 68)
[10:31:30][INFO] Registered tree at (-32, 141, 64)
[10:31:30][INFO] Registered tree at (-28, 141, 84)
[10:31:30][INFO] Registered tree at (-20, 144, 68)
[10:31:30][INFO] Registered tree at (-20, 141, 84)
[10:31:30][INFO] Registered tree at (-32, 141, 64)
[10:31:30][INFO] Registered tree at (-28, 141, 84)
[10:31:30][INFO] Registered tree at (-20, 144, 68)
[10:31:30][INFO] Registered tree at (-20, 141, 84)
[10:31:30][INFO] Registered tree at (-20, 142, 92)
[10:31:30][INFO] Registered tree at (-32, 141, 64)
[10:31:30][INFO] Registered tree at (-28, 141, 84)
[10:31:30][INFO] Registered tree at (-20, 144, 68)
[10:31:30][INFO] Registered tree at (-20, 141, 84)
[10:31:30][INFO] Registered tree at (-20, 142, 92)
[10:31:30][INFO] Registered tree at (-12, 145, 72)
[10:31:30][INFO] Registered tree at (-32, 141, 64)
[10:31:30][INFO] Registered tree at (-32, 141, 64)
[10:31:30][INFO] Registered tree at (-28, 141, 84)
[10:31:30][INFO] Registered tree at (-32, 141, 64)
[10:31:30][INFO] Registered tree at (-28, 141, 84)
[10:31:30][INFO] Registered tree at (-20, 144, 68)
[10:31:30][INFO] Registered tree at (-32, 141, 64)
[10:31:30][INFO] Registered tree at (-28, 141, 84)
[10:31:30][INFO] Registered tree at (-20, 144, 68)
[10:31:30][INFO] Registered tree at (-20, 141, 84)
[10:31:30][INFO] Registered tree at (-32, 141, 64)
[10:31:30][INFO] Registered tree at (-28, 141, 84)
[10:31:30][INFO] Registered tree at (-20, 144, 68)
[10:31:30][INFO] Registered tree at (-20, 141, 84)
[10:31:30][INFO] Registered tree at (-20, 142, 92)
[10:31:30][INFO] Registered tree at (-32, 141, 64)
[10:31:30][INFO] Registered tree at (-28, 141, 84)
[10:31:30][INFO] Registered tree at (-20, 144, 68)
[10:31:30][INFO] Registered tree at (-20, 141, 84)
[10:31:30][INFO] Registered tree at (-20, 142, 92)
[10:31:30][INFO] Registered tree at (-12, 145, 72)
[10:31:30][INFO] Registered tree at (36, 143, 64)
[10:31:30][INFO] Registered tree at (36, 143, 64)
[10:31:30][INFO] Registered tree at (36, 142, 92)
[10:31:30][INFO] Registered tree at (36, 143, 64)
[10:31:30][INFO] Registered tree at (36, 142, 92)
[10:31:30][INFO] Registered tree at (40, 142, 76)
[10:31:30][INFO] Registered tree at (36, 143, 64)
[10:31:30][INFO] Registered tree at (36, 142, 92)
[10:31:30][INFO] Registered tree at (40, 142, 76)
[10:31:30][INFO] Registered tree at (40, 142, 92)
[10:31:30][INFO] Registered tree at (36, 143, 64)
[10:31:30][INFO] Registered tree at (36, 142, 92)
[10:31:30][INFO] Registered tree at (40, 142, 76)
[10:31:30][INFO] Registered tree at (40, 142, 92)
[10:31:30][INFO] Registered tree at (48, 140, 68)
[10:31:30][INFO] Registered tree at (36, 143, 64)
[10:31:30][INFO] Registered tree at (36, 142, 92)
[10:31:30][INFO] Registered tree at (40, 142, 76)
[10:31:30][INFO] Registered tree at (40, 142, 92)
[10:31:30][INFO] Registered tree at (48, 140, 68)
[10:31:30][INFO] Registered tree at (56, 139, 76)
[10:31:30][INFO] Registered tree at (36, 143, 64)
[10:31:30][INFO] Registered tree at (36, 142, 92)
[10:31:30][INFO] Registered tree at (40, 142, 76)
[10:31:30][INFO] Registered tree at (40, 142, 92)
[10:31:30][INFO] Registered tree at (48, 140, 68)
[10:31:30][INFO] Registered tree at (56, 139, 76)
[10:31:30][INFO] Registered tree at (60, 140, 64)
[10:31:30][INFO] Registered tree at (64, 139, 36)
[10:31:30][INFO] Registered tree at (64, 139, 36)
[10:31:30][INFO] Registered tree at (68, 138, 44)
[10:31:30][INFO] Registered tree at (64, 139, 36)
[10:31:30][INFO] Registered tree at (68, 138, 44)
[10:31:30][INFO] Registered tree at (72, 140, 60)
[10:31:30][INFO] Registered tree at (64, 139, 36)
[10:31:30][INFO] Registered tree at (68, 138, 44)
[10:31:30][INFO] Registered tree at (72, 140, 60)
[10:31:30][INFO] Registered tree at (80, 142, 60)
[10:31:30][INFO] Registered tree at (64, 139, 36)
[10:31:30][INFO] Registered tree at (68, 138, 44)
[10:31:30][INFO] Registered tree at (72, 140, 60)
[10:31:30][INFO] Registered tree at (80, 142, 60)
[10:31:30][INFO] Registered tree at (84, 142, 44)
[10:31:30][INFO] Registered tree at (64, 141, -60)
[10:31:30][INFO] Registered tree at (64, 141, -60)
[10:31:30][INFO] Registered tree at (68, 139, -52)
[10:31:30][INFO] Registered tree at (64, 141, -60)
[10:31:30][INFO] Registered tree at (68, 139, -52)
[10:31:30][INFO] Registered tree at (80, 139, -44)
[10:31:30][INFO] Registered tree at (-56, 182, -44)
[10:31:30][INFO] Registered tree at (-56, 182, -44)
[10:31:30][INFO] Registered tree at (-52, 194, -60)
[10:31:30][INFO] Registered tree at (-56, 182, -44)
[10:31:30][INFO] Registered tree at (-52, 194, -60)
[10:31:30][INFO] Registered tree at (-52, 187, -56)
[10:31:30][INFO] Registered tree at (-56, 182, -44)
[10:31:30][INFO] Registered tree at (-52, 194, -60)
[10:31:30][INFO] Registered tree at (-52, 187, -56)
[10:31:30][INFO] Registered tree at (-48, 184, -60)
[10:31:30][INFO] Registered tree at (-56, 182, -44)
[10:31:30][INFO] Registered tree at (-52, 194, -60)
[10:31:30][INFO] Registered tree at (-52, 187, -56)
[10:31:30][INFO] Registered tree at (-48, 184, -60)
[10:31:30][INFO] Registered tree at (-44, 171, -44)
[10:31:30][INFO] Registered tree at (64, 139, 84)
[10:31:30][INFO] Registered tree at (64, 139, 84)
[10:31:30][INFO] Registered tree at (76, 140, 80)
[10:31:30][INFO] Registered tree at (64, 141, -60)
[10:31:30][INFO] Registered tree at (64, 141, -60)
[10:31:30][INFO] Registered tree at (68, 139, -52)
[10:31:30][INFO] Registered tree at (64, 141, -60)
[10:31:30][INFO] Registered tree at (68, 139, -52)
[10:31:30][INFO] Registered tree at (80, 139, -44)
[10:31:30][INFO] Registered tree at (64, 139, 84)
[10:31:30][INFO] Registered tree at (64, 139, 84)
[10:31:30][INFO] Registered tree at (76, 140, 80)
[10:31:30][INFO] Registered tree at (-60, 143, 92)
[10:31:30][INFO] Registered tree at (-60, 143, 92)
[10:31:30][INFO] Registered tree at (-52, 142, 92)
[10:31:30][INFO] Registered tree at (-60, 143, 92)
[10:31:30][INFO] Registered tree at (-52, 142, 92)
[10:31:30][INFO] Registered tree at (-44, 143, 76)
[10:31:30][INFO] Registered tree at (-60, 143, 92)
[10:31:30][INFO] Registered tree at (-52, 142, 92)
[10:31:30][INFO] Registered tree at (-44, 143, 76)
[10:31:30][INFO] Registered tree at (-44, 142, 92)
[10:31:30][INFO] Registered tree at (-60, 143, 92)
[10:31:30][INFO] Registered tree at (-60, 143, 92)
[10:31:30][INFO] Registered tree at (-52, 142, 92)
[10:31:30][INFO] Registered tree at (-60, 143, 92)
[10:31:30][INFO] Registered tree at (-52, 142, 92)
[10:31:30][INFO] Registered tree at (-44, 143, 76)
[10:31:30][INFO] Registered tree at (-60, 143, 92)
[10:31:30][INFO] Registered tree at (-52, 142, 92)
[10:31:30][INFO] Registered tree at (-44, 143, 76)
[10:31:30][INFO] Registered tree at (-44, 142, 92)
[10:31:30][INFO] Registered tree at (-56, 182, -44)
[10:31:30][INFO] Registered tree at (-56, 182, -44)
[10:31:30][INFO] Registered tree at (-52, 194, -60)
[10:31:30][INFO] Registered tree at (-56, 182, -44)
[10:31:30][INFO] Registered tree at (-52, 194, -60)
[10:31:30][INFO] Registered tree at (-52, 187, -56)
[10:31:30][INFO] Registered tree at (-56, 182, -44)
[10:31:30][INFO] Registered tree at (-52, 194, -60)
[10:31:30][INFO] Registered tree at (-52, 187, -56)
[10:31:30][INFO] Registered tree at (-48, 184, -60)
[10:31:30][INFO] Registered tree at (-56, 182, -44)
[10:31:30][INFO] Registered tree at (-52, 194, -60)
[10:31:30][INFO] Registered tree at (-52, 187, -56)
[10:31:30][INFO] Registered tree at (-48, 184, -60)
[10:31:30][INFO] Registered tree at (-44, 171, -44)
[10:31:30][INFO] Registered tree at (4, 145, 12)
[10:31:30][INFO] Registered tree at (4, 145, 12)
[10:31:30][INFO] Registered tree at (4, 144, 16)
[10:31:30][INFO] Registered tree at (4, 145, 12)
[10:31:30][INFO] Registered tree at (4, 144, 16)
[10:31:30][INFO] Registered tree at (12, 146, 16)
[10:31:30][INFO] Registered tree at (4, 145, 12)
[10:31:30][INFO] Registered tree at (4, 144, 16)
[10:31:30][INFO] Registered tree at (12, 146, 16)
[10:31:30][INFO] Registered tree at (20, 144, 12)
[10:31:30][INFO] Registered tree at (4, 145, 12)
[10:31:30][INFO] Registered tree at (4, 145, 12)
[10:31:30][INFO] Registered tree at (4, 144, 16)
[10:31:30][INFO] Registered tree at (4, 145, 12)
[10:31:30][INFO] Registered tree at (4, 144, 16)
[10:31:30][INFO] Registered tree at (12, 146, 16)
[10:31:30][INFO] Registered tree at (4, 145, 12)
[10:31:30][INFO] Registered tree at (4, 144, 16)
[10:31:30][INFO] Registered tree at (12, 146, 16)
[10:31:30][INFO] Registered tree at (20, 144, 12)
[10:31:30][INFO] Registered tree at (36, 141, 12)
[10:31:30][INFO] Registered tree at (36, 141, 12)
[10:31:30][INFO] Registered tree at (36, 139, 20)
[10:31:30][INFO] Registered tree at (36, 141, 12)
[10:31:30][INFO] Registered tree at (36, 139, 20)
[10:31:30][INFO] Registered tree at (36, 139, 24)
[10:31:30][INFO] Registered tree at (36, 141, 12)
[10:31:30][INFO] Registered tree at (36, 139, 20)
[10:31:30][INFO] Registered tree at (36, 139, 24)
[10:31:30][INFO] Registered tree at (48, 138, 16)
[10:31:30][INFO] Registered tree at (4, 150, -28)
[10:31:30][INFO] Registered tree at (4, 150, -28)
[10:31:30][INFO] Registered tree at (12, 150, -32)
[10:31:30][INFO] Registered tree at (4, 150, -28)
[10:31:30][INFO] Registered tree at (12, 150, -32)
[10:31:30][INFO] Registered tree at (16, 148, -24)
[10:31:30][INFO] Registered tree at (4, 150, -28)
[10:31:30][INFO] Registered tree at (12, 150, -32)
[10:31:30][INFO] Registered tree at (16, 148, -24)
[10:31:30][INFO] Registered tree at (20, 146, -4)
[10:31:30][INFO] Registered tree at (-28, 151, 12)
[10:31:30][INFO] Registered tree at (-28, 151, 12)
[10:31:30][INFO] Registered tree at (-28, 149, 20)
[10:31:30][INFO] Registered tree at (-28, 151, 12)
[10:31:30][INFO] Registered tree at (-28, 149, 20)
[10:31:30][INFO] Registered tree at (-20, 145, 4)
[10:31:30][INFO] Registered tree at (-28, 151, 12)
[10:31:30][INFO] Registered tree at (-28, 149, 20)
[10:31:30][INFO] Registered tree at (-20, 145, 4)
[10:31:30][INFO] Registered tree at (-12, 142, 0)
[10:31:30][INFO] Registered tree at (-28, 151, 12)
[10:31:30][INFO] Registered tree at (-28, 151, 12)
[10:31:30][INFO] Registered tree at (-28, 149, 20)
[10:31:30][INFO] Registered tree at (-28, 151, 12)
[10:31:30][INFO] Registered tree at (-28, 149, 20)
[10:31:30][INFO] Registered tree at (-20, 145, 4)
[10:31:30][INFO] Registered tree at (-28, 151, 12)
[10:31:30][INFO] Registered tree at (-28, 149, 20)
[10:31:30][INFO] Registered tree at (-20, 145, 4)
[10:31:30][INFO] Registered tree at (-12, 142, 0)
[10:31:30][INFO] Registered tree at (4, 150, -28)
[10:31:30][INFO] Registered tree at (4, 150, -28)
[10:31:30][INFO] Registered tree at (12, 150, -32)
[10:31:30][INFO] Registered tree at (4, 150, -28)
[10:31:30][INFO] Registered tree at (12, 150, -32)
[10:31:30][INFO] Registered tree at (16, 148, -24)
[10:31:30][INFO] Registered tree at (4, 150, -28)
[10:31:30][INFO] Registered tree at (12, 150, -32)
[10:31:30][INFO] Registered tree at (16, 148, -24)
[10:31:30][INFO] Registered tree at (20, 146, -4)
[10:31:30][INFO] Registered tree at (0, 144, 44)
[10:31:30][INFO] Registered tree at (0, 144, 44)
[10:31:30][INFO] Registered tree at (4, 142, 48)
[10:31:30][INFO] Registered tree at (0, 144, 44)
[10:31:30][INFO] Registered tree at (4, 142, 48)
[10:31:30][INFO] Registered tree at (8, 141, 60)
[10:31:30][INFO] Registered tree at (36, 141, 12)
[10:31:30][INFO] Registered tree at (36, 141, 12)
[10:31:30][INFO] Registered tree at (36, 139, 20)
[10:31:30][INFO] Registered tree at (36, 141, 12)
[10:31:30][INFO] Registered tree at (36, 139, 20)
[10:31:30][INFO] Registered tree at (36, 139, 24)
[10:31:30][INFO] Registered tree at (36, 141, 12)
[10:31:30][INFO] Registered tree at (36, 139, 20)
[10:31:30][INFO] Registered tree at (36, 139, 24)
[10:31:30][INFO] Registered tree at (48, 138, 16)
[10:31:30][INFO] Registered tree at (0, 144, 44)
[10:31:30][INFO] Registered tree at (0, 144, 44)
[10:31:30][INFO] Registered tree at (4, 142, 48)
[10:31:30][INFO] Registered tree at (0, 144, 44)
[10:31:30][INFO] Registered tree at (4, 142, 48)
[10:31:30][INFO] Registered tree at (8, 141, 60)
[10:31:30][INFO] Registered tree at (-28, 146, 32)
[10:31:30][INFO] Registered tree at (-28, 146, 32)
[10:31:30][INFO] Registered tree at (-28, 145, 40)
[10:31:30][INFO] Registered tree at (-28, 146, 32)
[10:31:30][INFO] Registered tree at (-28, 145, 40)
[10:31:30][INFO] Registered tree at (-28, 141, 60)
[10:31:30][INFO] Registered tree at (-28, 146, 32)
[10:31:30][INFO] Registered tree at (-28, 145, 40)
[10:31:30][INFO] Registered tree at (-28, 141, 60)
[10:31:30][INFO] Registered tree at (-24, 143, 40)
[10:31:30][INFO] Registered tree at (-28, 146, 32)
[10:31:30][INFO] Registered tree at (-28, 145, 40)
[10:31:30][INFO] Registered tree at (-28, 141, 60)
[10:31:30][INFO] Registered tree at (-24, 143, 40)
[10:31:30][INFO] Registered tree at (-12, 142, 36)
[10:31:30][INFO] Registered tree at (-28, 146, 32)
[10:31:30][INFO] Registered tree at (-28, 146, 32)
[10:31:30][INFO] Registered tree at (-28, 145, 40)
[10:31:30][INFO] Registered tree at (-28, 146, 32)
[10:31:30][INFO] Registered tree at (-28, 145, 40)
[10:31:30][INFO] Registered tree at (-28, 141, 60)
[10:31:30][INFO] Registered tree at (-28, 146, 32)
[10:31:30][INFO] Registered tree at (-28, 145, 40)
[10:31:30][INFO] Registered tree at (-28, 141, 60)
[10:31:30][INFO] Registered tree at (-24, 143, 40)
[10:31:30][INFO] Registered tree at (-28, 146, 32)
[10:31:30][INFO] Registered tree at (-28, 145, 40)
[10:31:30][INFO] Registered tree at (-28, 141, 60)
[10:31:30][INFO] Registered tree at (-24, 143, 40)
[10:31:30][INFO] Registered tree at (-12, 142, 36)
[10:31:30][INFO] Registered tree at (-28, 165, -24)
[10:31:30][INFO] Registered tree at (-28, 165, -24)
[10:31:30][INFO] Registered tree at (-28, 153, -8)
[10:31:30][INFO] Registered tree at (-28, 165, -24)
[10:31:30][INFO] Registered tree at (-28, 165, -24)
[10:31:30][INFO] Registered tree at (-28, 153, -8)
[10:31:30][INFO] Registered tree at (32, 141, 52)
[10:31:30][INFO] Registered tree at (32, 141, 52)
[10:31:30][INFO] Registered tree at (36, 138, 36)
[10:31:30][INFO] Registered tree at (32, 141, 52)
[10:31:30][INFO] Registered tree at (36, 138, 36)
[10:31:30][INFO] Registered tree at (36, 139, 44)
[10:31:30][INFO] Registered tree at (44, 141, -8)
[10:31:30][INFO] Registered tree at (44, 141, -8)
[10:31:30][INFO] Registered tree at (52, 141, -20)
[10:31:30][INFO] Registered tree at (44, 141, -8)
[10:31:30][INFO] Registered tree at (44, 141, -8)
[10:31:30][INFO] Registered tree at (52, 141, -20)
[10:31:30][INFO] Registered tree at (32, 141, 52)
[10:31:30][INFO] Registered tree at (32, 141, 52)
[10:31:30][INFO] Registered tree at (36, 138, 36)
[10:31:30][INFO] Registered tree at (32, 141, 52)
[10:31:30][INFO] Registered tree at (36, 138, 36)
[10:31:30][INFO] Registered tree at (36, 139, 44)
[10:31:30][INFO] Registered tree at (16, 143, 92)
[10:31:30][INFO] Registered tree at (16, 143, 92)
[10:31:30][INFO] Registered tree at (28, 145, 68)
[10:31:30][INFO] Registered tree at (64, 139, 20)
[10:31:30][INFO] Registered tree at (64, 139, 20)
[10:31:30][INFO] Registered tree at (76, 144, 12)
[10:31:30][INFO] Registered tree at (0, 157, -52)
[10:31:30][INFO] Registered tree at (0, 157, -52)
[10:31:30][INFO] Registered tree at (0, 152, -36)
[10:31:30][INFO] Registered tree at (0, 157, -52)
[10:31:30][INFO] Registered tree at (0, 152, -36)
[10:31:30][INFO] Registered tree at (4, 156, -60)
[10:31:30][INFO] Registered tree at (0, 157, -52)
[10:31:30][INFO] Registered tree at (0, 152, -36)
[10:31:30][INFO] Registered tree at (4, 156, -60)
[10:31:30][INFO] Registered tree at (20, 148, -48)
[10:31:30][INFO] Registered tree at (0, 157, -52)
[10:31:30][INFO] Registered tree at (0, 157, -52)
[10:31:30][INFO] Registered tree at (0, 152, -36)
[10:31:30][INFO] Registered tree at (0, 157, -52)
[10:31:30][INFO] Registered tree at (0, 152, -36)
[10:31:30][INFO] Registered tree at (4, 156, -60)
[10:31:30][INFO] Registered tree at (0, 157, -52)
[10:31:30][INFO] Registered tree at (0, 152, -36)
[10:31:30][INFO] Registered tree at (4, 156, -60)
[10:31:30][INFO] Registered tree at (20, 148, -48)
[10:31:30][INFO] Registered tree at (16, 143, 92)
[10:31:30][INFO] Registered tree at (16, 143, 92)
[10:31:30][INFO] Registered tree at (28, 145, 68)
[10:31:30][INFO] Registered tree at (-56, 164, 28)
[10:31:30][INFO] Registered tree at (-56, 164, 28)
[10:31:30][INFO] Registered tree at (-52, 153, 20)
[10:31:30][INFO] Registered tree at (-56, 164, 28)
[10:31:30][INFO] Registered tree at (-52, 153, 20)
[10:31:30][INFO] Registered tree at (-44, 152, 28)
[10:31:30][INFO] Registered tree at (64, 139, 20)
[10:31:30][INFO] Registered tree at (64, 139, 20)
[10:31:30][INFO] Registered tree at (76, 144, 12)
[10:31:30][INFO] Registered tree at (-56, 164, 28)
[10:31:30][INFO] Registered tree at (-56, 164, 28)
[10:31:30][INFO] Registered tree at (-52, 153, 20)
[10:31:30][INFO] Registered tree at (-56, 164, 28)
[10:31:30][INFO] Registered tree at (-52, 153, 20)
[10:31:30][INFO] Registered tree at (-44, 152, 28)
[10:31:30][INFO] Registered tree at (-60, 196, -32)
[10:31:30][INFO] Registered tree at (-60, 196, -32)
[10:31:30][INFO] Registered tree at (-60, 168, -20)
[10:31:30][INFO] Registered tree at (-60, 196, -32)
[10:31:30][INFO] Registered tree at (-60, 168, -20)
[10:31:30][INFO] Registered tree at (-60, 161, -16)
[10:31:30][INFO] Registered tree at (-60, 196, -32)
[10:31:30][INFO] Registered tree at (-60, 168, -20)
[10:31:30][INFO] Registered tree at (-60, 161, -16)
[10:31:30][INFO] Registered tree at (-52, 187, -32)
[10:31:30][INFO] Registered tree at (-60, 196, -32)
[10:31:30][INFO] Registered tree at (-60, 168, -20)
[10:31:30][INFO] Registered tree at (-60, 161, -16)
[10:31:30][INFO] Registered tree at (-52, 187, -32)
[10:31:30][INFO] Registered tree at (-52, 155, -12)
[10:31:30][INFO] Registered tree at (-60, 196, -32)
[10:31:30][INFO] Registered tree at (-60, 168, -20)
[10:31:30][INFO] Registered tree at (-60, 161, -16)
[10:31:30][INFO] Registered tree at (-52, 187, -32)
[10:31:30][INFO] Registered tree at (-52, 155, -12)
[10:31:30][INFO] Registered tree at (-44, 172, -32)
[10:31:30][INFO] Registered tree at (-60, 196, -32)
[10:31:30][INFO] Registered tree at (-60, 168, -20)
[10:31:30][INFO] Registered tree at (-60, 161, -16)
[10:31:30][INFO] Registered tree at (-52, 187, -32)
[10:31:30][INFO] Registered tree at (-52, 155, -12)
[10:31:30][INFO] Registered tree at (-44, 172, -32)
[10:31:30][INFO] Registered tree at (-44, 162, -16)
[10:31:30][INFO] Registered tree at (64, 139, 36)
[10:31:30][INFO] Registered tree at (64, 139, 36)
[10:31:30][INFO] Registered tree at (68, 138, 44)
[10:31:30][INFO] Registered tree at (64, 139, 36)
[10:31:30][INFO] Registered tree at (68, 138, 44)
[10:31:30][INFO] Registered tree at (72, 140, 60)
[10:31:30][INFO] Registered tree at (64, 139, 36)
[10:31:30][INFO] Registered tree at (68, 138, 44)
[10:31:30][INFO] Registered tree at (72, 140, 60)
[10:31:30][INFO] Registered tree at (80, 142, 60)
[10:31:30][INFO] Registered tree at (64, 139, 36)
[10:31:30][INFO] Registered tree at (68, 138, 44)
[10:31:30][INFO] Registered tree at (72, 140, 60)
[10:31:30][INFO] Registered tree at (80, 142, 60)
[10:31:30][INFO] Registered tree at (84, 142, 44)
[10:31:30][INFO] Registered tree at (64, 139, 36)
[10:31:30][INFO] Registered tree at (64, 139, 36)
[10:31:30][INFO] Registered tree at (68, 138, 44)
[10:31:30][INFO] Registered tree at (64, 139, 36)
[10:31:30][INFO] Registered tree at (68, 138, 44)
[10:31:30][INFO] Registered tree at (72, 140, 60)
[10:31:30][INFO] Registered tree at (64, 139, 36)
[10:31:30][INFO] Registered tree at (68, 138, 44)
[10:31:30][INFO] Registered tree at (72, 140, 60)
[10:31:30][INFO] Registered tree at (80, 142, 60)
[10:31:30][INFO] Registered tree at (64, 139, 36)
[10:31:30][INFO] Registered tree at (68, 138, 44)
[10:31:30][INFO] Registered tree at (72, 140, 60)
[10:31:30][INFO] Registered tree at (80, 142, 60)
[10:31:30][INFO] Registered tree at (84, 142, 44)
[10:31:30][INFO] Registered tree at (-60, 168, 44)
[10:31:30][INFO] Registered tree at (-60, 168, 44)
[10:31:30][INFO] Registered tree at (-56, 164, 44)
[10:31:30][INFO] Registered tree at (-60, 168, 44)
[10:31:30][INFO] Registered tree at (-56, 164, 44)
[10:31:30][INFO] Registered tree at (-52, 148, 60)
[10:31:30][INFO] Registered tree at (-60, 196, -32)
[10:31:30][INFO] Registered tree at (-60, 196, -32)
[10:31:30][INFO] Registered tree at (-60, 168, -20)
[10:31:30][INFO] Registered tree at (-60, 196, -32)
[10:31:30][INFO] Registered tree at (-60, 168, -20)
[10:31:30][INFO] Registered tree at (-60, 161, -16)
[10:31:30][INFO] Registered tree at (-60, 196, -32)
[10:31:30][INFO] Registered tree at (-60, 168, -20)
[10:31:30][INFO] Registered tree at (-60, 161, -16)
[10:31:30][INFO] Registered tree at (-52, 187, -32)
[10:31:30][INFO] Registered tree at (-60, 196, -32)
[10:31:30][INFO] Registered tree at (-60, 168, -20)
[10:31:30][INFO] Registered tree at (-60, 161, -16)
[10:31:30][INFO] Registered tree at (-52, 187, -32)
[10:31:30][INFO] Registered tree at (-52, 155, -12)
[10:31:30][INFO] Registered tree at (-60, 196, -32)
[10:31:30][INFO] Registered tree at (-60, 168, -20)
[10:31:30][INFO] Registered tree at (-60, 161, -16)
[10:31:30][INFO] Registered tree at (-52, 187, -32)
[10:31:30][INFO] Registered tree at (-52, 155, -12)
[10:31:30][INFO] Registered tree at (-44, 172, -32)
[10:31:30][INFO] Registered tree at (-60, 196, -32)
[10:31:30][INFO] Registered tree at (-60, 168, -20)
[10:31:30][INFO] Registered tree at (-60, 161, -16)
[10:31:30][INFO] Registered tree at (-52, 187, -32)
[10:31:30][INFO] Registered tree at (-52, 155, -12)
[10:31:30][INFO] Registered tree at (-44, 172, -32)
[10:31:30][INFO] Registered tree at (-44, 162, -16)
[10:31:30][INFO] Registered tree at (-60, 168, 44)
[10:31:30][INFO] Registered tree at (-60, 168, 44)
[10:31:30][INFO] Registered tree at (-56, 164, 44)
[10:31:30][INFO] Registered tree at (-60, 168, 44)
[10:31:30][INFO] Registered tree at (-56, 164, 44)
[10:31:30][INFO] Registered tree at (-52, 148, 60)
[10:31:30][INFO] Registered tree at (-28, 162, -36)
[10:31:30][INFO] Registered tree at (-28, 162, -36)
[10:31:30][INFO] Registered tree at (-20, 165, -64)
[10:31:30][INFO] Registered tree at (-28, 162, -36)
[10:31:30][INFO] Registered tree at (-20, 165, -64)
[10:31:30][INFO] Registered tree at (-20, 163, -52)
[10:31:30][INFO] Registered tree at (-32, 141, 64)
[10:31:30][INFO] Registered tree at (-32, 141, 64)
[10:31:30][INFO] Registered tree at (-28, 141, 84)
[10:31:30][INFO] Registered tree at (-32, 141, 64)
[10:31:30][INFO] Registered tree at (-28, 141, 84)
[10:31:30][INFO] Registered tree at (-20, 144, 68)
[10:31:30][INFO] Registered tree at (-32, 141, 64)
[10:31:30][INFO] Registered tree at (-28, 141, 84)
[10:31:30][INFO] Registered tree at (-20, 144, 68)
[10:31:30][INFO] Registered tree at (-20, 141, 84)
[10:31:30][INFO] Registered tree at (-32, 141, 64)
[10:31:30][INFO] Registered tree at (-28, 141, 84)
[10:31:30][INFO] Registered tree at (-20, 144, 68)
[10:31:30][INFO] Registered tree at (-20, 141, 84)
[10:31:30][INFO] Registered tree at (-20, 142, 92)
[10:31:30][INFO] Registered tree at (-32, 141, 64)
[10:31:30][INFO] Registered tree at (-28, 141, 84)
[10:31:30][INFO] Registered tree at (-20, 144, 68)
[10:31:30][INFO] Registered tree at (-20, 141, 84)
[10:31:30][INFO] Registered tree at (-20, 142, 92)
[10:31:30][INFO] Registered tree at (-12, 145, 72)
[10:31:30][INFO] Registered tree at (-28, 162, -36)
[10:31:30][INFO] Registered tree at (-28, 162, -36)
[10:31:30][INFO] Registered tree at (-20, 165, -64)
[10:31:30][INFO] Registered tree at (-28, 162, -36)
[10:31:30][INFO] Registered tree at (-20, 165, -64)
[10:31:30][INFO] Registered tree at (-20, 163, -52)
[10:31:30][INFO] Registered tree at (-32, 141, 64)
[10:31:30][INFO] Registered tree at (-32, 141, 64)
[10:31:30][INFO] Registered tree at (-28, 141, 84)
[10:31:30][INFO] Registered tree at (-32, 141, 64)
[10:31:30][INFO] Registered tree at (-28, 141, 84)
[10:31:30][INFO] Registered tree at (-20, 144, 68)
[10:31:30][INFO] Registered tree at (-32, 141, 64)
[10:31:30][INFO] Registered tree at (-28, 141, 84)
[10:31:30][INFO] Registered tree at (-20, 144, 68)
[10:31:30][INFO] Registered tree at (-20, 141, 84)
[10:31:30][INFO] Registered tree at (-32, 141, 64)
[10:31:30][INFO] Registered tree at (-28, 141, 84)
[10:31:30][INFO] Registered tree at (-20, 144, 68)
[10:31:30][INFO] Registered tree at (-20, 141, 84)
[10:31:30][INFO] Registered tree at (-20, 142, 92)
[10:31:30][INFO] Registered tree at (-32, 141, 64)
[10:31:30][INFO] Registered tree at (-28, 141, 84)
[10:31:30][INFO] Registered tree at (-20, 144, 68)
[10:31:30][INFO] Registered tree at (-20, 141, 84)
[10:31:30][INFO] Registered tree at (-20, 142, 92)
[10:31:30][INFO] Registered tree at (-12, 145, 72)
[10:31:30][INFO] Registered tree at (32, 147, -36)
[10:31:30][INFO] Registered tree at (36, 143, 64)
[10:31:30][INFO] Registered tree at (36, 143, 64)
[10:31:30][INFO] Registered tree at (36, 142, 92)
[10:31:30][INFO] Registered tree at (36, 143, 64)
[10:31:30][INFO] Registered tree at (36, 142, 92)
[10:31:30][INFO] Registered tree at (40, 142, 76)
[10:31:30][INFO] Registered tree at (36, 143, 64)
[10:31:30][INFO] Registered tree at (36, 142, 92)
[10:31:30][INFO] Registered tree at (40, 142, 76)
[10:31:30][INFO] Registered tree at (40, 142, 92)
[10:31:30][INFO] Registered tree at (36, 143, 64)
[10:31:30][INFO] Registered tree at (36, 142, 92)
[10:31:30][INFO] Registered tree at (40, 142, 76)
[10:31:30][INFO] Registered tree at (40, 142, 92)
[10:31:30][INFO] Registered tree at (48, 140, 68)
[10:31:30][INFO] Registered tree at (36, 143, 64)
[10:31:30][INFO] Registered tree at (36, 142, 92)
[10:31:30][INFO] Registered tree at (40, 142, 76)
[10:31:30][INFO] Registered tree at (40, 142, 92)
[10:31:30][INFO] Registered tree at (48, 140, 68)
[10:31:30][INFO] Registered tree at (56, 139, 76)
[10:31:30][INFO] Registered tree at (36, 143, 64)
[10:31:30][INFO] Registered tree at (36, 142, 92)
[10:31:30][INFO] Registered tree at (40, 142, 76)
[10:31:30][INFO] Registered tree at (40, 142, 92)
[10:31:30][INFO] Registered tree at (48, 140, 68)
[10:31:30][INFO] Registered tree at (56, 139, 76)
[10:31:30][INFO] Registered tree at (60, 140, 64)
[10:31:30][INFO] Registered tree at (32, 147, -36)
[10:31:30][INFO] Registered tree at (36, 143, 64)
[10:31:30][INFO] Registered tree at (36, 143, 64)
[10:31:30][INFO] Registered tree at (36, 142, 92)
[10:31:30][INFO] Registered tree at (36, 143, 64)
[10:31:30][INFO] Registered tree at (36, 142, 92)
[10:31:30][INFO] Registered tree at (40, 142, 76)
[10:31:30][INFO] Registered tree at (36, 143, 64)
[10:31:30][INFO] Registered tree at (36, 142, 92)
[10:31:30][INFO] Registered tree at (40, 142, 76)
[10:31:30][INFO] Registered tree at (40, 142, 92)
[10:31:30][INFO] Registered tree at (36, 143, 64)
[10:31:30][INFO] Registered tree at (36, 142, 92)
[10:31:30][INFO] Registered tree at (40, 142, 76)
[10:31:30][INFO] Registered tree at (40, 142, 92)
[10:31:30][INFO] Registered tree at (48, 140, 68)
[10:31:30][INFO] Registered tree at (36, 143, 64)
[10:31:30][INFO] Registered tree at (36, 142, 92)
[10:31:30][INFO] Registered tree at (40, 142, 76)
[10:31:30][INFO] Registered tree at (40, 142, 92)
[10:31:30][INFO] Registered tree at (48, 140, 68)
[10:31:30][INFO] Registered tree at (56, 139, 76)
[10:31:30][INFO] Registered tree at (36, 143, 64)
[10:31:30][INFO] Registered tree at (36, 142, 92)
[10:31:30][INFO] Registered tree at (40, 142, 76)
[10:31:30][INFO] Registered tree at (40, 142, 92)
[10:31:30][INFO] Registered tree at (48, 140, 68)
[10:31:30][INFO] Registered tree at (56, 139, 76)
[10:31:30][INFO] Registered tree at (60, 140, 64)
[10:31:30][INFO] Registered tree at (-60, 143, 92)
[10:31:30][INFO] Registered tree at (-60, 143, 92)
[10:31:30][INFO] Registered tree at (-52, 142, 92)
[10:31:30][INFO] Registered tree at (-60, 143, 92)
[10:31:30][INFO] Registered tree at (-52, 142, 92)
[10:31:30][INFO] Registered tree at (-44, 143, 76)
[10:31:30][INFO] Registered tree at (-60, 143, 92)
[10:31:30][INFO] Registered tree at (-52, 142, 92)
[10:31:30][INFO] Registered tree at (-44, 143, 76)
[10:31:30][INFO] Registered tree at (-44, 142, 92)
[10:31:30][INFO] Registered tree at (64, 141, -60)
[10:31:30][INFO] Registered tree at (64, 141, -60)
[10:31:30][INFO] Registered tree at (68, 139, -52)
[10:31:30][INFO] Registered tree at (64, 141, -60)
[10:31:30][INFO] Registered tree at (68, 139, -52)
[10:31:30][INFO] Registered tree at (80, 139, -44)
[10:31:30][INFO] Registered tree at (-56, 182, -44)
[10:31:30][INFO] Registered tree at (-56, 182, -44)
[10:31:30][INFO] Registered tree at (-52, 194, -60)
[10:31:30][INFO] Registered tree at (-56, 182, -44)
[10:31:30][INFO] Registered tree at (-52, 194, -60)
[10:31:30][INFO] Registered tree at (-52, 187, -56)
[10:31:30][INFO] Registered tree at (-56, 182, -44)
[10:31:30][INFO] Registered tree at (-52, 194, -60)
[10:31:30][INFO] Registered tree at (-52, 187, -56)
[10:31:30][INFO] Registered tree at (-48, 184, -60)
[10:31:30][INFO] Registered tree at (-56, 182, -44)
[10:31:30][INFO] Registered tree at (-52, 194, -60)
[10:31:30][INFO] Registered tree at (-52, 187, -56)
[10:31:30][INFO] Registered tree at (-48, 184, -60)
[10:31:30][INFO] Registered tree at (-44, 171, -44)
[10:31:30][INFO] Registered tree at (64, 141, -60)
[10:31:30][INFO] Registered tree at (64, 141, -60)
[10:31:30][INFO] Registered tree at (68, 139, -52)
[10:31:30][INFO] Registered tree at (64, 141, -60)
[10:31:30][INFO] Registered tree at (68, 139, -52)
[10:31:30][INFO] Registered tree at (80, 139, -44)
[10:31:30][INFO] Registered tree at (-60, 143, 92)
[10:31:30][INFO] Registered tree at (-60, 143, 92)
[10:31:30][INFO] Registered tree at (-52, 142, 92)
[10:31:30][INFO] Registered tree at (-60, 143, 92)
[10:31:30][INFO] Registered tree at (-52, 142, 92)
[10:31:30][INFO] Registered tree at (-44, 143, 76)
[10:31:30][INFO] Registered tree at (-60, 143, 92)
[10:31:30][INFO] Registered tree at (-52, 142, 92)
[10:31:30][INFO] Registered tree at (-44, 143, 76)
[10:31:30][INFO] Registered tree at (-44, 142, 92)
[10:31:30][INFO] Registered tree at (64, 139, 84)
[10:31:30][INFO] Registered tree at (64, 139, 84)
[10:31:30][INFO] Registered tree at (76, 140, 80)
[10:31:30][INFO] Registered tree at (-56, 182, -44)
[10:31:30][INFO] Registered tree at (-56, 182, -44)
[10:31:30][INFO] Registered tree at (-52, 194, -60)
[10:31:30][INFO] Registered tree at (-56, 182, -44)
[10:31:30][INFO] Registered tree at (-52, 194, -60)
[10:31:30][INFO] Registered tree at (-52, 187, -56)
[10:31:30][INFO] Registered tree at (-56, 182, -44)
[10:31:30][INFO] Registered tree at (-52, 194, -60)
[10:31:30][INFO] Registered tree at (-52, 187, -56)
[10:31:30][INFO] Registered tree at (-48, 184, -60)
[10:31:30][INFO] Registered tree at (-56, 182, -44)
[10:31:30][INFO] Registered tree at (-52, 194, -60)
[10:31:30][INFO] Registered tree at (-52, 187, -56)
[10:31:30][INFO] Registered tree at (-48, 184, -60)
[10:31:30][INFO] Registered tree at (-44, 171, -44)
[10:31:30][INFO] Registered tree at (64, 139, 84)
[10:31:30][INFO] Registered tree at (64, 139, 84)
[10:31:30][INFO] Registered tree at (76, 140, 80)
[10:31:43][INFO] Registered tree at (224, 148, 136)
[10:31:43][INFO] Registered tree at (268, 142, 136)
[10:31:43][INFO] Registered tree at (268, 142, 136)
[10:31:43][INFO] Registered tree at (268, 148, 156)
[10:31:43][INFO] Registered tree at (268, 142, 136)
[10:31:43][INFO] Registered tree at (268, 148, 156)
[10:31:43][INFO] Registered tree at (276, 143, 128)
[10:31:43][INFO] Registered tree at (268, 142, 136)
[10:31:43][INFO] Registered tree at (268, 148, 156)
[10:31:43][INFO] Registered tree at (276, 143, 128)
[10:31:43][INFO] Registered tree at (284, 141, 144)
[10:31:43][INFO] Registered tree at (192, 148, 148)
[10:31:43][INFO] Registered tree at (192, 148, 148)
[10:31:43][INFO] Registered tree at (200, 148, 140)
[10:31:43][INFO] Registered tree at (192, 148, 148)
[10:31:43][INFO] Registered tree at (200, 148, 140)
[10:31:43][INFO] Registered tree at (204, 151, 148)
[10:31:43][INFO] Registered tree at (192, 148, 148)
[10:31:43][INFO] Registered tree at (200, 148, 140)
[10:31:43][INFO] Registered tree at (204, 151, 148)
[10:31:43][INFO] Registered tree at (212, 151, 148)
[10:31:43][INFO] Registered tree at (224, 154, 180)
[10:31:43][INFO] Registered tree at (224, 154, 180)
[10:31:43][INFO] Registered tree at (228, 152, 188)
[10:31:43][INFO] Registered tree at (224, 154, 180)
[10:31:43][INFO] Registered tree at (228, 152, 188)
[10:31:43][INFO] Registered tree at (236, 151, 164)
[10:31:43][INFO] Registered tree at (224, 146, 116)
[10:31:43][INFO] Registered tree at (224, 146, 116)
[10:31:43][INFO] Registered tree at (232, 143, 112)
[10:31:43][INFO] Registered tree at (224, 146, 116)
[10:31:43][INFO] Registered tree at (232, 143, 112)
[10:31:43][INFO] Registered tree at (244, 145, 120)
[10:31:43][INFO] Registered tree at (224, 146, 116)
[10:31:43][INFO] Registered tree at (232, 143, 112)
[10:31:43][INFO] Registered tree at (244, 145, 120)
[10:31:43][INFO] Registered tree at (248, 147, 100)
[10:31:43][INFO] Registered tree at (224, 146, 116)
[10:31:43][INFO] Registered tree at (232, 143, 112)
[10:31:43][INFO] Registered tree at (244, 145, 120)
[10:31:43][INFO] Registered tree at (248, 147, 100)
[10:31:43][INFO] Registered tree at (248, 146, 116)
[10:31:43][INFO] Registered tree at (260, 150, 100)
[10:31:43][INFO] Registered tree at (260, 150, 100)
[10:31:43][INFO] Registered tree at (268, 151, 100)
[10:31:43][INFO] Registered tree at (260, 150, 100)
[10:31:43][INFO] Registered tree at (268, 151, 100)
[10:31:43][INFO] Registered tree at (272, 145, 124)
[10:31:43][INFO] Registered tree at (260, 150, 100)
[10:31:43][INFO] Registered tree at (268, 151, 100)
[10:31:43][INFO] Registered tree at (272, 145, 124)
[10:31:43][INFO] Registered tree at (276, 146, 108)
[10:31:43][INFO] Registered tree at (260, 150, 100)
[10:31:43][INFO] Registered tree at (268, 151, 100)
[10:31:43][INFO] Registered tree at (272, 145, 124)
[10:31:43][INFO] Registered tree at (276, 146, 108)
[10:31:43][INFO] Registered tree at (284, 144, 116)
[10:31:43][INFO] Registered tree at (200, 137, 104)
[10:31:43][INFO] Registered tree at (200, 137, 104)
[10:31:43][INFO] Registered tree at (204, 145, 124)
[10:31:43][INFO] Registered tree at (200, 137, 104)
[10:31:43][INFO] Registered tree at (204, 145, 124)
[10:31:43][INFO] Registered tree at (212, 139, 96)
[10:31:43][INFO] Registered tree at (200, 137, 104)
[10:31:43][INFO] Registered tree at (204, 145, 124)
[10:31:43][INFO] Registered tree at (212, 139, 96)
[10:31:43][INFO] Registered tree at (220, 145, 112)
[10:31:43][INFO] Registered tree at (192, 145, 188)
[10:31:43][INFO] Registered tree at (192, 145, 188)
[10:31:43][INFO] Registered tree at (204, 149, 180)
[10:31:43][INFO] Registered tree at (288, 141, 128)
[10:31:43][INFO] Registered tree at (288, 141, 128)
[10:31:43][INFO] Registered tree at (300, 144, 132)
[10:31:43][INFO] Registered tree at (288, 141, 128)
[10:31:43][INFO] Registered tree at (300, 144, 132)
[10:31:43][INFO] Registered tree at (300, 145, 144)
[10:31:43][INFO] Registered tree at (288, 141, 128)
[10:31:43][INFO] Registered tree at (300, 144, 132)
[10:31:43][INFO] Registered tree at (300, 145, 144)
[10:31:43][INFO] Registered tree at (308, 146, 144)
[10:31:43][INFO] Registered tree at (160, 145, 148)
[10:31:43][INFO] Registered tree at (160, 145, 148)
[10:31:43][INFO] Registered tree at (164, 145, 128)
[10:31:43][INFO] Registered tree at (160, 145, 148)
[10:31:43][INFO] Registered tree at (164, 145, 128)
[10:31:43][INFO] Registered tree at (168, 144, 156)
[10:31:43][INFO] Registered tree at (160, 145, 148)
[10:31:43][INFO] Registered tree at (164, 145, 128)
[10:31:43][INFO] Registered tree at (168, 144, 156)
[10:31:43][INFO] Registered tree at (172, 143, 132)
[10:31:43][INFO] Registered tree at (160, 145, 148)
[10:31:43][INFO] Registered tree at (164, 145, 128)
[10:31:43][INFO] Registered tree at (168, 144, 156)
[10:31:43][INFO] Registered tree at (172, 143, 132)
[10:31:43][INFO] Registered tree at (172, 145, 144)
[10:31:43][INFO] Registered tree at (160, 145, 148)
[10:31:43][INFO] Registered tree at (164, 145, 128)
[10:31:43][INFO] Registered tree at (168, 144, 156)
[10:31:43][INFO] Registered tree at (172, 143, 132)
[10:31:43][INFO] Registered tree at (172, 145, 144)
[10:31:43][INFO] Registered tree at (180, 144, 140)
[10:31:43][INFO] Registered tree at (160, 145, 148)
[10:31:43][INFO] Registered tree at (164, 145, 128)
[10:31:43][INFO] Registered tree at (168, 144, 156)
[10:31:43][INFO] Registered tree at (172, 143, 132)
[10:31:43][INFO] Registered tree at (172, 145, 144)
[10:31:43][INFO] Registered tree at (180, 144, 140)
[10:31:43][INFO] Registered tree at (188, 146, 140)
[10:31:43][INFO] Registered tree at (224, 152, 204)
[10:31:43][INFO] Registered tree at (224, 152, 204)
[10:31:43][INFO] Registered tree at (232, 149, 200)
[10:31:43][INFO] Registered tree at (224, 152, 204)
[10:31:43][INFO] Registered tree at (232, 149, 200)
[10:31:43][INFO] Registered tree at (244, 146, 196)
[10:31:43][INFO] Registered tree at (224, 152, 204)
[10:31:43][INFO] Registered tree at (232, 149, 200)
[10:31:43][INFO] Registered tree at (244, 146, 196)
[10:31:43][INFO] Registered tree at (252, 144, 192)
[10:31:43][INFO] Registered tree at (236, 145, 68)
[10:31:43][INFO] Registered tree at (236, 145, 68)
[10:31:43][INFO] Registered tree at (252, 150, 64)
[10:31:43][INFO] Registered tree at (260, 153, 76)
[10:31:43][INFO] Registered tree at (260, 153, 76)
[10:31:43][INFO] Registered tree at (260, 154, 84)
[10:31:43][INFO] Registered tree at (260, 153, 76)
[10:31:43][INFO] Registered tree at (260, 154, 84)
[10:31:43][INFO] Registered tree at (268, 151, 64)
[10:31:43][INFO] Registered tree at (260, 153, 76)
[10:31:43][INFO] Registered tree at (260, 154, 84)
[10:31:43][INFO] Registered tree at (268, 151, 64)
[10:31:43][INFO] Registered tree at (276, 153, 76)
[10:31:43][INFO] Registered tree at (260, 153, 76)
[10:31:43][INFO] Registered tree at (260, 154, 84)
[10:31:43][INFO] Registered tree at (268, 151, 64)
[10:31:43][INFO] Registered tree at (276, 153, 76)
[10:31:43][INFO] Registered tree at (276, 153, 80)
[10:31:43][INFO] Registered tree at (260, 153, 76)
[10:31:43][INFO] Registered tree at (260, 154, 84)
[10:31:43][INFO] Registered tree at (268, 151, 64)
[10:31:43][INFO] Registered tree at (276, 153, 76)
[10:31:43][INFO] Registered tree at (276, 153, 80)
[10:31:43][INFO] Registered tree at (284, 152, 76)
[10:31:43][INFO] Registered tree at (268, 142, 216)
[10:31:43][INFO] Registered tree at (172, 146, 100)
[10:31:43][INFO] Registered tree at (172, 146, 100)
[10:31:43][INFO] Registered tree at (180, 140, 108)
[10:31:43][INFO] Registered tree at (172, 146, 100)
[10:31:43][INFO] Registered tree at (180, 140, 108)
[10:31:43][INFO] Registered tree at (180, 142, 124)
[10:31:43][INFO] Registered tree at (172, 146, 100)
[10:31:43][INFO] Registered tree at (180, 140, 108)
[10:31:43][INFO] Registered tree at (180, 142, 124)
[10:31:43][INFO] Registered tree at (184, 141, 96)
[10:31:43][INFO] Registered tree at (180, 140, 188)
[10:31:43][INFO] Registered tree at (292, 141, 120)
[10:31:43][INFO] Registered tree at (292, 141, 120)
[10:31:43][INFO] Registered tree at (296, 140, 116)
[10:31:43][INFO] Registered tree at (292, 141, 120)
[10:31:43][INFO] Registered tree at (296, 140, 116)
[10:31:43][INFO] Registered tree at (316, 148, 96)
[10:31:43][INFO] Registered tree at (292, 140, 164)
[10:31:43][INFO] Registered tree at (292, 140, 164)
[10:31:43][INFO] Registered tree at (300, 141, 164)
[10:31:43][INFO] Registered tree at (292, 140, 164)
[10:31:43][INFO] Registered tree at (300, 141, 164)
[10:31:43][INFO] Registered tree at (308, 144, 164)
[10:31:43][INFO] Registered tree at (292, 140, 164)
[10:31:43][INFO] Registered tree at (300, 141, 164)
[10:31:43][INFO] Registered tree at (308, 144, 164)
[10:31:43][INFO] Registered tree at (308, 143, 168)
[10:31:43][INFO] Registered tree at (292, 140, 164)
[10:31:43][INFO] Registered tree at (300, 141, 164)
[10:31:43][INFO] Registered tree at (308, 144, 164)
[10:31:43][INFO] Registered tree at (308, 143, 168)
[10:31:43][INFO] Registered tree at (316, 144, 176)
[10:31:43][INFO] Registered tree at (292, 151, 68)
[10:31:43][INFO] Registered tree at (292, 151, 68)
[10:31:43][INFO] Registered tree at (292, 150, 76)
[10:31:43][INFO] Registered tree at (292, 151, 68)
[10:31:43][INFO] Registered tree at (292, 150, 76)
[10:31:43][INFO] Registered tree at (292, 145, 88)
[10:31:43][INFO] Registered tree at (292, 151, 68)
[10:31:43][INFO] Registered tree at (292, 150, 76)
[10:31:43][INFO] Registered tree at (292, 145, 88)
[10:31:43][INFO] Registered tree at (300, 149, 76)
[10:31:43][INFO] Registered tree at (292, 141, 208)
[10:31:43][INFO] Registered tree at (292, 141, 208)
[10:31:43][INFO] Registered tree at (296, 139, 220)
[10:31:43][INFO] Registered tree at (292, 141, 208)
[10:31:43][INFO] Registered tree at (296, 139, 220)
[10:31:43][INFO] Registered tree at (300, 144, 208)
[10:31:43][INFO] Registered tree at (292, 141, 208)
[10:31:43][INFO] Registered tree at (296, 139, 220)
[10:31:43][INFO] Registered tree at (300, 144, 208)
[10:31:43][INFO] Registered tree at (304, 142, 200)
[10:31:43][INFO] Registered tree at (292, 141, 208)
[10:31:43][INFO] Registered tree at (296, 139, 220)
[10:31:43][INFO] Registered tree at (300, 144, 208)
[10:31:43][INFO] Registered tree at (304, 142, 200)
[10:31:43][INFO] Registered tree at (308, 143, 220)
[10:31:43][INFO] Registered tree at (292, 141, 208)
[10:31:43][INFO] Registered tree at (296, 139, 220)
[10:31:43][INFO] Registered tree at (300, 144, 208)
[10:31:43][INFO] Registered tree at (304, 142, 200)
[10:31:43][INFO] Registered tree at (308, 143, 220)
[10:31:43][INFO] Registered tree at (316, 143, 212)
[10:31:43][INFO] Registered tree at (164, 139, 200)
[10:31:43][INFO] Registered tree at (164, 139, 200)
[10:31:43][INFO] Registered tree at (172, 137, 216)
[10:31:43][INFO] Registered tree at (164, 142, 64)
[10:31:43][INFO] Registered tree at (164, 142, 64)
[10:31:43][INFO] Registered tree at (172, 137, 76)
[10:31:43][INFO] Registered tree at (164, 142, 64)
[10:31:43][INFO] Registered tree at (172, 137, 76)
[10:31:43][INFO] Registered tree at (180, 135, 76)
[10:31:43][INFO] Registered tree at (164, 142, 64)
[10:31:43][INFO] Registered tree at (172, 137, 76)
[10:31:43][INFO] Registered tree at (180, 135, 76)
[10:31:43][INFO] Registered tree at (188, 137, 68)
[10:31:43][INFO] Registered tree at (224, 148, 136)
[10:31:43][INFO] Registered tree at (268, 142, 136)
[10:31:43][INFO] Registered tree at (268, 142, 136)
[10:31:43][INFO] Registered tree at (268, 148, 156)
[10:31:43][INFO] Registered tree at (268, 142, 136)
[10:31:43][INFO] Registered tree at (268, 148, 156)
[10:31:43][INFO] Registered tree at (276, 143, 128)
[10:31:43][INFO] Registered tree at (268, 142, 136)
[10:31:43][INFO] Registered tree at (268, 148, 156)
[10:31:43][INFO] Registered tree at (276, 143, 128)
[10:31:43][INFO] Registered tree at (284, 141, 144)
[10:31:43][INFO] Registered tree at (192, 148, 148)
[10:31:43][INFO] Registered tree at (192, 148, 148)
[10:31:43][INFO] Registered tree at (200, 148, 140)
[10:31:43][INFO] Registered tree at (192, 148, 148)
[10:31:43][INFO] Registered tree at (200, 148, 140)
[10:31:43][INFO] Registered tree at (204, 151, 148)
[10:31:43][INFO] Registered tree at (192, 148, 148)
[10:31:43][INFO] Registered tree at (200, 148, 140)
[10:31:43][INFO] Registered tree at (204, 151, 148)
[10:31:43][INFO] Registered tree at (212, 151, 148)
[10:31:43][INFO] Registered tree at (224, 146, 116)
[10:31:43][INFO] Registered tree at (224, 146, 116)
[10:31:43][INFO] Registered tree at (232, 143, 112)
[10:31:43][INFO] Registered tree at (224, 146, 116)
[10:31:43][INFO] Registered tree at (232, 143, 112)
[10:31:43][INFO] Registered tree at (244, 145, 120)
[10:31:43][INFO] Registered tree at (224, 146, 116)
[10:31:43][INFO] Registered tree at (232, 143, 112)
[10:31:43][INFO] Registered tree at (244, 145, 120)
[10:31:43][INFO] Registered tree at (248, 147, 100)
[10:31:43][INFO] Registered tree at (224, 146, 116)
[10:31:43][INFO] Registered tree at (232, 143, 112)
[10:31:43][INFO] Registered tree at (244, 145, 120)
[10:31:43][INFO] Registered tree at (248, 147, 100)
[10:31:43][INFO] Registered tree at (248, 146, 116)
[10:31:43][INFO] Registered tree at (224, 154, 180)
[10:31:43][INFO] Registered tree at (224, 154, 180)
[10:31:43][INFO] Registered tree at (228, 152, 188)
[10:31:43][INFO] Registered tree at (224, 154, 180)
[10:31:43][INFO] Registered tree at (228, 152, 188)
[10:31:43][INFO] Registered tree at (236, 151, 164)
[10:31:43][INFO] Registered tree at (192, 145, 188)
[10:31:43][INFO] Registered tree at (192, 145, 188)
[10:31:43][INFO] Registered tree at (204, 149, 180)
[10:31:43][INFO] Registered tree at (200, 137, 104)
[10:31:43][INFO] Registered tree at (200, 137, 104)
[10:31:43][INFO] Registered tree at (204, 145, 124)
[10:31:43][INFO] Registered tree at (200, 137, 104)
[10:31:43][INFO] Registered tree at (204, 145, 124)
[10:31:43][INFO] Registered tree at (212, 139, 96)
[10:31:43][INFO] Registered tree at (200, 137, 104)
[10:31:43][INFO] Registered tree at (204, 145, 124)
[10:31:43][INFO] Registered tree at (212, 139, 96)
[10:31:43][INFO] Registered tree at (220, 145, 112)
[10:31:43][INFO] Registered tree at (260, 150, 100)
[10:31:43][INFO] Registered tree at (260, 150, 100)
[10:31:43][INFO] Registered tree at (268, 151, 100)
[10:31:43][INFO] Registered tree at (260, 150, 100)
[10:31:43][INFO] Registered tree at (268, 151, 100)
[10:31:43][INFO] Registered tree at (272, 145, 124)
[10:31:43][INFO] Registered tree at (260, 150, 100)
[10:31:43][INFO] Registered tree at (268, 151, 100)
[10:31:43][INFO] Registered tree at (272, 145, 124)
[10:31:43][INFO] Registered tree at (276, 146, 108)
[10:31:43][INFO] Registered tree at (260, 150, 100)
[10:31:43][INFO] Registered tree at (268, 151, 100)
[10:31:43][INFO] Registered tree at (272, 145, 124)
[10:31:43][INFO] Registered tree at (276, 146, 108)
[10:31:43][INFO] Registered tree at (284, 144, 116)
[10:31:43][INFO] Registered tree at (236, 145, 68)
[10:31:43][INFO] Registered tree at (236, 145, 68)
[10:31:43][INFO] Registered tree at (252, 150, 64)
[10:31:43][INFO] Registered tree at (224, 152, 204)
[10:31:43][INFO] Registered tree at (224, 152, 204)
[10:31:43][INFO] Registered tree at (232, 149, 200)
[10:31:43][INFO] Registered tree at (224, 152, 204)
[10:31:43][INFO] Registered tree at (232, 149, 200)
[10:31:43][INFO] Registered tree at (244, 146, 196)
[10:31:43][INFO] Registered tree at (224, 152, 204)
[10:31:43][INFO] Registered tree at (232, 149, 200)
[10:31:43][INFO] Registered tree at (244, 146, 196)
[10:31:43][INFO] Registered tree at (252, 144, 192)
[10:31:43][INFO] Registered tree at (160, 145, 148)
[10:31:43][INFO] Registered tree at (160, 145, 148)
[10:31:43][INFO] Registered tree at (164, 145, 128)
[10:31:43][INFO] Registered tree at (160, 145, 148)
[10:31:43][INFO] Registered tree at (164, 145, 128)
[10:31:43][INFO] Registered tree at (168, 144, 156)
[10:31:43][INFO] Registered tree at (160, 145, 148)
[10:31:43][INFO] Registered tree at (164, 145, 128)
[10:31:43][INFO] Registered tree at (168, 144, 156)
[10:31:43][INFO] Registered tree at (172, 143, 132)
[10:31:43][INFO] Registered tree at (160, 145, 148)
[10:31:43][INFO] Registered tree at (164, 145, 128)
[10:31:43][INFO] Registered tree at (168, 144, 156)
[10:31:43][INFO] Registered tree at (172, 143, 132)
[10:31:43][INFO] Registered tree at (172, 145, 144)
[10:31:43][INFO] Registered tree at (160, 145, 148)
[10:31:43][INFO] Registered tree at (164, 145, 128)
[10:31:43][INFO] Registered tree at (168, 144, 156)
[10:31:43][INFO] Registered tree at (172, 143, 132)
[10:31:43][INFO] Registered tree at (172, 145, 144)
[10:31:43][INFO] Registered tree at (180, 144, 140)
[10:31:43][INFO] Registered tree at (160, 145, 148)
[10:31:43][INFO] Registered tree at (164, 145, 128)
[10:31:43][INFO] Registered tree at (168, 144, 156)
[10:31:43][INFO] Registered tree at (172, 143, 132)
[10:31:43][INFO] Registered tree at (172, 145, 144)
[10:31:43][INFO] Registered tree at (180, 144, 140)
[10:31:43][INFO] Registered tree at (188, 146, 140)
[10:31:43][INFO] Registered tree at (288, 141, 128)
[10:31:43][INFO] Registered tree at (288, 141, 128)
[10:31:43][INFO] Registered tree at (300, 144, 132)
[10:31:43][INFO] Registered tree at (288, 141, 128)
[10:31:43][INFO] Registered tree at (300, 144, 132)
[10:31:43][INFO] Registered tree at (300, 145, 144)
[10:31:43][INFO] Registered tree at (288, 141, 128)
[10:31:43][INFO] Registered tree at (300, 144, 132)
[10:31:43][INFO] Registered tree at (300, 145, 144)
[10:31:43][INFO] Registered tree at (308, 146, 144)
[10:31:43][INFO] Registered tree at (292, 141, 120)
[10:31:43][INFO] Registered tree at (292, 141, 120)
[10:31:43][INFO] Registered tree at (296, 140, 116)
[10:31:43][INFO] Registered tree at (292, 141, 120)
[10:31:43][INFO] Registered tree at (296, 140, 116)
[10:31:43][INFO] Registered tree at (316, 148, 96)
[10:31:43][INFO] Registered tree at (292, 140, 164)
[10:31:43][INFO] Registered tree at (292, 140, 164)
[10:31:43][INFO] Registered tree at (300, 141, 164)
[10:31:43][INFO] Registered tree at (292, 140, 164)
[10:31:43][INFO] Registered tree at (300, 141, 164)
[10:31:43][INFO] Registered tree at (308, 144, 164)
[10:31:43][INFO] Registered tree at (292, 140, 164)
[10:31:43][INFO] Registered tree at (300, 141, 164)
[10:31:43][INFO] Registered tree at (308, 144, 164)
[10:31:43][INFO] Registered tree at (308, 143, 168)
[10:31:43][INFO] Registered tree at (292, 140, 164)
[10:31:43][INFO] Registered tree at (300, 141, 164)
[10:31:43][INFO] Registered tree at (308, 144, 164)
[10:31:43][INFO] Registered tree at (308, 143, 168)
[10:31:43][INFO] Registered tree at (316, 144, 176)
[10:31:43][INFO] Registered tree at (172, 146, 100)
[10:31:43][INFO] Registered tree at (172, 146, 100)
[10:31:43][INFO] Registered tree at (180, 140, 108)
[10:31:43][INFO] Registered tree at (172, 146, 100)
[10:31:43][INFO] Registered tree at (180, 140, 108)
[10:31:43][INFO] Registered tree at (180, 142, 124)
[10:31:43][INFO] Registered tree at (172, 146, 100)
[10:31:43][INFO] Registered tree at (180, 140, 108)
[10:31:43][INFO] Registered tree at (180, 142, 124)
[10:31:43][INFO] Registered tree at (184, 141, 96)
[10:31:43][INFO] Registered tree at (180, 140, 188)
[10:31:43][INFO] Registered tree at (260, 153, 76)
[10:31:43][INFO] Registered tree at (260, 153, 76)
[10:31:43][INFO] Registered tree at (260, 154, 84)
[10:31:43][INFO] Registered tree at (260, 153, 76)
[10:31:43][INFO] Registered tree at (260, 154, 84)
[10:31:43][INFO] Registered tree at (268, 151, 64)
[10:31:43][INFO] Registered tree at (260, 153, 76)
[10:31:43][INFO] Registered tree at (260, 154, 84)
[10:31:43][INFO] Registered tree at (268, 151, 64)
[10:31:43][INFO] Registered tree at (276, 153, 76)
[10:31:43][INFO] Registered tree at (260, 153, 76)
[10:31:43][INFO] Registered tree at (260, 154, 84)
[10:31:43][INFO] Registered tree at (268, 151, 64)
[10:31:43][INFO] Registered tree at (276, 153, 76)
[10:31:43][INFO] Registered tree at (276, 153, 80)
[10:31:43][INFO] Registered tree at (260, 153, 76)
[10:31:43][INFO] Registered tree at (260, 154, 84)
[10:31:43][INFO] Registered tree at (268, 151, 64)
[10:31:43][INFO] Registered tree at (276, 153, 76)
[10:31:43][INFO] Registered tree at (276, 153, 80)
[10:31:43][INFO] Registered tree at (284, 152, 76)
[10:31:43][INFO] Registered tree at (268, 142, 216)
[10:31:43][INFO] Registered tree at (164, 139, 200)
[10:31:43][INFO] Registered tree at (164, 139, 200)
[10:31:43][INFO] Registered tree at (172, 137, 216)
[10:31:43][INFO] Registered tree at (164, 142, 64)
[10:31:43][INFO] Registered tree at (164, 142, 64)
[10:31:43][INFO] Registered tree at (172, 137, 76)
[10:31:43][INFO] Registered tree at (164, 142, 64)
[10:31:43][INFO] Registered tree at (172, 137, 76)
[10:31:43][INFO] Registered tree at (180, 135, 76)
[10:31:43][INFO] Registered tree at (164, 142, 64)
[10:31:43][INFO] Registered tree at (172, 137, 76)
[10:31:43][INFO] Registered tree at (180, 135, 76)
[10:31:43][INFO] Registered tree at (188, 137, 68)
[10:31:43][INFO] Registered tree at (292, 151, 68)
[10:31:43][INFO] Registered tree at (292, 151, 68)
[10:31:43][INFO] Registered tree at (292, 150, 76)
[10:31:43][INFO] Registered tree at (292, 151, 68)
[10:31:43][INFO] Registered tree at (292, 150, 76)
[10:31:43][INFO] Registered tree at (292, 145, 88)
[10:31:43][INFO] Registered tree at (292, 151, 68)
[10:31:43][INFO] Registered tree at (292, 150, 76)
[10:31:43][INFO] Registered tree at (292, 145, 88)
[10:31:43][INFO] Registered tree at (300, 149, 76)
[10:31:43][INFO] Registered tree at (292, 141, 208)
[10:31:43][INFO] Registered tree at (292, 141, 208)
[10:31:43][INFO] Registered tree at (296, 139, 220)
[10:31:43][INFO] Registered tree at (292, 141, 208)
[10:31:43][INFO] Registered tree at (296, 139, 220)
[10:31:43][INFO] Registered tree at (300, 144, 208)
[10:31:43][INFO] Registered tree at (292, 141, 208)
[10:31:43][INFO] Registered tree at (296, 139, 220)
[10:31:43][INFO] Registered tree at (300, 144, 208)
[10:31:43][INFO] Registered tree at (304, 142, 200)
[10:31:43][INFO] Registered tree at (292, 141, 208)
[10:31:43][INFO] Registered tree at (296, 139, 220)
[10:31:43][INFO] Registered tree at (300, 144, 208)
[10:31:43][INFO] Registered tree at (304, 142, 200)
[10:31:43][INFO] Registered tree at (308, 143, 220)
[10:31:43][INFO] Registered tree at (292, 141, 208)
[10:31:43][INFO] Registered tree at (296, 139, 220)
[10:31:43][INFO] Registered tree at (300, 144, 208)
[10:31:43][INFO] Registered tree at (304, 142, 200)
[10:31:43][INFO] Registered tree at (308, 143, 220)
[10:31:43][INFO] Registered tree at (316, 143, 212)
[10:31:44][INFO] Registered tree at (224, 148, 136)
[10:31:44][INFO] Registered tree at (224, 146, 116)
[10:31:44][INFO] Registered tree at (224, 146, 116)
[10:31:44][INFO] Registered tree at (232, 143, 112)
[10:31:44][INFO] Registered tree at (224, 146, 116)
[10:31:44][INFO] Registered tree at (232, 143, 112)
[10:31:44][INFO] Registered tree at (244, 145, 120)
[10:31:44][INFO] Registered tree at (224, 146, 116)
[10:31:44][INFO] Registered tree at (232, 143, 112)
[10:31:44][INFO] Registered tree at (244, 145, 120)
[10:31:44][INFO] Registered tree at (248, 147, 100)
[10:31:44][INFO] Registered tree at (224, 146, 116)
[10:31:44][INFO] Registered tree at (232, 143, 112)
[10:31:44][INFO] Registered tree at (244, 145, 120)
[10:31:44][INFO] Registered tree at (248, 147, 100)
[10:31:44][INFO] Registered tree at (248, 146, 116)
[10:31:44][INFO] Registered tree at (192, 148, 148)
[10:31:44][INFO] Registered tree at (192, 148, 148)
[10:31:44][INFO] Registered tree at (200, 148, 140)
[10:31:44][INFO] Registered tree at (192, 148, 148)
[10:31:44][INFO] Registered tree at (200, 148, 140)
[10:31:44][INFO] Registered tree at (204, 151, 148)
[10:31:44][INFO] Registered tree at (192, 148, 148)
[10:31:44][INFO] Registered tree at (200, 148, 140)
[10:31:44][INFO] Registered tree at (204, 151, 148)
[10:31:44][INFO] Registered tree at (212, 151, 148)
[10:31:44][INFO] Registered tree at (268, 142, 136)
[10:31:44][INFO] Registered tree at (268, 142, 136)
[10:31:44][INFO] Registered tree at (268, 148, 156)
[10:31:44][INFO] Registered tree at (268, 142, 136)
[10:31:44][INFO] Registered tree at (268, 148, 156)
[10:31:44][INFO] Registered tree at (276, 143, 128)
[10:31:44][INFO] Registered tree at (268, 142, 136)
[10:31:44][INFO] Registered tree at (268, 148, 156)
[10:31:44][INFO] Registered tree at (276, 143, 128)
[10:31:44][INFO] Registered tree at (284, 141, 144)
[10:31:44][INFO] Registered tree at (224, 154, 180)
[10:31:44][INFO] Registered tree at (224, 154, 180)
[10:31:44][INFO] Registered tree at (228, 152, 188)
[10:31:44][INFO] Registered tree at (224, 154, 180)
[10:31:44][INFO] Registered tree at (228, 152, 188)
[10:31:44][INFO] Registered tree at (236, 151, 164)
[10:31:44][INFO] Registered tree at (192, 145, 188)
[10:31:44][INFO] Registered tree at (192, 145, 188)
[10:31:44][INFO] Registered tree at (204, 149, 180)
[10:31:44][INFO] Registered tree at (200, 137, 104)
[10:31:44][INFO] Registered tree at (200, 137, 104)
[10:31:44][INFO] Registered tree at (204, 145, 124)
[10:31:44][INFO] Registered tree at (200, 137, 104)
[10:31:44][INFO] Registered tree at (204, 145, 124)
[10:31:44][INFO] Registered tree at (212, 139, 96)
[10:31:44][INFO] Registered tree at (200, 137, 104)
[10:31:44][INFO] Registered tree at (204, 145, 124)
[10:31:44][INFO] Registered tree at (212, 139, 96)
[10:31:44][INFO] Registered tree at (220, 145, 112)
[10:31:44][INFO] Registered tree at (260, 150, 100)
[10:31:44][INFO] Registered tree at (260, 150, 100)
[10:31:44][INFO] Registered tree at (268, 151, 100)
[10:31:44][INFO] Registered tree at (260, 150, 100)
[10:31:44][INFO] Registered tree at (268, 151, 100)
[10:31:44][INFO] Registered tree at (272, 145, 124)
[10:31:44][INFO] Registered tree at (260, 150, 100)
[10:31:44][INFO] Registered tree at (268, 151, 100)
[10:31:44][INFO] Registered tree at (272, 145, 124)
[10:31:44][INFO] Registered tree at (276, 146, 108)
[10:31:44][INFO] Registered tree at (260, 150, 100)
[10:31:44][INFO] Registered tree at (268, 151, 100)
[10:31:44][INFO] Registered tree at (272, 145, 124)
[10:31:44][INFO] Registered tree at (276, 146, 108)
[10:31:44][INFO] Registered tree at (284, 144, 116)
[10:31:44][INFO] Registered tree at (224, 152, 204)
[10:31:44][INFO] Registered tree at (224, 152, 204)
[10:31:44][INFO] Registered tree at (232, 149, 200)
[10:31:44][INFO] Registered tree at (224, 152, 204)
[10:31:44][INFO] Registered tree at (232, 149, 200)
[10:31:44][INFO] Registered tree at (244, 146, 196)
[10:31:44][INFO] Registered tree at (224, 152, 204)
[10:31:44][INFO] Registered tree at (232, 149, 200)
[10:31:44][INFO] Registered tree at (244, 146, 196)
[10:31:44][INFO] Registered tree at (252, 144, 192)
[10:31:44][INFO] Registered tree at (288, 141, 128)
[10:31:44][INFO] Registered tree at (288, 141, 128)
[10:31:44][INFO] Registered tree at (300, 144, 132)
[10:31:44][INFO] Registered tree at (288, 141, 128)
[10:31:44][INFO] Registered tree at (300, 144, 132)
[10:31:44][INFO] Registered tree at (300, 145, 144)
[10:31:44][INFO] Registered tree at (288, 141, 128)
[10:31:44][INFO] Registered tree at (300, 144, 132)
[10:31:44][INFO] Registered tree at (300, 145, 144)
[10:31:44][INFO] Registered tree at (308, 146, 144)
[10:31:44][INFO] Registered tree at (236, 145, 68)
[10:31:44][INFO] Registered tree at (236, 145, 68)
[10:31:44][INFO] Registered tree at (252, 150, 64)
[10:31:44][INFO] Registered tree at (160, 145, 148)
[10:31:44][INFO] Registered tree at (160, 145, 148)
[10:31:44][INFO] Registered tree at (164, 145, 128)
[10:31:44][INFO] Registered tree at (160, 145, 148)
[10:31:44][INFO] Registered tree at (164, 145, 128)
[10:31:44][INFO] Registered tree at (168, 144, 156)
[10:31:44][INFO] Registered tree at (160, 145, 148)
[10:31:44][INFO] Registered tree at (164, 145, 128)
[10:31:44][INFO] Registered tree at (168, 144, 156)
[10:31:44][INFO] Registered tree at (172, 143, 132)
[10:31:44][INFO] Registered tree at (160, 145, 148)
[10:31:44][INFO] Registered tree at (164, 145, 128)
[10:31:44][INFO] Registered tree at (168, 144, 156)
[10:31:44][INFO] Registered tree at (172, 143, 132)
[10:31:44][INFO] Registered tree at (172, 145, 144)
[10:31:44][INFO] Registered tree at (160, 145, 148)
[10:31:44][INFO] Registered tree at (164, 145, 128)
[10:31:44][INFO] Registered tree at (168, 144, 156)
[10:31:44][INFO] Registered tree at (172, 143, 132)
[10:31:44][INFO] Registered tree at (172, 145, 144)
[10:31:44][INFO] Registered tree at (180, 144, 140)
[10:31:44][INFO] Registered tree at (160, 145, 148)
[10:31:44][INFO] Registered tree at (164, 145, 128)
[10:31:44][INFO] Registered tree at (168, 144, 156)
[10:31:44][INFO] Registered tree at (172, 143, 132)
[10:31:44][INFO] Registered tree at (172, 145, 144)
[10:31:44][INFO] Registered tree at (180, 144, 140)
[10:31:44][INFO] Registered tree at (188, 146, 140)
[10:31:44][INFO] Registered tree at (172, 146, 100)
[10:31:44][INFO] Registered tree at (172, 146, 100)
[10:31:44][INFO] Registered tree at (180, 140, 108)
[10:31:44][INFO] Registered tree at (172, 146, 100)
[10:31:44][INFO] Registered tree at (180, 140, 108)
[10:31:44][INFO] Registered tree at (180, 142, 124)
[10:31:44][INFO] Registered tree at (172, 146, 100)
[10:31:44][INFO] Registered tree at (180, 140, 108)
[10:31:44][INFO] Registered tree at (180, 142, 124)
[10:31:44][INFO] Registered tree at (184, 141, 96)
[10:31:44][INFO] Registered tree at (292, 140, 164)
[10:31:44][INFO] Registered tree at (292, 140, 164)
[10:31:44][INFO] Registered tree at (300, 141, 164)
[10:31:44][INFO] Registered tree at (292, 140, 164)
[10:31:44][INFO] Registered tree at (300, 141, 164)
[10:31:44][INFO] Registered tree at (308, 144, 164)
[10:31:44][INFO] Registered tree at (292, 140, 164)
[10:31:44][INFO] Registered tree at (300, 141, 164)
[10:31:44][INFO] Registered tree at (308, 144, 164)
[10:31:44][INFO] Registered tree at (308, 143, 168)
[10:31:44][INFO] Registered tree at (292, 140, 164)
[10:31:44][INFO] Registered tree at (300, 141, 164)
[10:31:44][INFO] Registered tree at (308, 144, 164)
[10:31:44][INFO] Registered tree at (308, 143, 168)
[10:31:44][INFO] Registered tree at (316, 144, 176)
[10:31:44][INFO] Registered tree at (180, 140, 188)
[10:31:44][INFO] Registered tree at (260, 153, 76)
[10:31:44][INFO] Registered tree at (260, 153, 76)
[10:31:44][INFO] Registered tree at (260, 154, 84)
[10:31:44][INFO] Registered tree at (260, 153, 76)
[10:31:44][INFO] Registered tree at (260, 154, 84)
[10:31:44][INFO] Registered tree at (268, 151, 64)
[10:31:44][INFO] Registered tree at (260, 153, 76)
[10:31:44][INFO] Registered tree at (260, 154, 84)
[10:31:44][INFO] Registered tree at (268, 151, 64)
[10:31:44][INFO] Registered tree at (276, 153, 76)
[10:31:44][INFO] Registered tree at (260, 153, 76)
[10:31:44][INFO] Registered tree at (260, 154, 84)
[10:31:44][INFO] Registered tree at (268, 151, 64)
[10:31:44][INFO] Registered tree at (276, 153, 76)
[10:31:44][INFO] Registered tree at (276, 153, 80)
[10:31:44][INFO] Registered tree at (260, 153, 76)
[10:31:44][INFO] Registered tree at (260, 154, 84)
[10:31:44][INFO] Registered tree at (268, 151, 64)
[10:31:44][INFO] Registered tree at (276, 153, 76)
[10:31:44][INFO] Registered tree at (276, 153, 80)
[10:31:44][INFO] Registered tree at (284, 152, 76)
[10:31:44][INFO] Registered tree at (268, 142, 216)
[10:31:44][INFO] Registered tree at (292, 141, 120)
[10:31:44][INFO] Registered tree at (292, 141, 120)
[10:31:44][INFO] Registered tree at (296, 140, 116)
[10:31:44][INFO] Registered tree at (292, 141, 120)
[10:31:44][INFO] Registered tree at (296, 140, 116)
[10:31:44][INFO] Registered tree at (316, 148, 96)
[10:31:44][INFO] Registered tree at (292, 151, 68)
[10:31:44][INFO] Registered tree at (292, 151, 68)
[10:31:44][INFO] Registered tree at (292, 150, 76)
[10:31:44][INFO] Registered tree at (292, 151, 68)
[10:31:44][INFO] Registered tree at (292, 150, 76)
[10:31:44][INFO] Registered tree at (292, 145, 88)
[10:31:44][INFO] Registered tree at (292, 151, 68)
[10:31:44][INFO] Registered tree at (292, 150, 76)
[10:31:44][INFO] Registered tree at (292, 145, 88)
[10:31:44][INFO] Registered tree at (300, 149, 76)
[10:31:44][INFO] Registered tree at (164, 139, 200)
[10:31:44][INFO] Registered tree at (164, 139, 200)
[10:31:44][INFO] Registered tree at (172, 137, 216)
[10:31:44][INFO] Registered tree at (292, 141, 208)
[10:31:44][INFO] Registered tree at (292, 141, 208)
[10:31:44][INFO] Registered tree at (296, 139, 220)
[10:31:44][INFO] Registered tree at (292, 141, 208)
[10:31:44][INFO] Registered tree at (296, 139, 220)
[10:31:44][INFO] Registered tree at (300, 144, 208)
[10:31:44][INFO] Registered tree at (292, 141, 208)
[10:31:44][INFO] Registered tree at (296, 139, 220)
[10:31:44][INFO] Registered tree at (300, 144, 208)
[10:31:44][INFO] Registered tree at (304, 142, 200)
[10:31:44][INFO] Registered tree at (292, 141, 208)
[10:31:44][INFO] Registered tree at (296, 139, 220)
[10:31:44][INFO] Registered tree at (300, 144, 208)
[10:31:44][INFO] Registered tree at (304, 142, 200)
[10:31:44][INFO] Registered tree at (308, 143, 220)
[10:31:44][INFO] Registered tree at (292, 141, 208)
[10:31:44][INFO] Registered tree at (296, 139, 220)
[10:31:44][INFO] Registered tree at (300, 144, 208)
[10:31:44][INFO] Registered tree at (304, 142, 200)
[10:31:44][INFO] Registered tree at (308, 143, 220)
[10:31:44][INFO] Registered tree at (316, 143, 212)
[10:31:44][INFO] Registered tree at (164, 142, 64)
[10:31:44][INFO] Registered tree at (164, 142, 64)
[10:31:44][INFO] Registered tree at (172, 137, 76)
[10:31:44][INFO] Registered tree at (164, 142, 64)
[10:31:44][INFO] Registered tree at (172, 137, 76)
[10:31:44][INFO] Registered tree at (180, 135, 76)
[10:31:44][INFO] Registered tree at (164, 142, 64)
[10:31:44][INFO] Registered tree at (172, 137, 76)
[10:31:44][INFO] Registered tree at (180, 135, 76)
[10:31:44][INFO] Registered tree at (188, 137, 68)
[10:31:45][INFO] Registered tree at (224, 148, 136)
[10:31:45][INFO] Registered tree at (224, 146, 116)
[10:31:45][INFO] Registered tree at (224, 146, 116)
[10:31:45][INFO] Registered tree at (232, 143, 112)
[10:31:45][INFO] Registered tree at (224, 146, 116)
[10:31:45][INFO] Registered tree at (232, 143, 112)
[10:31:45][INFO] Registered tree at (244, 145, 120)
[10:31:45][INFO] Registered tree at (224, 146, 116)
[10:31:45][INFO] Registered tree at (232, 143, 112)
[10:31:45][INFO] Registered tree at (244, 145, 120)
[10:31:45][INFO] Registered tree at (248, 147, 100)
[10:31:45][INFO] Registered tree at (224, 146, 116)
[10:31:45][INFO] Registered tree at (232, 143, 112)
[10:31:45][INFO] Registered tree at (244, 145, 120)
[10:31:45][INFO] Registered tree at (248, 147, 100)
[10:31:45][INFO] Registered tree at (248, 146, 116)
[10:31:45][INFO] Registered tree at (192, 148, 148)
[10:31:45][INFO] Registered tree at (192, 148, 148)
[10:31:45][INFO] Registered tree at (200, 148, 140)
[10:31:45][INFO] Registered tree at (192, 148, 148)
[10:31:45][INFO] Registered tree at (200, 148, 140)
[10:31:45][INFO] Registered tree at (204, 151, 148)
[10:31:45][INFO] Registered tree at (192, 148, 148)
[10:31:45][INFO] Registered tree at (200, 148, 140)
[10:31:45][INFO] Registered tree at (204, 151, 148)
[10:31:45][INFO] Registered tree at (212, 151, 148)
[10:31:45][INFO] Registered tree at (268, 142, 136)
[10:31:45][INFO] Registered tree at (268, 142, 136)
[10:31:45][INFO] Registered tree at (268, 148, 156)
[10:31:45][INFO] Registered tree at (268, 142, 136)
[10:31:45][INFO] Registered tree at (268, 148, 156)
[10:31:45][INFO] Registered tree at (276, 143, 128)
[10:31:45][INFO] Registered tree at (268, 142, 136)
[10:31:45][INFO] Registered tree at (268, 148, 156)
[10:31:45][INFO] Registered tree at (276, 143, 128)
[10:31:45][INFO] Registered tree at (284, 141, 144)
[10:31:45][INFO] Registered tree at (224, 154, 180)
[10:31:45][INFO] Registered tree at (224, 154, 180)
[10:31:45][INFO] Registered tree at (228, 152, 188)
[10:31:45][INFO] Registered tree at (224, 154, 180)
[10:31:45][INFO] Registered tree at (228, 152, 188)
[10:31:45][INFO] Registered tree at (236, 151, 164)
[10:31:45][INFO] Registered tree at (192, 145, 188)
[10:31:45][INFO] Registered tree at (192, 145, 188)
[10:31:45][INFO] Registered tree at (204, 149, 180)
[10:31:45][INFO] Registered tree at (200, 137, 104)
[10:31:45][INFO] Registered tree at (200, 137, 104)
[10:31:45][INFO] Registered tree at (204, 145, 124)
[10:31:45][INFO] Registered tree at (200, 137, 104)
[10:31:45][INFO] Registered tree at (204, 145, 124)
[10:31:45][INFO] Registered tree at (212, 139, 96)
[10:31:45][INFO] Registered tree at (200, 137, 104)
[10:31:45][INFO] Registered tree at (204, 145, 124)
[10:31:45][INFO] Registered tree at (212, 139, 96)
[10:31:45][INFO] Registered tree at (220, 145, 112)
[10:31:45][INFO] Registered tree at (260, 150, 100)
[10:31:45][INFO] Registered tree at (260, 150, 100)
[10:31:45][INFO] Registered tree at (268, 151, 100)
[10:31:45][INFO] Registered tree at (260, 150, 100)
[10:31:45][INFO] Registered tree at (268, 151, 100)
[10:31:45][INFO] Registered tree at (272, 145, 124)
[10:31:45][INFO] Registered tree at (260, 150, 100)
[10:31:45][INFO] Registered tree at (268, 151, 100)
[10:31:45][INFO] Registered tree at (272, 145, 124)
[10:31:45][INFO] Registered tree at (276, 146, 108)
[10:31:45][INFO] Registered tree at (260, 150, 100)
[10:31:45][INFO] Registered tree at (268, 151, 100)
[10:31:45][INFO] Registered tree at (272, 145, 124)
[10:31:45][INFO] Registered tree at (276, 146, 108)
[10:31:45][INFO] Registered tree at (284, 144, 116)
[10:31:45][INFO] Registered tree at (224, 152, 204)
[10:31:45][INFO] Registered tree at (224, 152, 204)
[10:31:45][INFO] Registered tree at (232, 149, 200)
[10:31:45][INFO] Registered tree at (224, 152, 204)
[10:31:45][INFO] Registered tree at (232, 149, 200)
[10:31:45][INFO] Registered tree at (244, 146, 196)
[10:31:45][INFO] Registered tree at (224, 152, 204)
[10:31:45][INFO] Registered tree at (232, 149, 200)
[10:31:45][INFO] Registered tree at (244, 146, 196)
[10:31:45][INFO] Registered tree at (252, 144, 192)
[10:31:45][INFO] Registered tree at (288, 141, 128)
[10:31:45][INFO] Registered tree at (288, 141, 128)
[10:31:45][INFO] Registered tree at (300, 144, 132)
[10:31:45][INFO] Registered tree at (288, 141, 128)
[10:31:45][INFO] Registered tree at (300, 144, 132)
[10:31:45][INFO] Registered tree at (300, 145, 144)
[10:31:45][INFO] Registered tree at (288, 141, 128)
[10:31:45][INFO] Registered tree at (300, 144, 132)
[10:31:45][INFO] Registered tree at (300, 145, 144)
[10:31:45][INFO] Registered tree at (308, 146, 144)
[10:31:45][INFO] Registered tree at (236, 145, 68)
[10:31:45][INFO] Registered tree at (236, 145, 68)
[10:31:45][INFO] Registered tree at (252, 150, 64)
[10:31:45][INFO] Registered tree at (160, 145, 148)
[10:31:45][INFO] Registered tree at (160, 145, 148)
[10:31:45][INFO] Registered tree at (164, 145, 128)
[10:31:45][INFO] Registered tree at (160, 145, 148)
[10:31:45][INFO] Registered tree at (164, 145, 128)
[10:31:45][INFO] Registered tree at (168, 144, 156)
[10:31:45][INFO] Registered tree at (160, 145, 148)
[10:31:45][INFO] Registered tree at (164, 145, 128)
[10:31:45][INFO] Registered tree at (168, 144, 156)
[10:31:45][INFO] Registered tree at (172, 143, 132)
[10:31:45][INFO] Registered tree at (160, 145, 148)
[10:31:45][INFO] Registered tree at (164, 145, 128)
[10:31:45][INFO] Registered tree at (168, 144, 156)
[10:31:45][INFO] Registered tree at (172, 143, 132)
[10:31:45][INFO] Registered tree at (172, 145, 144)
[10:31:45][INFO] Registered tree at (160, 145, 148)
[10:31:45][INFO] Registered tree at (164, 145, 128)
[10:31:45][INFO] Registered tree at (168, 144, 156)
[10:31:45][INFO] Registered tree at (172, 143, 132)
[10:31:45][INFO] Registered tree at (172, 145, 144)
[10:31:45][INFO] Registered tree at (180, 144, 140)
[10:31:45][INFO] Registered tree at (160, 145, 148)
[10:31:45][INFO] Registered tree at (164, 145, 128)
[10:31:45][INFO] Registered tree at (168, 144, 156)
[10:31:45][INFO] Registered tree at (172, 143, 132)
[10:31:45][INFO] Registered tree at (172, 145, 144)
[10:31:45][INFO] Registered tree at (180, 144, 140)
[10:31:45][INFO] Registered tree at (188, 146, 140)
[10:31:45][INFO] Registered tree at (172, 146, 100)
[10:31:45][INFO] Registered tree at (172, 146, 100)
[10:31:45][INFO] Registered tree at (180, 140, 108)
[10:31:45][INFO] Registered tree at (172, 146, 100)
[10:31:45][INFO] Registered tree at (180, 140, 108)
[10:31:45][INFO] Registered tree at (180, 142, 124)
[10:31:45][INFO] Registered tree at (172, 146, 100)
[10:31:45][INFO] Registered tree at (180, 140, 108)
[10:31:45][INFO] Registered tree at (180, 142, 124)
[10:31:45][INFO] Registered tree at (184, 141, 96)
[10:31:45][INFO] Registered tree at (292, 140, 164)
[10:31:45][INFO] Registered tree at (292, 140, 164)
[10:31:45][INFO] Registered tree at (300, 141, 164)
[10:31:45][INFO] Registered tree at (292, 140, 164)
[10:31:45][INFO] Registered tree at (300, 141, 164)
[10:31:45][INFO] Registered tree at (308, 144, 164)
[10:31:45][INFO] Registered tree at (292, 140, 164)
[10:31:45][INFO] Registered tree at (300, 141, 164)
[10:31:45][INFO] Registered tree at (308, 144, 164)
[10:31:45][INFO] Registered tree at (308, 143, 168)
[10:31:45][INFO] Registered tree at (292, 140, 164)
[10:31:45][INFO] Registered tree at (300, 141, 164)
[10:31:45][INFO] Registered tree at (308, 144, 164)
[10:31:45][INFO] Registered tree at (308, 143, 168)
[10:31:45][INFO] Registered tree at (316, 144, 176)
[10:31:45][INFO] Registered tree at (180, 140, 188)
[10:31:45][INFO] Registered tree at (260, 153, 76)
[10:31:45][INFO] Registered tree at (260, 153, 76)
[10:31:45][INFO] Registered tree at (260, 154, 84)
[10:31:45][INFO] Registered tree at (260, 153, 76)
[10:31:45][INFO] Registered tree at (260, 154, 84)
[10:31:45][INFO] Registered tree at (268, 151, 64)
[10:31:45][INFO] Registered tree at (260, 153, 76)
[10:31:45][INFO] Registered tree at (260, 154, 84)
[10:31:45][INFO] Registered tree at (268, 151, 64)
[10:31:45][INFO] Registered tree at (276, 153, 76)
[10:31:45][INFO] Registered tree at (260, 153, 76)
[10:31:45][INFO] Registered tree at (260, 154, 84)
[10:31:45][INFO] Registered tree at (268, 151, 64)
[10:31:45][INFO] Registered tree at (276, 153, 76)
[10:31:45][INFO] Registered tree at (276, 153, 80)
[10:31:45][INFO] Registered tree at (260, 153, 76)
[10:31:45][INFO] Registered tree at (260, 154, 84)
[10:31:45][INFO] Registered tree at (268, 151, 64)
[10:31:45][INFO] Registered tree at (276, 153, 76)
[10:31:45][INFO] Registered tree at (276, 153, 80)
[10:31:45][INFO] Registered tree at (284, 152, 76)
[10:31:45][INFO] Registered tree at (268, 142, 216)
[10:31:45][INFO] Registered tree at (292, 141, 120)
[10:31:45][INFO] Registered tree at (292, 141, 120)
[10:31:45][INFO] Registered tree at (296, 140, 116)
[10:31:45][INFO] Registered tree at (292, 141, 120)
[10:31:45][INFO] Registered tree at (296, 140, 116)
[10:31:45][INFO] Registered tree at (316, 148, 96)
[10:31:45][INFO] Registered tree at (292, 151, 68)
[10:31:45][INFO] Registered tree at (292, 151, 68)
[10:31:45][INFO] Registered tree at (292, 150, 76)
[10:31:45][INFO] Registered tree at (292, 151, 68)
[10:31:45][INFO] Registered tree at (292, 150, 76)
[10:31:45][INFO] Registered tree at (292, 145, 88)
[10:31:45][INFO] Registered tree at (292, 151, 68)
[10:31:45][INFO] Registered tree at (292, 150, 76)
[10:31:45][INFO] Registered tree at (292, 145, 88)
[10:31:45][INFO] Registered tree at (300, 149, 76)
[10:31:45][INFO] Registered tree at (164, 139, 200)
[10:31:45][INFO] Registered tree at (164, 139, 200)
[10:31:45][INFO] Registered tree at (172, 137, 216)
[10:31:45][INFO] Registered tree at (292, 141, 208)
[10:31:45][INFO] Registered tree at (292, 141, 208)
[10:31:45][INFO] Registered tree at (296, 139, 220)
[10:31:45][INFO] Registered tree at (292, 141, 208)
[10:31:45][INFO] Registered tree at (296, 139, 220)
[10:31:45][INFO] Registered tree at (300, 144, 208)
[10:31:45][INFO] Registered tree at (292, 141, 208)
[10:31:45][INFO] Registered tree at (296, 139, 220)
[10:31:45][INFO] Registered tree at (300, 144, 208)
[10:31:45][INFO] Registered tree at (304, 142, 200)
[10:31:45][INFO] Registered tree at (292, 141, 208)
[10:31:45][INFO] Registered tree at (296, 139, 220)
[10:31:45][INFO] Registered tree at (300, 144, 208)
[10:31:45][INFO] Registered tree at (304, 142, 200)
[10:31:45][INFO] Registered tree at (308, 143, 220)
[10:31:45][INFO] Registered tree at (292, 141, 208)
[10:31:45][INFO] Registered tree at (296, 139, 220)
[10:31:45][INFO] Registered tree at (300, 144, 208)
[10:31:45][INFO] Registered tree at (304, 142, 200)
[10:31:45][INFO] Registered tree at (308, 143, 220)
[10:31:45][INFO] Registered tree at (316, 143, 212)
[10:31:45][INFO] Registered tree at (164, 142, 64)
[10:31:45][INFO] Registered tree at (164, 142, 64)
[10:31:45][INFO] Registered tree at (172, 137, 76)
[10:31:45][INFO] Registered tree at (164, 142, 64)
[10:31:45][INFO] Registered tree at (172, 137, 76)
[10:31:45][INFO] Registered tree at (180, 135, 76)
[10:31:45][INFO] Registered tree at (164, 142, 64)
[10:31:45][INFO] Registered tree at (172, 137, 76)
[10:31:45][INFO] Registered tree at (180, 135, 76)
[10:31:45][INFO] Registered tree at (188, 137, 68)
[10:31:50][INFO] Registered tree at (232, 144, 44)
[10:31:50][INFO] Registered tree at (232, 144, 44)
[10:31:50][INFO] Registered tree at (232, 145, 48)
[10:31:50][INFO] Registered tree at (232, 144, 44)
[10:31:50][INFO] Registered tree at (232, 145, 48)
[10:31:50][INFO] Registered tree at (236, 147, 56)
[10:31:50][INFO] Registered tree at (256, 155, 40)
[10:31:50][INFO] Registered tree at (256, 155, 40)
[10:31:50][INFO] Registered tree at (268, 154, 52)
[10:31:50][INFO] Registered tree at (256, 155, 40)
[10:31:50][INFO] Registered tree at (268, 154, 52)
[10:31:50][INFO] Registered tree at (284, 154, 32)
[10:31:50][INFO] Registered tree at (196, 141, 52)
[10:31:50][INFO] Registered tree at (196, 141, 52)
[10:31:50][INFO] Registered tree at (196, 142, 56)
[10:31:50][INFO] Registered tree at (196, 141, 52)
[10:31:50][INFO] Registered tree at (196, 142, 56)
[10:31:50][INFO] Registered tree at (208, 144, 36)
[10:31:50][INFO] Registered tree at (172, 145, 32)
[10:31:50][INFO] Registered tree at (292, 153, 40)
[10:31:50][INFO] Registered tree at (292, 153, 40)
[10:31:50][INFO] Registered tree at (296, 151, 48)
[10:31:50][INFO] Registered tree at (292, 153, 40)
[10:31:50][INFO] Registered tree at (296, 151, 48)
[10:31:50][INFO] Registered tree at (308, 150, 56)
[10:31:50][INFO] Registered tree at (232, 144, 44)
[10:31:50][INFO] Registered tree at (232, 144, 44)
[10:31:50][INFO] Registered tree at (232, 145, 48)
[10:31:50][INFO] Registered tree at (232, 144, 44)
[10:31:50][INFO] Registered tree at (232, 145, 48)
[10:31:50][INFO] Registered tree at (236, 147, 56)
[10:31:50][INFO] Registered tree at (196, 141, 52)
[10:31:50][INFO] Registered tree at (196, 141, 52)
[10:31:50][INFO] Registered tree at (196, 142, 56)
[10:31:50][INFO] Registered tree at (196, 141, 52)
[10:31:50][INFO] Registered tree at (196, 142, 56)
[10:31:50][INFO] Registered tree at (208, 144, 36)
[10:31:50][INFO] Registered tree at (256, 155, 40)
[10:31:50][INFO] Registered tree at (256, 155, 40)
[10:31:50][INFO] Registered tree at (268, 154, 52)
[10:31:50][INFO] Registered tree at (256, 155, 40)
[10:31:50][INFO] Registered tree at (268, 154, 52)
[10:31:50][INFO] Registered tree at (284, 154, 32)
[10:31:50][INFO] Registered tree at (292, 153, 40)
[10:31:50][INFO] Registered tree at (292, 153, 40)
[10:31:50][INFO] Registered tree at (296, 151, 48)
[10:31:50][INFO] Registered tree at (292, 153, 40)
[10:31:50][INFO] Registered tree at (296, 151, 48)
[10:31:50][INFO] Registered tree at (308, 150, 56)
[10:31:50][INFO] Registered tree at (172, 145, 32)
[10:31:51][INFO] Chopping tree at (244, 120)
[10:31:52][INFO] Chopping tree at (244, 120)
[10:31:53][INFO] Chopping tree at (244, 120)
[10:31:55][INFO] Chopping tree at (248, 116)
[10:31:56][INFO] Chopping tree at (248, 116)
[10:31:56][INFO] Chopping tree at (248, 116)
[10:32:07][INFO] Chopping tree at (248, 100)
[10:32:07][INFO] Chopping tree at (248, 100)
[10:32:08][INFO] Chopping tree at (248, 100)
[10:32:33][INFO] Registered tree at (320, 149, 120)
[10:32:33][INFO] Registered tree at (320, 149, 120)
[10:32:33][INFO] Registered tree at (332, 151, 116)
[10:32:33][INFO] Registered tree at (320, 149, 120)
[10:32:33][INFO] Registered tree at (332, 151, 116)
[10:32:33][INFO] Registered tree at (340, 151, 100)
[10:32:33][INFO] Registered tree at (336, 151, 132)
[10:32:33][INFO] Registered tree at (324, 149, 76)
[10:32:33][INFO] Registered tree at (324, 149, 76)
[10:32:33][INFO] Registered tree at (328, 148, 68)
[10:32:33][INFO] Registered tree at (324, 149, 76)
[10:32:33][INFO] Registered tree at (328, 148, 68)
[10:32:33][INFO] Registered tree at (336, 149, 72)
[10:32:33][INFO] Registered tree at (332, 145, 180)
[10:32:33][INFO] Registered tree at (332, 145, 180)
[10:32:33][INFO] Registered tree at (340, 147, 164)
[10:32:33][INFO] Registered tree at (332, 145, 180)
[10:32:33][INFO] Registered tree at (340, 147, 164)
[10:32:33][INFO] Registered tree at (340, 148, 168)
[10:32:33][INFO] Registered tree at (332, 145, 180)
[10:32:33][INFO] Registered tree at (340, 147, 164)
[10:32:33][INFO] Registered tree at (340, 148, 168)
[10:32:33][INFO] Registered tree at (348, 150, 180)
[10:32:33][INFO] Registered tree at (320, 151, 60)
[10:32:33][INFO] Registered tree at (320, 151, 60)
[10:32:33][INFO] Registered tree at (324, 151, 32)
[10:32:33][INFO] Registered tree at (320, 151, 60)
[10:32:33][INFO] Registered tree at (324, 151, 32)
[10:32:33][INFO] Registered tree at (324, 150, 44)
[10:32:33][INFO] Registered tree at (320, 151, 60)
[10:32:33][INFO] Registered tree at (324, 151, 32)
[10:32:33][INFO] Registered tree at (324, 150, 44)
[10:32:33][INFO] Registered tree at (332, 148, 44)
[10:32:33][INFO] Registered tree at (320, 151, 60)
[10:32:33][INFO] Registered tree at (324, 151, 32)
[10:32:33][INFO] Registered tree at (324, 150, 44)
[10:32:33][INFO] Registered tree at (332, 148, 44)
[10:32:33][INFO] Registered tree at (336, 151, 56)
[10:32:33][INFO] Registered tree at (320, 151, 60)
[10:32:33][INFO] Registered tree at (324, 151, 32)
[10:32:33][INFO] Registered tree at (324, 150, 44)
[10:32:33][INFO] Registered tree at (332, 148, 44)
[10:32:33][INFO] Registered tree at (336, 151, 56)
[10:32:33][INFO] Registered tree at (340, 148, 40)
[10:32:33][INFO] Registered tree at (320, 151, 60)
[10:32:33][INFO] Registered tree at (324, 151, 32)
[10:32:33][INFO] Registered tree at (324, 150, 44)
[10:32:33][INFO] Registered tree at (332, 148, 44)
[10:32:33][INFO] Registered tree at (336, 151, 56)
[10:32:33][INFO] Registered tree at (340, 148, 40)
[10:32:33][INFO] Registered tree at (340, 150, 52)
[10:32:33][INFO] Registered tree at (320, 149, 120)
[10:32:33][INFO] Registered tree at (320, 149, 120)
[10:32:33][INFO] Registered tree at (332, 151, 116)
[10:32:33][INFO] Registered tree at (320, 149, 120)
[10:32:33][INFO] Registered tree at (332, 151, 116)
[10:32:33][INFO] Registered tree at (340, 151, 100)
[10:32:33][INFO] Registered tree at (336, 151, 132)
[10:32:33][INFO] Registered tree at (324, 149, 76)
[10:32:33][INFO] Registered tree at (324, 149, 76)
[10:32:33][INFO] Registered tree at (328, 148, 68)
[10:32:33][INFO] Registered tree at (324, 149, 76)
[10:32:33][INFO] Registered tree at (328, 148, 68)
[10:32:33][INFO] Registered tree at (336, 149, 72)
[10:32:33][INFO] Registered tree at (320, 151, 60)
[10:32:33][INFO] Registered tree at (320, 151, 60)
[10:32:33][INFO] Registered tree at (324, 151, 32)
[10:32:33][INFO] Registered tree at (320, 151, 60)
[10:32:33][INFO] Registered tree at (324, 151, 32)
[10:32:33][INFO] Registered tree at (324, 150, 44)
[10:32:33][INFO] Registered tree at (320, 151, 60)
[10:32:33][INFO] Registered tree at (324, 151, 32)
[10:32:33][INFO] Registered tree at (324, 150, 44)
[10:32:33][INFO] Registered tree at (332, 148, 44)
[10:32:33][INFO] Registered tree at (320, 151, 60)
[10:32:33][INFO] Registered tree at (324, 151, 32)
[10:32:33][INFO] Registered tree at (324, 150, 44)
[10:32:33][INFO] Registered tree at (332, 148, 44)
[10:32:33][INFO] Registered tree at (336, 151, 56)
[10:32:33][INFO] Registered tree at (320, 151, 60)
[10:32:33][INFO] Registered tree at (324, 151, 32)
[10:32:33][INFO] Registered tree at (324, 150, 44)
[10:32:33][INFO] Registered tree at (332, 148, 44)
[10:32:33][INFO] Registered tree at (336, 151, 56)
[10:32:33][INFO] Registered tree at (340, 148, 40)
[10:32:33][INFO] Registered tree at (320, 151, 60)
[10:32:33][INFO] Registered tree at (324, 151, 32)
[10:32:33][INFO] Registered tree at (324, 150, 44)
[10:32:33][INFO] Registered tree at (332, 148, 44)
[10:32:33][INFO] Registered tree at (336, 151, 56)
[10:32:33][INFO] Registered tree at (340, 148, 40)
[10:32:33][INFO] Registered tree at (340, 150, 52)
[10:32:33][INFO] Registered tree at (332, 145, 180)
[10:32:33][INFO] Registered tree at (332, 145, 180)
[10:32:33][INFO] Registered tree at (340, 147, 164)
[10:32:33][INFO] Registered tree at (332, 145, 180)
[10:32:33][INFO] Registered tree at (340, 147, 164)
[10:32:33][INFO] Registered tree at (340, 148, 168)
[10:32:33][INFO] Registered tree at (332, 145, 180)
[10:32:33][INFO] Registered tree at (340, 147, 164)
[10:32:33][INFO] Registered tree at (340, 148, 168)
[10:32:33][INFO] Registered tree at (348, 150, 180)
[10:32:35][INFO] Chopping tree at (272, 124)
[10:32:36][INFO] Chopping tree at (272, 124)
[10:32:36][INFO] Chopping tree at (272, 124)
[10:32:40][INFO] Chopping tree at (276, 128)
[10:32:40][INFO] Chopping tree at (276, 128)
[10:32:40][INFO] Chopping tree at (276, 128)
[10:32:44][INFO] Chopping tree at (288, 128)
[10:32:44][INFO] Chopping tree at (288, 128)
[10:32:44][INFO] Chopping tree at (288, 128)
[10:32:44][INFO] Chopping tree at (288, 128)
[10:32:47][INFO] Registered tree at (368, 151, 108)
[10:32:47][INFO] Registered tree at (368, 151, 108)
[10:32:47][INFO] Registered tree at (372, 147, 120)
[10:32:47][INFO] Registered tree at (368, 151, 108)
[10:32:47][INFO] Registered tree at (372, 147, 120)
[10:32:47][INFO] Registered tree at (376, 146, 120)
[10:32:47][INFO] Registered tree at (368, 151, 108)
[10:32:47][INFO] Registered tree at (372, 147, 120)
[10:32:47][INFO] Registered tree at (376, 146, 120)
[10:32:47][INFO] Registered tree at (380, 145, 108)
[10:32:47][INFO] Registered tree at (356, 151, 136)
[10:32:47][INFO] Registered tree at (356, 151, 136)
[10:32:47][INFO] Registered tree at (360, 151, 140)
[10:32:47][INFO] Registered tree at (356, 151, 136)
[10:32:47][INFO] Registered tree at (360, 151, 140)
[10:32:47][INFO] Registered tree at (364, 150, 128)
[10:32:47][INFO] Registered tree at (352, 147, 64)
[10:32:47][INFO] Registered tree at (352, 147, 64)
[10:32:47][INFO] Registered tree at (352, 148, 84)
[10:32:47][INFO] Registered tree at (356, 152, 180)
[10:32:47][INFO] Registered tree at (356, 152, 180)
[10:32:47][INFO] Registered tree at (372, 153, 160)
[10:32:47][INFO] Registered tree at (368, 144, 40)
[10:32:47][INFO] Registered tree at (368, 144, 40)
[10:32:47][INFO] Registered tree at (372, 142, 52)
[10:32:47][INFO] Registered tree at (368, 151, 108)
[10:32:47][INFO] Registered tree at (368, 151, 108)
[10:32:47][INFO] Registered tree at (372, 147, 120)
[10:32:47][INFO] Registered tree at (368, 151, 108)
[10:32:47][INFO] Registered tree at (372, 147, 120)
[10:32:47][INFO] Registered tree at (376, 146, 120)
[10:32:47][INFO] Registered tree at (368, 151, 108)
[10:32:47][INFO] Registered tree at (372, 147, 120)
[10:32:47][INFO] Registered tree at (376, 146, 120)
[10:32:47][INFO] Registered tree at (380, 145, 108)
[10:32:47][INFO] Registered tree at (356, 151, 136)
[10:32:47][INFO] Registered tree at (356, 151, 136)
[10:32:47][INFO] Registered tree at (360, 151, 140)
[10:32:47][INFO] Registered tree at (356, 151, 136)
[10:32:47][INFO] Registered tree at (360, 151, 140)
[10:32:47][INFO] Registered tree at (364, 150, 128)
[10:32:47][INFO] Registered tree at (352, 147, 64)
[10:32:47][INFO] Registered tree at (352, 147, 64)
[10:32:47][INFO] Registered tree at (352, 148, 84)
[10:32:47][INFO] Registered tree at (368, 144, 40)
[10:32:47][INFO] Registered tree at (368, 144, 40)
[10:32:47][INFO] Registered tree at (372, 142, 52)
[10:32:47][INFO] Registered tree at (356, 152, 180)
[10:32:47][INFO] Registered tree at (356, 152, 180)
[10:32:47][INFO] Registered tree at (372, 153, 160)
[10:32:47][INFO] Chopping tree at (292, 120)
[10:32:47][INFO] Chopping tree at (292, 120)
[10:32:48][INFO] Chopping tree at (292, 120)
[10:32:48][INFO] Chopping tree at (292, 120)
[10:32:48][INFO] Chopping tree at (292, 120)
[10:32:50][INFO] Chopping tree at (296, 116)
[10:32:50][INFO] Chopping tree at (296, 116)
[10:32:50][INFO] Chopping tree at (296, 116)
[10:32:50][INFO] Chopping tree at (296, 116)
[10:32:51][INFO] Chopping tree at (296, 116)
[10:32:55][INFO] Registered tree at (288, 149, 4)
[10:32:55][INFO] Registered tree at (288, 149, 4)
[10:32:55][INFO] Registered tree at (288, 153, 28)
[10:32:55][INFO] Registered tree at (288, 149, 4)
[10:32:55][INFO] Registered tree at (288, 153, 28)
[10:32:55][INFO] Registered tree at (292, 149, 8)
[10:32:55][INFO] Registered tree at (288, 149, 4)
[10:32:55][INFO] Registered tree at (288, 153, 28)
[10:32:55][INFO] Registered tree at (292, 149, 8)
[10:32:55][INFO] Registered tree at (300, 150, 28)
[10:32:55][INFO] Registered tree at (288, 149, 4)
[10:32:55][INFO] Registered tree at (288, 153, 28)
[10:32:55][INFO] Registered tree at (292, 149, 8)
[10:32:55][INFO] Registered tree at (300, 150, 28)
[10:32:55][INFO] Registered tree at (304, 146, 16)
[10:32:55][INFO] Registered tree at (320, 147, 4)
[10:32:55][INFO] Registered tree at (320, 147, 4)
[10:32:55][INFO] Registered tree at (320, 149, 8)
[10:32:55][INFO] Registered tree at (320, 147, 4)
[10:32:55][INFO] Registered tree at (320, 149, 8)
[10:32:55][INFO] Registered tree at (332, 149, 4)
[10:32:55][INFO] Registered tree at (320, 147, 4)
[10:32:55][INFO] Registered tree at (320, 149, 8)
[10:32:55][INFO] Registered tree at (332, 149, 4)
[10:32:55][INFO] Registered tree at (332, 154, 28)
[10:32:55][INFO] Registered tree at (320, 147, 4)
[10:32:55][INFO] Registered tree at (320, 149, 8)
[10:32:55][INFO] Registered tree at (332, 149, 4)
[10:32:55][INFO] Registered tree at (332, 154, 28)
[10:32:55][INFO] Registered tree at (336, 150, 4)
[10:32:55][INFO] Registered tree at (320, 147, 4)
[10:32:55][INFO] Registered tree at (320, 149, 8)
[10:32:55][INFO] Registered tree at (332, 149, 4)
[10:32:55][INFO] Registered tree at (332, 154, 28)
[10:32:55][INFO] Registered tree at (336, 150, 4)
[10:32:55][INFO] Registered tree at (340, 151, 20)
[10:32:55][INFO] Registered tree at (320, 147, 4)
[10:32:55][INFO] Registered tree at (320, 149, 8)
[10:32:55][INFO] Registered tree at (332, 149, 4)
[10:32:55][INFO] Registered tree at (332, 154, 28)
[10:32:55][INFO] Registered tree at (336, 150, 4)
[10:32:55][INFO] Registered tree at (340, 151, 20)
[10:32:55][INFO] Registered tree at (340, 151, 24)
[10:32:55][INFO] Registered tree at (320, 147, 4)
[10:32:55][INFO] Registered tree at (320, 149, 8)
[10:32:55][INFO] Registered tree at (332, 149, 4)
[10:32:55][INFO] Registered tree at (332, 154, 28)
[10:32:55][INFO] Registered tree at (336, 150, 4)
[10:32:55][INFO] Registered tree at (340, 151, 20)
[10:32:55][INFO] Registered tree at (340, 151, 24)
[10:32:55][INFO] Registered tree at (344, 152, 4)
[10:32:55][INFO] Registered tree at (320, 147, 4)
[10:32:55][INFO] Registered tree at (320, 149, 8)
[10:32:55][INFO] Registered tree at (332, 149, 4)
[10:32:55][INFO] Registered tree at (332, 154, 28)
[10:32:55][INFO] Registered tree at (336, 150, 4)
[10:32:55][INFO] Registered tree at (340, 151, 20)
[10:32:55][INFO] Registered tree at (340, 151, 24)
[10:32:55][INFO] Registered tree at (344, 152, 4)
[10:32:55][INFO] Registered tree at (348, 151, 20)
[10:32:55][INFO] Registered tree at (260, 144, 4)
[10:32:55][INFO] Registered tree at (260, 144, 4)
[10:32:55][INFO] Registered tree at (260, 148, 20)
[10:32:55][INFO] Registered tree at (260, 144, 4)
[10:32:55][INFO] Registered tree at (260, 148, 20)
[10:32:55][INFO] Registered tree at (276, 151, 28)
[10:32:55][INFO] Registered tree at (260, 144, 4)
[10:32:55][INFO] Registered tree at (260, 148, 20)
[10:32:55][INFO] Registered tree at (276, 151, 28)
[10:32:55][INFO] Registered tree at (284, 148, 4)
[10:32:55][INFO] Registered tree at (260, 144, 4)
[10:32:55][INFO] Registered tree at (260, 148, 20)
[10:32:55][INFO] Registered tree at (276, 151, 28)
[10:32:55][INFO] Registered tree at (284, 148, 4)
[10:32:55][INFO] Registered tree at (284, 152, 16)
[10:32:55][INFO] Registered tree at (228, 151, 0)
[10:32:55][INFO] Registered tree at (228, 151, 0)
[10:32:55][INFO] Registered tree at (236, 152, 12)
[10:32:55][INFO] Registered tree at (360, 146, 4)
[10:32:55][INFO] Registered tree at (360, 146, 4)
[10:32:55][INFO] Registered tree at (372, 144, 12)
[10:32:55][INFO] Registered tree at (360, 146, 4)
[10:32:55][INFO] Registered tree at (372, 144, 12)
[10:32:55][INFO] Registered tree at (372, 144, 24)
[10:32:55][INFO] Registered tree at (288, 149, 4)
[10:32:55][INFO] Registered tree at (288, 149, 4)
[10:32:55][INFO] Registered tree at (288, 153, 28)
[10:32:55][INFO] Registered tree at (288, 149, 4)
[10:32:55][INFO] Registered tree at (288, 153, 28)
[10:32:55][INFO] Registered tree at (292, 149, 8)
[10:32:55][INFO] Registered tree at (288, 149, 4)
[10:32:55][INFO] Registered tree at (288, 153, 28)
[10:32:55][INFO] Registered tree at (292, 149, 8)
[10:32:55][INFO] Registered tree at (300, 150, 28)
[10:32:55][INFO] Registered tree at (288, 149, 4)
[10:32:55][INFO] Registered tree at (288, 153, 28)
[10:32:55][INFO] Registered tree at (292, 149, 8)
[10:32:55][INFO] Registered tree at (300, 150, 28)
[10:32:55][INFO] Registered tree at (304, 146, 16)
[10:32:55][INFO] Registered tree at (260, 144, 4)
[10:32:55][INFO] Registered tree at (260, 144, 4)
[10:32:55][INFO] Registered tree at (260, 148, 20)
[10:32:55][INFO] Registered tree at (260, 144, 4)
[10:32:55][INFO] Registered tree at (260, 148, 20)
[10:32:55][INFO] Registered tree at (276, 151, 28)
[10:32:55][INFO] Registered tree at (260, 144, 4)
[10:32:55][INFO] Registered tree at (260, 148, 20)
[10:32:55][INFO] Registered tree at (276, 151, 28)
[10:32:55][INFO] Registered tree at (284, 148, 4)
[10:32:55][INFO] Registered tree at (260, 144, 4)
[10:32:55][INFO] Registered tree at (260, 148, 20)
[10:32:55][INFO] Registered tree at (276, 151, 28)
[10:32:55][INFO] Registered tree at (284, 148, 4)
[10:32:55][INFO] Registered tree at (284, 152, 16)
[10:32:55][INFO] Registered tree at (320, 147, 4)
[10:32:55][INFO] Registered tree at (320, 147, 4)
[10:32:55][INFO] Registered tree at (320, 149, 8)
[10:32:55][INFO] Registered tree at (320, 147, 4)
[10:32:55][INFO] Registered tree at (320, 149, 8)
[10:32:55][INFO] Registered tree at (332, 149, 4)
[10:32:55][INFO] Registered tree at (320, 147, 4)
[10:32:55][INFO] Registered tree at (320, 149, 8)
[10:32:55][INFO] Registered tree at (332, 149, 4)
[10:32:55][INFO] Registered tree at (332, 154, 28)
[10:32:55][INFO] Registered tree at (320, 147, 4)
[10:32:55][INFO] Registered tree at (320, 149, 8)
[10:32:55][INFO] Registered tree at (332, 149, 4)
[10:32:55][INFO] Registered tree at (332, 154, 28)
[10:32:55][INFO] Registered tree at (336, 150, 4)
[10:32:55][INFO] Registered tree at (320, 147, 4)
[10:32:55][INFO] Registered tree at (320, 149, 8)
[10:32:55][INFO] Registered tree at (332, 149, 4)
[10:32:55][INFO] Registered tree at (332, 154, 28)
[10:32:55][INFO] Registered tree at (336, 150, 4)
[10:32:55][INFO] Registered tree at (340, 151, 20)
[10:32:55][INFO] Registered tree at (320, 147, 4)
[10:32:55][INFO] Registered tree at (320, 149, 8)
[10:32:55][INFO] Registered tree at (332, 149, 4)
[10:32:55][INFO] Registered tree at (332, 154, 28)
[10:32:55][INFO] Registered tree at (336, 150, 4)
[10:32:55][INFO] Registered tree at (340, 151, 20)
[10:32:55][INFO] Registered tree at (340, 151, 24)
[10:32:55][INFO] Registered tree at (320, 147, 4)
[10:32:55][INFO] Registered tree at (320, 149, 8)
[10:32:55][INFO] Registered tree at (332, 149, 4)
[10:32:55][INFO] Registered tree at (332, 154, 28)
[10:32:55][INFO] Registered tree at (336, 150, 4)
[10:32:55][INFO] Registered tree at (340, 151, 20)
[10:32:55][INFO] Registered tree at (340, 151, 24)
[10:32:55][INFO] Registered tree at (344, 152, 4)
[10:32:55][INFO] Registered tree at (320, 147, 4)
[10:32:55][INFO] Registered tree at (320, 149, 8)
[10:32:55][INFO] Registered tree at (332, 149, 4)
[10:32:55][INFO] Registered tree at (332, 154, 28)
[10:32:55][INFO] Registered tree at (336, 150, 4)
[10:32:55][INFO] Registered tree at (340, 151, 20)
[10:32:55][INFO] Registered tree at (340, 151, 24)
[10:32:55][INFO] Registered tree at (344, 152, 4)
[10:32:55][INFO] Registered tree at (348, 151, 20)
[10:32:55][INFO] Registered tree at (360, 146, 4)
[10:32:55][INFO] Registered tree at (360, 146, 4)
[10:32:55][INFO] Registered tree at (372, 144, 12)
[10:32:55][INFO] Registered tree at (360, 146, 4)
[10:32:55][INFO] Registered tree at (372, 144, 12)
[10:32:55][INFO] Registered tree at (372, 144, 24)
[10:32:55][INFO] Registered tree at (228, 151, 0)
[10:32:55][INFO] Registered tree at (228, 151, 0)
[10:32:55][INFO] Registered tree at (236, 152, 12)
[10:32:55][INFO] Chopping tree at (292, 88)
[10:32:56][INFO] Chopping tree at (292, 88)
[10:32:56][INFO] Chopping tree at (292, 88)
[10:32:56][INFO] Chopping tree at (292, 88)
[10:32:59][INFO] Registered tree at (196, 146, 20)
[10:32:59][INFO] Registered tree at (196, 146, 20)
[10:32:59][INFO] Registered tree at (200, 150, 4)
[10:32:59][INFO] Registered tree at (196, 146, 20)
[10:32:59][INFO] Registered tree at (196, 146, 20)
[10:32:59][INFO] Registered tree at (200, 150, 4)
[10:33:25][INFO] Registered tree at (260, 143, -4)
[10:33:25][INFO] Registered tree at (288, 142, -16)
[10:33:25][INFO] Registered tree at (288, 142, -16)
[10:33:25][INFO] Registered tree at (292, 147, -32)
[10:33:25][INFO] Registered tree at (288, 142, -16)
[10:33:25][INFO] Registered tree at (292, 147, -32)
[10:33:25][INFO] Registered tree at (300, 143, -12)
[10:33:25][INFO] Registered tree at (288, 142, -16)
[10:33:25][INFO] Registered tree at (292, 147, -32)
[10:33:25][INFO] Registered tree at (300, 143, -12)
[10:33:25][INFO] Registered tree at (304, 147, -4)
[10:33:25][INFO] Registered tree at (236, 140, -32)
[10:33:25][INFO] Registered tree at (236, 140, -32)
[10:33:25][INFO] Registered tree at (236, 149, -12)
[10:33:25][INFO] Registered tree at (196, 149, -28)
[10:33:25][INFO] Registered tree at (196, 149, -28)
[10:33:25][INFO] Registered tree at (200, 150, -12)
[10:33:25][INFO] Registered tree at (196, 149, -28)
[10:33:25][INFO] Registered tree at (200, 150, -12)
[10:33:25][INFO] Registered tree at (204, 147, -20)
[10:33:25][INFO] Registered tree at (196, 149, -28)
[10:33:25][INFO] Registered tree at (200, 150, -12)
[10:33:25][INFO] Registered tree at (204, 147, -20)
[10:33:25][INFO] Registered tree at (208, 151, -4)
[10:33:25][INFO] Registered tree at (260, 143, -4)
[10:33:25][INFO] Registered tree at (324, 143, -16)
[10:33:25][INFO] Registered tree at (324, 143, -16)
[10:33:25][INFO] Registered tree at (324, 144, -4)
[10:33:25][INFO] Registered tree at (324, 143, -16)
[10:33:25][INFO] Registered tree at (324, 144, -4)
[10:33:25][INFO] Registered tree at (332, 146, -28)
[10:33:25][INFO] Registered tree at (324, 143, -16)
[10:33:25][INFO] Registered tree at (324, 144, -4)
[10:33:25][INFO] Registered tree at (332, 146, -28)
[10:33:25][INFO] Registered tree at (332, 147, -20)
[10:33:25][INFO] Registered tree at (324, 143, -16)
[10:33:25][INFO] Registered tree at (324, 144, -4)
[10:33:25][INFO] Registered tree at (332, 146, -28)
[10:33:25][INFO] Registered tree at (332, 147, -20)
[10:33:25][INFO] Registered tree at (332, 147, -12)
[10:33:25][INFO] Registered tree at (324, 143, -16)
[10:33:25][INFO] Registered tree at (324, 144, -4)
[10:33:25][INFO] Registered tree at (332, 146, -28)
[10:33:25][INFO] Registered tree at (332, 147, -20)
[10:33:25][INFO] Registered tree at (332, 147, -12)
[10:33:25][INFO] Registered tree at (336, 148, -12)
[10:33:25][INFO] Registered tree at (260, 143, -4)
[10:33:25][INFO] Registered tree at (236, 140, -32)
[10:33:25][INFO] Registered tree at (236, 140, -32)
[10:33:25][INFO] Registered tree at (236, 149, -12)
[10:33:25][INFO] Registered tree at (236, 140, -32)
[10:33:25][INFO] Registered tree at (236, 140, -32)
[10:33:25][INFO] Registered tree at (236, 149, -12)
[10:33:25][INFO] Registered tree at (288, 142, -16)
[10:33:25][INFO] Registered tree at (288, 142, -16)
[10:33:25][INFO] Registered tree at (292, 147, -32)
[10:33:25][INFO] Registered tree at (288, 142, -16)
[10:33:25][INFO] Registered tree at (292, 147, -32)
[10:33:25][INFO] Registered tree at (300, 143, -12)
[10:33:25][INFO] Registered tree at (288, 142, -16)
[10:33:25][INFO] Registered tree at (292, 147, -32)
[10:33:25][INFO] Registered tree at (300, 143, -12)
[10:33:25][INFO] Registered tree at (304, 147, -4)
[10:33:25][INFO] Registered tree at (288, 142, -16)
[10:33:25][INFO] Registered tree at (288, 142, -16)
[10:33:25][INFO] Registered tree at (292, 147, -32)
[10:33:25][INFO] Registered tree at (288, 142, -16)
[10:33:25][INFO] Registered tree at (292, 147, -32)
[10:33:25][INFO] Registered tree at (300, 143, -12)
[10:33:25][INFO] Registered tree at (288, 142, -16)
[10:33:25][INFO] Registered tree at (292, 147, -32)
[10:33:25][INFO] Registered tree at (300, 143, -12)
[10:33:25][INFO] Registered tree at (304, 147, -4)
[10:33:25][INFO] Registered tree at (324, 143, -16)
[10:33:25][INFO] Registered tree at (324, 143, -16)
[10:33:25][INFO] Registered tree at (324, 144, -4)
[10:33:25][INFO] Registered tree at (324, 143, -16)
[10:33:25][INFO] Registered tree at (324, 144, -4)
[10:33:25][INFO] Registered tree at (332, 146, -28)
[10:33:25][INFO] Registered tree at (324, 143, -16)
[10:33:25][INFO] Registered tree at (324, 144, -4)
[10:33:25][INFO] Registered tree at (332, 146, -28)
[10:33:25][INFO] Registered tree at (332, 147, -20)
[10:33:25][INFO] Registered tree at (324, 143, -16)
[10:33:25][INFO] Registered tree at (324, 144, -4)
[10:33:25][INFO] Registered tree at (332, 146, -28)
[10:33:25][INFO] Registered tree at (332, 147, -20)
[10:33:25][INFO] Registered tree at (332, 147, -12)
[10:33:25][INFO] Registered tree at (324, 143, -16)
[10:33:25][INFO] Registered tree at (324, 144, -4)
[10:33:25][INFO] Registered tree at (332, 146, -28)
[10:33:25][INFO] Registered tree at (332, 147, -20)
[10:33:25][INFO] Registered tree at (332, 147, -12)
[10:33:25][INFO] Registered tree at (336, 148, -12)
[10:33:25][INFO] Registered tree at (196, 149, -28)
[10:33:25][INFO] Registered tree at (196, 149, -28)
[10:33:25][INFO] Registered tree at (200, 150, -12)
[10:33:25][INFO] Registered tree at (196, 149, -28)
[10:33:25][INFO] Registered tree at (200, 150, -12)
[10:33:25][INFO] Registered tree at (204, 147, -20)
[10:33:25][INFO] Registered tree at (196, 149, -28)
[10:33:25][INFO] Registered tree at (200, 150, -12)
[10:33:25][INFO] Registered tree at (204, 147, -20)
[10:33:25][INFO] Registered tree at (208, 151, -4)
[10:33:25][INFO] Registered tree at (196, 149, -28)
[10:33:25][INFO] Registered tree at (196, 149, -28)
[10:33:25][INFO] Registered tree at (200, 150, -12)
[10:33:25][INFO] Registered tree at (196, 149, -28)
[10:33:25][INFO] Registered tree at (200, 150, -12)
[10:33:25][INFO] Registered tree at (204, 147, -20)
[10:33:25][INFO] Registered tree at (196, 149, -28)
[10:33:25][INFO] Registered tree at (200, 150, -12)
[10:33:25][INFO] Registered tree at (204, 147, -20)
[10:33:25][INFO] Registered tree at (208, 151, -4)
[10:33:25][INFO] Registered tree at (324, 143, -16)
[10:33:25][INFO] Registered tree at (324, 143, -16)
[10:33:25][INFO] Registered tree at (324, 144, -4)
[10:33:25][INFO] Registered tree at (324, 143, -16)
[10:33:25][INFO] Registered tree at (324, 144, -4)
[10:33:25][INFO] Registered tree at (332, 146, -28)
[10:33:25][INFO] Registered tree at (324, 143, -16)
[10:33:25][INFO] Registered tree at (324, 144, -4)
[10:33:25][INFO] Registered tree at (332, 146, -28)
[10:33:25][INFO] Registered tree at (332, 147, -20)
[10:33:25][INFO] Registered tree at (324, 143, -16)
[10:33:25][INFO] Registered tree at (324, 144, -4)
[10:33:25][INFO] Registered tree at (332, 146, -28)
[10:33:25][INFO] Registered tree at (332, 147, -20)
[10:33:25][INFO] Registered tree at (332, 147, -12)
[10:33:25][INFO] Registered tree at (324, 143, -16)
[10:33:25][INFO] Registered tree at (324, 144, -4)
[10:33:25][INFO] Registered tree at (332, 146, -28)
[10:33:25][INFO] Registered tree at (332, 147, -20)
[10:33:25][INFO] Registered tree at (332, 147, -12)
[10:33:25][INFO] Registered tree at (336, 148, -12)
[10:33:25][INFO] Registered tree at (260, 143, -4)
[10:33:25][INFO] Registered tree at (260, 143, -4)
[10:33:25][INFO] Registered tree at (288, 142, -16)
[10:33:25][INFO] Registered tree at (288, 142, -16)
[10:33:25][INFO] Registered tree at (292, 147, -32)
[10:33:25][INFO] Registered tree at (288, 142, -16)
[10:33:25][INFO] Registered tree at (292, 147, -32)
[10:33:25][INFO] Registered tree at (300, 143, -12)
[10:33:25][INFO] Registered tree at (288, 142, -16)
[10:33:25][INFO] Registered tree at (292, 147, -32)
[10:33:25][INFO] Registered tree at (300, 143, -12)
[10:33:25][INFO] Registered tree at (304, 147, -4)
[10:33:25][INFO] Registered tree at (236, 140, -32)
[10:33:25][INFO] Registered tree at (236, 140, -32)
[10:33:25][INFO] Registered tree at (236, 149, -12)
[10:33:25][INFO] Registered tree at (236, 140, -32)
[10:33:25][INFO] Registered tree at (236, 140, -32)
[10:33:25][INFO] Registered tree at (236, 149, -12)
[10:33:25][INFO] Registered tree at (288, 142, -16)
[10:33:25][INFO] Registered tree at (288, 142, -16)
[10:33:25][INFO] Registered tree at (292, 147, -32)
[10:33:25][INFO] Registered tree at (288, 142, -16)
[10:33:25][INFO] Registered tree at (292, 147, -32)
[10:33:25][INFO] Registered tree at (300, 143, -12)
[10:33:25][INFO] Registered tree at (288, 142, -16)
[10:33:25][INFO] Registered tree at (292, 147, -32)
[10:33:25][INFO] Registered tree at (300, 143, -12)
[10:33:25][INFO] Registered tree at (304, 147, -4)
[10:33:25][INFO] Registered tree at (196, 149, -28)
[10:33:25][INFO] Registered tree at (196, 149, -28)
[10:33:25][INFO] Registered tree at (200, 150, -12)
[10:33:25][INFO] Registered tree at (196, 149, -28)
[10:33:25][INFO] Registered tree at (200, 150, -12)
[10:33:25][INFO] Registered tree at (204, 147, -20)
[10:33:25][INFO] Registered tree at (196, 149, -28)
[10:33:25][INFO] Registered tree at (200, 150, -12)
[10:33:25][INFO] Registered tree at (204, 147, -20)
[10:33:25][INFO] Registered tree at (208, 151, -4)
[10:33:25][INFO] Registered tree at (324, 143, -16)
[10:33:25][INFO] Registered tree at (324, 143, -16)
[10:33:25][INFO] Registered tree at (324, 144, -4)
[10:33:25][INFO] Registered tree at (324, 143, -16)
[10:33:25][INFO] Registered tree at (324, 144, -4)
[10:33:25][INFO] Registered tree at (332, 146, -28)
[10:33:25][INFO] Registered tree at (324, 143, -16)
[10:33:25][INFO] Registered tree at (324, 144, -4)
[10:33:25][INFO] Registered tree at (332, 146, -28)
[10:33:25][INFO] Registered tree at (332, 147, -20)
[10:33:25][INFO] Registered tree at (324, 143, -16)
[10:33:25][INFO] Registered tree at (324, 144, -4)
[10:33:25][INFO] Registered tree at (332, 146, -28)
[10:33:25][INFO] Registered tree at (332, 147, -20)
[10:33:25][INFO] Registered tree at (332, 147, -12)
[10:33:25][INFO] Registered tree at (324, 143, -16)
[10:33:25][INFO] Registered tree at (324, 144, -4)
[10:33:25][INFO] Registered tree at (332, 146, -28)
[10:33:25][INFO] Registered tree at (332, 147, -20)
[10:33:25][INFO] Registered tree at (332, 147, -12)
[10:33:25][INFO] Registered tree at (336, 148, -12)
[10:33:25][INFO] Registered tree at (196, 149, -28)
[10:33:25][INFO] Registered tree at (196, 149, -28)
[10:33:25][INFO] Registered tree at (200, 150, -12)
[10:33:25][INFO] Registered tree at (196, 149, -28)
[10:33:25][INFO] Registered tree at (200, 150, -12)
[10:33:25][INFO] Registered tree at (204, 147, -20)
[10:33:25][INFO] Registered tree at (196, 149, -28)
[10:33:25][INFO] Registered tree at (200, 150, -12)
[10:33:25][INFO] Registered tree at (204, 147, -20)
[10:33:25][INFO] Registered tree at (208, 151, -4)
[10:33:25][INFO] Registered tree at (324, 143, -16)
[10:33:25][INFO] Registered tree at (324, 143, -16)
[10:33:25][INFO] Registered tree at (324, 144, -4)
[10:33:25][INFO] Registered tree at (324, 143, -16)
[10:33:25][INFO] Registered tree at (324, 144, -4)
[10:33:25][INFO] Registered tree at (332, 146, -28)
[10:33:25][INFO] Registered tree at (324, 143, -16)
[10:33:25][INFO] Registered tree at (324, 144, -4)
[10:33:25][INFO] Registered tree at (332, 146, -28)
[10:33:25][INFO] Registered tree at (332, 147, -20)
[10:33:25][INFO] Registered tree at (324, 143, -16)
[10:33:25][INFO] Registered tree at (324, 144, -4)
[10:33:25][INFO] Registered tree at (332, 146, -28)
[10:33:25][INFO] Registered tree at (332, 147, -20)
[10:33:25][INFO] Registered tree at (332, 147, -12)
[10:33:25][INFO] Registered tree at (324, 143, -16)
[10:33:25][INFO] Registered tree at (324, 144, -4)
[10:33:25][INFO] Registered tree at (332, 146, -28)
[10:33:25][INFO] Registered tree at (332, 147, -20)
[10:33:25][INFO] Registered tree at (332, 147, -12)
[10:33:25][INFO] Registered tree at (336, 148, -12)
[10:33:25][INFO] Registered tree at (260, 143, -4)
[10:33:25][INFO] Registered tree at (260, 143, -4)
[10:33:25][INFO] Registered tree at (288, 142, -16)
[10:33:25][INFO] Registered tree at (288, 142, -16)
[10:33:25][INFO] Registered tree at (292, 147, -32)
[10:33:25][INFO] Registered tree at (288, 142, -16)
[10:33:25][INFO] Registered tree at (292, 147, -32)
[10:33:25][INFO] Registered tree at (300, 143, -12)
[10:33:25][INFO] Registered tree at (288, 142, -16)
[10:33:25][INFO] Registered tree at (292, 147, -32)
[10:33:25][INFO] Registered tree at (300, 143, -12)
[10:33:25][INFO] Registered tree at (304, 147, -4)
[10:33:25][INFO] Registered tree at (288, 142, -16)
[10:33:25][INFO] Registered tree at (288, 142, -16)
[10:33:25][INFO] Registered tree at (292, 147, -32)
[10:33:25][INFO] Registered tree at (288, 142, -16)
[10:33:25][INFO] Registered tree at (292, 147, -32)
[10:33:25][INFO] Registered tree at (300, 143, -12)
[10:33:25][INFO] Registered tree at (288, 142, -16)
[10:33:25][INFO] Registered tree at (292, 147, -32)
[10:33:25][INFO] Registered tree at (300, 143, -12)
[10:33:25][INFO] Registered tree at (304, 147, -4)
[10:33:25][INFO] Registered tree at (236, 140, -32)
[10:33:25][INFO] Registered tree at (236, 140, -32)
[10:33:25][INFO] Registered tree at (236, 149, -12)
[10:33:25][INFO] Registered tree at (236, 140, -32)
[10:33:25][INFO] Registered tree at (236, 140, -32)
[10:33:25][INFO] Registered tree at (236, 149, -12)
[10:33:25][INFO] Registered tree at (324, 143, -16)
[10:33:25][INFO] Registered tree at (324, 143, -16)
[10:33:25][INFO] Registered tree at (324, 144, -4)
[10:33:25][INFO] Registered tree at (324, 143, -16)
[10:33:25][INFO] Registered tree at (324, 144, -4)
[10:33:25][INFO] Registered tree at (332, 146, -28)
[10:33:25][INFO] Registered tree at (324, 143, -16)
[10:33:25][INFO] Registered tree at (324, 144, -4)
[10:33:25][INFO] Registered tree at (332, 146, -28)
[10:33:25][INFO] Registered tree at (332, 147, -20)
[10:33:25][INFO] Registered tree at (324, 143, -16)
[10:33:25][INFO] Registered tree at (324, 144, -4)
[10:33:25][INFO] Registered tree at (332, 146, -28)
[10:33:25][INFO] Registered tree at (332, 147, -20)
[10:33:25][INFO] Registered tree at (332, 147, -12)
[10:33:25][INFO] Registered tree at (324, 143, -16)
[10:33:25][INFO] Registered tree at (324, 144, -4)
[10:33:25][INFO] Registered tree at (332, 146, -28)
[10:33:25][INFO] Registered tree at (332, 147, -20)
[10:33:25][INFO] Registered tree at (332, 147, -12)
[10:33:25][INFO] Registered tree at (336, 148, -12)
[10:33:25][INFO] Registered tree at (196, 149, -28)
[10:33:25][INFO] Registered tree at (196, 149, -28)
[10:33:25][INFO] Registered tree at (200, 150, -12)
[10:33:25][INFO] Registered tree at (196, 149, -28)
[10:33:25][INFO] Registered tree at (200, 150, -12)
[10:33:25][INFO] Registered tree at (204, 147, -20)
[10:33:25][INFO] Registered tree at (196, 149, -28)
[10:33:25][INFO] Registered tree at (200, 150, -12)
[10:33:25][INFO] Registered tree at (204, 147, -20)
[10:33:25][INFO] Registered tree at (208, 151, -4)
[10:33:25][INFO] Registered tree at (324, 143, -16)
[10:33:25][INFO] Registered tree at (324, 143, -16)
[10:33:25][INFO] Registered tree at (324, 144, -4)
[10:33:25][INFO] Registered tree at (324, 143, -16)
[10:33:25][INFO] Registered tree at (324, 144, -4)
[10:33:25][INFO] Registered tree at (332, 146, -28)
[10:33:25][INFO] Registered tree at (324, 143, -16)
[10:33:25][INFO] Registered tree at (324, 144, -4)
[10:33:25][INFO] Registered tree at (332, 146, -28)
[10:33:25][INFO] Registered tree at (332, 147, -20)
[10:33:25][INFO] Registered tree at (324, 143, -16)
[10:33:25][INFO] Registered tree at (324, 144, -4)
[10:33:25][INFO] Registered tree at (332, 146, -28)
[10:33:25][INFO] Registered tree at (332, 147, -20)
[10:33:25][INFO] Registered tree at (332, 147, -12)
[10:33:25][INFO] Registered tree at (324, 143, -16)
[10:33:25][INFO] Registered tree at (324, 144, -4)
[10:33:25][INFO] Registered tree at (332, 146, -28)
[10:33:25][INFO] Registered tree at (332, 147, -20)
[10:33:25][INFO] Registered tree at (332, 147, -12)
[10:33:25][INFO] Registered tree at (336, 148, -12)
[10:33:25][INFO] Registered tree at (196, 149, -28)
[10:33:25][INFO] Registered tree at (196, 149, -28)
[10:33:25][INFO] Registered tree at (200, 150, -12)
[10:33:25][INFO] Registered tree at (196, 149, -28)
[10:33:25][INFO] Registered tree at (200, 150, -12)
[10:33:25][INFO] Registered tree at (204, 147, -20)
[10:33:25][INFO] Registered tree at (196, 149, -28)
[10:33:25][INFO] Registered tree at (200, 150, -12)
[10:33:25][INFO] Registered tree at (204, 147, -20)
[10:33:25][INFO] Registered tree at (208, 151, -4)
[10:33:25][INFO] Registered tree at (260, 143, -4)
[10:33:25][INFO] Registered tree at (260, 143, -4)
[10:33:25][INFO] Registered tree at (236, 140, -32)
[10:33:25][INFO] Registered tree at (236, 140, -32)
[10:33:25][INFO] Registered tree at (236, 149, -12)
[10:33:25][INFO] Registered tree at (236, 140, -32)
[10:33:25][INFO] Registered tree at (236, 140, -32)
[10:33:25][INFO] Registered tree at (236, 149, -12)
[10:33:25][INFO] Registered tree at (288, 142, -16)
[10:33:25][INFO] Registered tree at (288, 142, -16)
[10:33:25][INFO] Registered tree at (292, 147, -32)
[10:33:25][INFO] Registered tree at (288, 142, -16)
[10:33:25][INFO] Registered tree at (292, 147, -32)
[10:33:25][INFO] Registered tree at (300, 143, -12)
[10:33:25][INFO] Registered tree at (288, 142, -16)
[10:33:25][INFO] Registered tree at (292, 147, -32)
[10:33:25][INFO] Registered tree at (300, 143, -12)
[10:33:25][INFO] Registered tree at (304, 147, -4)
[10:33:25][INFO] Registered tree at (288, 142, -16)
[10:33:25][INFO] Registered tree at (288, 142, -16)
[10:33:25][INFO] Registered tree at (292, 147, -32)
[10:33:25][INFO] Registered tree at (288, 142, -16)
[10:33:25][INFO] Registered tree at (292, 147, -32)
[10:33:25][INFO] Registered tree at (300, 143, -12)
[10:33:25][INFO] Registered tree at (288, 142, -16)
[10:33:25][INFO] Registered tree at (292, 147, -32)
[10:33:25][INFO] Registered tree at (300, 143, -12)
[10:33:25][INFO] Registered tree at (304, 147, -4)
[10:33:25][INFO] Registered tree at (324, 143, -16)
[10:33:25][INFO] Registered tree at (324, 143, -16)
[10:33:25][INFO] Registered tree at (324, 144, -4)
[10:33:25][INFO] Registered tree at (324, 143, -16)
[10:33:25][INFO] Registered tree at (324, 144, -4)
[10:33:25][INFO] Registered tree at (332, 146, -28)
[10:33:25][INFO] Registered tree at (324, 143, -16)
[10:33:25][INFO] Registered tree at (324, 144, -4)
[10:33:25][INFO] Registered tree at (332, 146, -28)
[10:33:25][INFO] Registered tree at (332, 147, -20)
[10:33:25][INFO] Registered tree at (324, 143, -16)
[10:33:25][INFO] Registered tree at (324, 144, -4)
[10:33:25][INFO] Registered tree at (332, 146, -28)
[10:33:25][INFO] Registered tree at (332, 147, -20)
[10:33:25][INFO] Registered tree at (332, 147, -12)
[10:33:25][INFO] Registered tree at (324, 143, -16)
[10:33:25][INFO] Registered tree at (324, 144, -4)
[10:33:25][INFO] Registered tree at (332, 146, -28)
[10:33:25][INFO] Registered tree at (332, 147, -20)
[10:33:25][INFO] Registered tree at (332, 147, -12)
[10:33:25][INFO] Registered tree at (336, 148, -12)
[10:33:25][INFO] Registered tree at (196, 149, -28)
[10:33:25][INFO] Registered tree at (196, 149, -28)
[10:33:25][INFO] Registered tree at (200, 150, -12)
[10:33:25][INFO] Registered tree at (196, 149, -28)
[10:33:25][INFO] Registered tree at (200, 150, -12)
[10:33:25][INFO] Registered tree at (204, 147, -20)
[10:33:25][INFO] Registered tree at (196, 149, -28)
[10:33:25][INFO] Registered tree at (200, 150, -12)
[10:33:25][INFO] Registered tree at (204, 147, -20)
[10:33:25][INFO] Registered tree at (208, 151, -4)
[10:33:25][INFO] Registered tree at (324, 143, -16)
[10:33:25][INFO] Registered tree at (324, 143, -16)
[10:33:25][INFO] Registered tree at (324, 144, -4)
[10:33:25][INFO] Registered tree at (324, 143, -16)
[10:33:25][INFO] Registered tree at (324, 144, -4)
[10:33:25][INFO] Registered tree at (332, 146, -28)
[10:33:25][INFO] Registered tree at (324, 143, -16)
[10:33:25][INFO] Registered tree at (324, 144, -4)
[10:33:25][INFO] Registered tree at (332, 146, -28)
[10:33:25][INFO] Registered tree at (332, 147, -20)
[10:33:25][INFO] Registered tree at (324, 143, -16)
[10:33:25][INFO] Registered tree at (324, 144, -4)
[10:33:25][INFO] Registered tree at (332, 146, -28)
[10:33:25][INFO] Registered tree at (332, 147, -20)
[10:33:25][INFO] Registered tree at (332, 147, -12)
[10:33:25][INFO] Registered tree at (324, 143, -16)
[10:33:25][INFO] Registered tree at (324, 144, -4)
[10:33:25][INFO] Registered tree at (332, 146, -28)
[10:33:25][INFO] Registered tree at (332, 147, -20)
[10:33:25][INFO] Registered tree at (332, 147, -12)
[10:33:25][INFO] Registered tree at (336, 148, -12)
[10:33:25][INFO] Registered tree at (196, 149, -28)
[10:33:25][INFO] Registered tree at (196, 149, -28)
[10:33:25][INFO] Registered tree at (200, 150, -12)
[10:33:25][INFO] Registered tree at (196, 149, -28)
[10:33:25][INFO] Registered tree at (200, 150, -12)
[10:33:25][INFO] Registered tree at (204, 147, -20)
[10:33:25][INFO] Registered tree at (196, 149, -28)
[10:33:25][INFO] Registered tree at (200, 150, -12)
[10:33:25][INFO] Registered tree at (204, 147, -20)
[10:33:25][INFO] Registered tree at (208, 151, -4)
[10:33:30][INFO] Registered tree at (260, 143, -60)
[10:33:30][INFO] Registered tree at (260, 143, -60)
[10:33:30][INFO] Registered tree at (260, 139, -48)
[10:33:30][INFO] Registered tree at (260, 143, -60)
[10:33:30][INFO] Registered tree at (260, 139, -48)
[10:33:30][INFO] Registered tree at (276, 136, -60)
[10:33:30][INFO] Registered tree at (260, 143, -60)
[10:33:30][INFO] Registered tree at (260, 139, -48)
[10:33:30][INFO] Registered tree at (276, 136, -60)
[10:33:30][INFO] Registered tree at (276, 141, -36)
[10:33:30][INFO] Registered tree at (292, 142, -64)
[10:33:30][INFO] Registered tree at (292, 142, -64)
[10:33:30][INFO] Registered tree at (292, 143, -48)
[10:33:30][INFO] Registered tree at (228, 145, -64)
[10:33:30][INFO] Registered tree at (228, 145, -64)
[10:33:30][INFO] Registered tree at (236, 139, -36)
[10:33:30][INFO] Registered tree at (228, 145, -64)
[10:33:30][INFO] Registered tree at (236, 139, -36)
[10:33:30][INFO] Registered tree at (240, 145, -60)
[10:33:30][INFO] Registered tree at (228, 145, -64)
[10:33:30][INFO] Registered tree at (236, 139, -36)
[10:33:30][INFO] Registered tree at (240, 145, -60)
[10:33:30][INFO] Registered tree at (244, 141, -44)
[10:33:30][INFO] Registered tree at (228, 145, -64)
[10:33:30][INFO] Registered tree at (236, 139, -36)
[10:33:30][INFO] Registered tree at (240, 145, -60)
[10:33:30][INFO] Registered tree at (244, 141, -44)
[10:33:30][INFO] Registered tree at (248, 143, -52)
[10:33:30][INFO] Registered tree at (228, 145, -64)
[10:33:30][INFO] Registered tree at (236, 139, -36)
[10:33:30][INFO] Registered tree at (240, 145, -60)
[10:33:30][INFO] Registered tree at (244, 141, -44)
[10:33:30][INFO] Registered tree at (248, 143, -52)
[10:33:30][INFO] Registered tree at (252, 138, -44)
[10:33:30][INFO] Registered tree at (196, 151, -44)
[10:33:30][INFO] Registered tree at (196, 151, -44)
[10:33:30][INFO] Registered tree at (200, 150, -36)
[10:33:30][INFO] Registered tree at (196, 151, -44)
[10:33:30][INFO] Registered tree at (200, 150, -36)
[10:33:30][INFO] Registered tree at (204, 145, -56)
[10:33:30][INFO] Registered tree at (196, 151, -44)
[10:33:30][INFO] Registered tree at (200, 150, -36)
[10:33:30][INFO] Registered tree at (204, 145, -56)
[10:33:30][INFO] Registered tree at (212, 144, -48)
[10:33:30][INFO] Registered tree at (196, 151, -44)
[10:33:30][INFO] Registered tree at (200, 150, -36)
[10:33:30][INFO] Registered tree at (204, 145, -56)
[10:33:30][INFO] Registered tree at (212, 144, -48)
[10:33:30][INFO] Registered tree at (216, 143, -36)
[10:33:30][INFO] Registered tree at (260, 143, -60)
[10:33:30][INFO] Registered tree at (260, 143, -60)
[10:33:30][INFO] Registered tree at (260, 139, -48)
[10:33:30][INFO] Registered tree at (260, 143, -60)
[10:33:30][INFO] Registered tree at (260, 139, -48)
[10:33:30][INFO] Registered tree at (276, 136, -60)
[10:33:30][INFO] Registered tree at (260, 143, -60)
[10:33:30][INFO] Registered tree at (260, 139, -48)
[10:33:30][INFO] Registered tree at (276, 136, -60)
[10:33:30][INFO] Registered tree at (276, 141, -36)
[10:33:30][INFO] Registered tree at (320, 150, -64)
[10:33:30][INFO] Registered tree at (320, 150, -64)
[10:33:30][INFO] Registered tree at (332, 147, -48)
[10:33:30][INFO] Registered tree at (320, 150, -64)
[10:33:30][INFO] Registered tree at (332, 147, -48)
[10:33:30][INFO] Registered tree at (336, 147, -52)
[10:33:30][INFO] Registered tree at (320, 150, -64)
[10:33:30][INFO] Registered tree at (332, 147, -48)
[10:33:30][INFO] Registered tree at (336, 147, -52)
[10:33:30][INFO] Registered tree at (340, 146, -36)
[10:33:30][INFO] Registered tree at (320, 150, -64)
[10:33:30][INFO] Registered tree at (332, 147, -48)
[10:33:30][INFO] Registered tree at (336, 147, -52)
[10:33:30][INFO] Registered tree at (340, 146, -36)
[10:33:30][INFO] Registered tree at (344, 149, -60)
[10:33:30][INFO] Registered tree at (260, 143, -60)
[10:33:30][INFO] Registered tree at (260, 143, -60)
[10:33:30][INFO] Registered tree at (260, 139, -48)
[10:33:30][INFO] Registered tree at (260, 143, -60)
[10:33:30][INFO] Registered tree at (260, 139, -48)
[10:33:30][INFO] Registered tree at (276, 136, -60)
[10:33:30][INFO] Registered tree at (260, 143, -60)
[10:33:30][INFO] Registered tree at (260, 139, -48)
[10:33:30][INFO] Registered tree at (276, 136, -60)
[10:33:30][INFO] Registered tree at (276, 141, -36)
[10:33:30][INFO] Registered tree at (228, 145, -64)
[10:33:30][INFO] Registered tree at (228, 145, -64)
[10:33:30][INFO] Registered tree at (236, 139, -36)
[10:33:30][INFO] Registered tree at (228, 145, -64)
[10:33:30][INFO] Registered tree at (236, 139, -36)
[10:33:30][INFO] Registered tree at (240, 145, -60)
[10:33:30][INFO] Registered tree at (228, 145, -64)
[10:33:30][INFO] Registered tree at (236, 139, -36)
[10:33:30][INFO] Registered tree at (240, 145, -60)
[10:33:30][INFO] Registered tree at (244, 141, -44)
[10:33:30][INFO] Registered tree at (228, 145, -64)
[10:33:30][INFO] Registered tree at (236, 139, -36)
[10:33:30][INFO] Registered tree at (240, 145, -60)
[10:33:30][INFO] Registered tree at (244, 141, -44)
[10:33:30][INFO] Registered tree at (248, 143, -52)
[10:33:30][INFO] Registered tree at (228, 145, -64)
[10:33:30][INFO] Registered tree at (236, 139, -36)
[10:33:30][INFO] Registered tree at (240, 145, -60)
[10:33:30][INFO] Registered tree at (244, 141, -44)
[10:33:30][INFO] Registered tree at (248, 143, -52)
[10:33:30][INFO] Registered tree at (252, 138, -44)
[10:33:30][INFO] Registered tree at (228, 145, -64)
[10:33:30][INFO] Registered tree at (228, 145, -64)
[10:33:30][INFO] Registered tree at (236, 139, -36)
[10:33:30][INFO] Registered tree at (228, 145, -64)
[10:33:30][INFO] Registered tree at (236, 139, -36)
[10:33:30][INFO] Registered tree at (240, 145, -60)
[10:33:30][INFO] Registered tree at (228, 145, -64)
[10:33:30][INFO] Registered tree at (236, 139, -36)
[10:33:30][INFO] Registered tree at (240, 145, -60)
[10:33:30][INFO] Registered tree at (244, 141, -44)
[10:33:30][INFO] Registered tree at (228, 145, -64)
[10:33:30][INFO] Registered tree at (236, 139, -36)
[10:33:30][INFO] Registered tree at (240, 145, -60)
[10:33:30][INFO] Registered tree at (244, 141, -44)
[10:33:30][INFO] Registered tree at (248, 143, -52)
[10:33:30][INFO] Registered tree at (228, 145, -64)
[10:33:30][INFO] Registered tree at (236, 139, -36)
[10:33:30][INFO] Registered tree at (240, 145, -60)
[10:33:30][INFO] Registered tree at (244, 141, -44)
[10:33:30][INFO] Registered tree at (248, 143, -52)
[10:33:30][INFO] Registered tree at (252, 138, -44)
[10:33:30][INFO] Registered tree at (292, 142, -64)
[10:33:30][INFO] Registered tree at (292, 142, -64)
[10:33:30][INFO] Registered tree at (292, 143, -48)
[10:33:30][INFO] Registered tree at (292, 142, -64)
[10:33:30][INFO] Registered tree at (292, 142, -64)
[10:33:30][INFO] Registered tree at (292, 143, -48)
[10:33:30][INFO] Registered tree at (320, 150, -64)
[10:33:30][INFO] Registered tree at (320, 150, -64)
[10:33:30][INFO] Registered tree at (332, 147, -48)
[10:33:30][INFO] Registered tree at (320, 150, -64)
[10:33:30][INFO] Registered tree at (332, 147, -48)
[10:33:30][INFO] Registered tree at (336, 147, -52)
[10:33:30][INFO] Registered tree at (320, 150, -64)
[10:33:30][INFO] Registered tree at (332, 147, -48)
[10:33:30][INFO] Registered tree at (336, 147, -52)
[10:33:30][INFO] Registered tree at (340, 146, -36)
[10:33:30][INFO] Registered tree at (320, 150, -64)
[10:33:30][INFO] Registered tree at (332, 147, -48)
[10:33:30][INFO] Registered tree at (336, 147, -52)
[10:33:30][INFO] Registered tree at (340, 146, -36)
[10:33:30][INFO] Registered tree at (344, 149, -60)
[10:33:30][INFO] Registered tree at (196, 151, -44)
[10:33:30][INFO] Registered tree at (196, 151, -44)
[10:33:30][INFO] Registered tree at (200, 150, -36)
[10:33:30][INFO] Registered tree at (196, 151, -44)
[10:33:30][INFO] Registered tree at (200, 150, -36)
[10:33:30][INFO] Registered tree at (204, 145, -56)
[10:33:30][INFO] Registered tree at (196, 151, -44)
[10:33:30][INFO] Registered tree at (200, 150, -36)
[10:33:30][INFO] Registered tree at (204, 145, -56)
[10:33:30][INFO] Registered tree at (212, 144, -48)
[10:33:30][INFO] Registered tree at (196, 151, -44)
[10:33:30][INFO] Registered tree at (200, 150, -36)
[10:33:30][INFO] Registered tree at (204, 145, -56)
[10:33:30][INFO] Registered tree at (212, 144, -48)
[10:33:30][INFO] Registered tree at (216, 143, -36)
[10:33:30][INFO] Registered tree at (196, 151, -44)
[10:33:30][INFO] Registered tree at (196, 151, -44)
[10:33:30][INFO] Registered tree at (200, 150, -36)
[10:33:30][INFO] Registered tree at (196, 151, -44)
[10:33:30][INFO] Registered tree at (200, 150, -36)
[10:33:30][INFO] Registered tree at (204, 145, -56)
[10:33:30][INFO] Registered tree at (196, 151, -44)
[10:33:30][INFO] Registered tree at (200, 150, -36)
[10:33:30][INFO] Registered tree at (204, 145, -56)
[10:33:30][INFO] Registered tree at (212, 144, -48)
[10:33:30][INFO] Registered tree at (196, 151, -44)
[10:33:30][INFO] Registered tree at (200, 150, -36)
[10:33:30][INFO] Registered tree at (204, 145, -56)
[10:33:30][INFO] Registered tree at (212, 144, -48)
[10:33:30][INFO] Registered tree at (216, 143, -36)
[10:33:30][INFO] Registered tree at (320, 150, -64)
[10:33:30][INFO] Registered tree at (320, 150, -64)
[10:33:30][INFO] Registered tree at (332, 147, -48)
[10:33:30][INFO] Registered tree at (320, 150, -64)
[10:33:30][INFO] Registered tree at (332, 147, -48)
[10:33:30][INFO] Registered tree at (336, 147, -52)
[10:33:30][INFO] Registered tree at (320, 150, -64)
[10:33:30][INFO] Registered tree at (332, 147, -48)
[10:33:30][INFO] Registered tree at (336, 147, -52)
[10:33:30][INFO] Registered tree at (340, 146, -36)
[10:33:30][INFO] Registered tree at (320, 150, -64)
[10:33:30][INFO] Registered tree at (332, 147, -48)
[10:33:30][INFO] Registered tree at (336, 147, -52)
[10:33:30][INFO] Registered tree at (340, 146, -36)
[10:33:30][INFO] Registered tree at (344, 149, -60)
[10:33:30][INFO] Registered tree at (260, 143, -60)
[10:33:30][INFO] Registered tree at (260, 143, -60)
[10:33:30][INFO] Registered tree at (260, 139, -48)
[10:33:30][INFO] Registered tree at (260, 143, -60)
[10:33:30][INFO] Registered tree at (260, 139, -48)
[10:33:30][INFO] Registered tree at (276, 136, -60)
[10:33:30][INFO] Registered tree at (260, 143, -60)
[10:33:30][INFO] Registered tree at (260, 139, -48)
[10:33:30][INFO] Registered tree at (276, 136, -60)
[10:33:30][INFO] Registered tree at (276, 141, -36)
[10:33:30][INFO] Registered tree at (260, 143, -60)
[10:33:30][INFO] Registered tree at (260, 143, -60)
[10:33:30][INFO] Registered tree at (260, 139, -48)
[10:33:30][INFO] Registered tree at (260, 143, -60)
[10:33:30][INFO] Registered tree at (260, 139, -48)
[10:33:30][INFO] Registered tree at (276, 136, -60)
[10:33:30][INFO] Registered tree at (260, 143, -60)
[10:33:30][INFO] Registered tree at (260, 139, -48)
[10:33:30][INFO] Registered tree at (276, 136, -60)
[10:33:30][INFO] Registered tree at (276, 141, -36)
[10:33:30][INFO] Registered tree at (292, 142, -64)
[10:33:30][INFO] Registered tree at (292, 142, -64)
[10:33:30][INFO] Registered tree at (292, 143, -48)
[10:33:30][INFO] Registered tree at (228, 145, -64)
[10:33:30][INFO] Registered tree at (228, 145, -64)
[10:33:30][INFO] Registered tree at (236, 139, -36)
[10:33:30][INFO] Registered tree at (228, 145, -64)
[10:33:30][INFO] Registered tree at (236, 139, -36)
[10:33:30][INFO] Registered tree at (240, 145, -60)
[10:33:30][INFO] Registered tree at (228, 145, -64)
[10:33:30][INFO] Registered tree at (236, 139, -36)
[10:33:30][INFO] Registered tree at (240, 145, -60)
[10:33:30][INFO] Registered tree at (244, 141, -44)
[10:33:30][INFO] Registered tree at (228, 145, -64)
[10:33:30][INFO] Registered tree at (236, 139, -36)
[10:33:30][INFO] Registered tree at (240, 145, -60)
[10:33:30][INFO] Registered tree at (244, 141, -44)
[10:33:30][INFO] Registered tree at (248, 143, -52)
[10:33:30][INFO] Registered tree at (228, 145, -64)
[10:33:30][INFO] Registered tree at (236, 139, -36)
[10:33:30][INFO] Registered tree at (240, 145, -60)
[10:33:30][INFO] Registered tree at (244, 141, -44)
[10:33:30][INFO] Registered tree at (248, 143, -52)
[10:33:30][INFO] Registered tree at (252, 138, -44)
[10:33:30][INFO] Registered tree at (228, 145, -64)
[10:33:30][INFO] Registered tree at (228, 145, -64)
[10:33:30][INFO] Registered tree at (236, 139, -36)
[10:33:30][INFO] Registered tree at (228, 145, -64)
[10:33:30][INFO] Registered tree at (236, 139, -36)
[10:33:30][INFO] Registered tree at (240, 145, -60)
[10:33:30][INFO] Registered tree at (228, 145, -64)
[10:33:30][INFO] Registered tree at (236, 139, -36)
[10:33:30][INFO] Registered tree at (240, 145, -60)
[10:33:30][INFO] Registered tree at (244, 141, -44)
[10:33:30][INFO] Registered tree at (228, 145, -64)
[10:33:30][INFO] Registered tree at (236, 139, -36)
[10:33:30][INFO] Registered tree at (240, 145, -60)
[10:33:30][INFO] Registered tree at (244, 141, -44)
[10:33:30][INFO] Registered tree at (248, 143, -52)
[10:33:30][INFO] Registered tree at (228, 145, -64)
[10:33:30][INFO] Registered tree at (236, 139, -36)
[10:33:30][INFO] Registered tree at (240, 145, -60)
[10:33:30][INFO] Registered tree at (244, 141, -44)
[10:33:30][INFO] Registered tree at (248, 143, -52)
[10:33:30][INFO] Registered tree at (252, 138, -44)
[10:33:30][INFO] Registered tree at (292, 142, -64)
[10:33:30][INFO] Registered tree at (292, 142, -64)
[10:33:30][INFO] Registered tree at (292, 143, -48)
[10:33:30][INFO] Registered tree at (196, 151, -44)
[10:33:30][INFO] Registered tree at (196, 151, -44)
[10:33:30][INFO] Registered tree at (200, 150, -36)
[10:33:30][INFO] Registered tree at (196, 151, -44)
[10:33:30][INFO] Registered tree at (200, 150, -36)
[10:33:30][INFO] Registered tree at (204, 145, -56)
[10:33:30][INFO] Registered tree at (196, 151, -44)
[10:33:30][INFO] Registered tree at (200, 150, -36)
[10:33:30][INFO] Registered tree at (204, 145, -56)
[10:33:30][INFO] Registered tree at (212, 144, -48)
[10:33:30][INFO] Registered tree at (196, 151, -44)
[10:33:30][INFO] Registered tree at (200, 150, -36)
[10:33:30][INFO] Registered tree at (204, 145, -56)
[10:33:30][INFO] Registered tree at (212, 144, -48)
[10:33:30][INFO] Registered tree at (216, 143, -36)
[10:33:30][INFO] Registered tree at (320, 150, -64)
[10:33:30][INFO] Registered tree at (320, 150, -64)
[10:33:30][INFO] Registered tree at (332, 147, -48)
[10:33:30][INFO] Registered tree at (320, 150, -64)
[10:33:30][INFO] Registered tree at (332, 147, -48)
[10:33:30][INFO] Registered tree at (336, 147, -52)
[10:33:30][INFO] Registered tree at (320, 150, -64)
[10:33:30][INFO] Registered tree at (332, 147, -48)
[10:33:30][INFO] Registered tree at (336, 147, -52)
[10:33:30][INFO] Registered tree at (340, 146, -36)
[10:33:30][INFO] Registered tree at (320, 150, -64)
[10:33:30][INFO] Registered tree at (332, 147, -48)
[10:33:30][INFO] Registered tree at (336, 147, -52)
[10:33:30][INFO] Registered tree at (340, 146, -36)
[10:33:30][INFO] Registered tree at (344, 149, -60)
[10:33:30][INFO] Registered tree at (196, 151, -44)
[10:33:30][INFO] Registered tree at (196, 151, -44)
[10:33:30][INFO] Registered tree at (200, 150, -36)
[10:33:30][INFO] Registered tree at (196, 151, -44)
[10:33:30][INFO] Registered tree at (200, 150, -36)
[10:33:30][INFO] Registered tree at (204, 145, -56)
[10:33:30][INFO] Registered tree at (196, 151, -44)
[10:33:30][INFO] Registered tree at (200, 150, -36)
[10:33:30][INFO] Registered tree at (204, 145, -56)
[10:33:30][INFO] Registered tree at (212, 144, -48)
[10:33:30][INFO] Registered tree at (196, 151, -44)
[10:33:30][INFO] Registered tree at (200, 150, -36)
[10:33:30][INFO] Registered tree at (204, 145, -56)
[10:33:30][INFO] Registered tree at (212, 144, -48)
[10:33:30][INFO] Registered tree at (216, 143, -36)
[10:33:30][INFO] Registered tree at (320, 150, -64)
[10:33:30][INFO] Registered tree at (320, 150, -64)
[10:33:30][INFO] Registered tree at (332, 147, -48)
[10:33:30][INFO] Registered tree at (320, 150, -64)
[10:33:30][INFO] Registered tree at (332, 147, -48)
[10:33:30][INFO] Registered tree at (336, 147, -52)
[10:33:30][INFO] Registered tree at (320, 150, -64)
[10:33:30][INFO] Registered tree at (332, 147, -48)
[10:33:30][INFO] Registered tree at (336, 147, -52)
[10:33:30][INFO] Registered tree at (340, 146, -36)
[10:33:30][INFO] Registered tree at (320, 150, -64)
[10:33:30][INFO] Registered tree at (332, 147, -48)
[10:33:30][INFO] Registered tree at (336, 147, -52)
[10:33:30][INFO] Registered tree at (340, 146, -36)
[10:33:30][INFO] Registered tree at (344, 149, -60)
[10:33:30][INFO] Registered tree at (260, 143, -60)
[10:33:30][INFO] Registered tree at (260, 143, -60)
[10:33:30][INFO] Registered tree at (260, 139, -48)
[10:33:30][INFO] Registered tree at (260, 143, -60)
[10:33:30][INFO] Registered tree at (260, 139, -48)
[10:33:30][INFO] Registered tree at (276, 136, -60)
[10:33:30][INFO] Registered tree at (260, 143, -60)
[10:33:30][INFO] Registered tree at (260, 139, -48)
[10:33:30][INFO] Registered tree at (276, 136, -60)
[10:33:30][INFO] Registered tree at (276, 141, -36)
[10:33:30][INFO] Registered tree at (260, 143, -60)
[10:33:30][INFO] Registered tree at (260, 143, -60)
[10:33:30][INFO] Registered tree at (260, 139, -48)
[10:33:30][INFO] Registered tree at (260, 143, -60)
[10:33:30][INFO] Registered tree at (260, 139, -48)
[10:33:30][INFO] Registered tree at (276, 136, -60)
[10:33:30][INFO] Registered tree at (260, 143, -60)
[10:33:30][INFO] Registered tree at (260, 139, -48)
[10:33:30][INFO] Registered tree at (276, 136, -60)
[10:33:30][INFO] Registered tree at (276, 141, -36)
[10:33:30][INFO] Registered tree at (292, 142, -64)
[10:33:30][INFO] Registered tree at (292, 142, -64)
[10:33:30][INFO] Registered tree at (292, 143, -48)
[10:33:30][INFO] Registered tree at (292, 142, -64)
[10:33:30][INFO] Registered tree at (292, 142, -64)
[10:33:30][INFO] Registered tree at (292, 143, -48)
[10:33:30][INFO] Registered tree at (228, 145, -64)
[10:33:30][INFO] Registered tree at (228, 145, -64)
[10:33:30][INFO] Registered tree at (236, 139, -36)
[10:33:30][INFO] Registered tree at (228, 145, -64)
[10:33:30][INFO] Registered tree at (236, 139, -36)
[10:33:30][INFO] Registered tree at (240, 145, -60)
[10:33:30][INFO] Registered tree at (228, 145, -64)
[10:33:30][INFO] Registered tree at (236, 139, -36)
[10:33:30][INFO] Registered tree at (240, 145, -60)
[10:33:30][INFO] Registered tree at (244, 141, -44)
[10:33:30][INFO] Registered tree at (228, 145, -64)
[10:33:30][INFO] Registered tree at (236, 139, -36)
[10:33:30][INFO] Registered tree at (240, 145, -60)
[10:33:30][INFO] Registered tree at (244, 141, -44)
[10:33:30][INFO] Registered tree at (248, 143, -52)
[10:33:30][INFO] Registered tree at (228, 145, -64)
[10:33:30][INFO] Registered tree at (236, 139, -36)
[10:33:30][INFO] Registered tree at (240, 145, -60)
[10:33:30][INFO] Registered tree at (244, 141, -44)
[10:33:30][INFO] Registered tree at (248, 143, -52)
[10:33:30][INFO] Registered tree at (252, 138, -44)
[10:33:30][INFO] Registered tree at (228, 145, -64)
[10:33:30][INFO] Registered tree at (228, 145, -64)
[10:33:30][INFO] Registered tree at (236, 139, -36)
[10:33:30][INFO] Registered tree at (228, 145, -64)
[10:33:30][INFO] Registered tree at (236, 139, -36)
[10:33:30][INFO] Registered tree at (240, 145, -60)
[10:33:30][INFO] Registered tree at (228, 145, -64)
[10:33:30][INFO] Registered tree at (236, 139, -36)
[10:33:30][INFO] Registered tree at (240, 145, -60)
[10:33:30][INFO] Registered tree at (244, 141, -44)
[10:33:30][INFO] Registered tree at (228, 145, -64)
[10:33:30][INFO] Registered tree at (236, 139, -36)
[10:33:30][INFO] Registered tree at (240, 145, -60)
[10:33:30][INFO] Registered tree at (244, 141, -44)
[10:33:30][INFO] Registered tree at (248, 143, -52)
[10:33:30][INFO] Registered tree at (228, 145, -64)
[10:33:30][INFO] Registered tree at (236, 139, -36)
[10:33:30][INFO] Registered tree at (240, 145, -60)
[10:33:30][INFO] Registered tree at (244, 141, -44)
[10:33:30][INFO] Registered tree at (248, 143, -52)
[10:33:30][INFO] Registered tree at (252, 138, -44)
[10:33:30][INFO] Registered tree at (320, 150, -64)
[10:33:30][INFO] Registered tree at (320, 150, -64)
[10:33:30][INFO] Registered tree at (332, 147, -48)
[10:33:30][INFO] Registered tree at (320, 150, -64)
[10:33:30][INFO] Registered tree at (332, 147, -48)
[10:33:30][INFO] Registered tree at (336, 147, -52)
[10:33:30][INFO] Registered tree at (320, 150, -64)
[10:33:30][INFO] Registered tree at (332, 147, -48)
[10:33:30][INFO] Registered tree at (336, 147, -52)
[10:33:30][INFO] Registered tree at (340, 146, -36)
[10:33:30][INFO] Registered tree at (320, 150, -64)
[10:33:30][INFO] Registered tree at (332, 147, -48)
[10:33:30][INFO] Registered tree at (336, 147, -52)
[10:33:30][INFO] Registered tree at (340, 146, -36)
[10:33:30][INFO] Registered tree at (344, 149, -60)
[10:33:30][INFO] Registered tree at (196, 151, -44)
[10:33:30][INFO] Registered tree at (196, 151, -44)
[10:33:30][INFO] Registered tree at (200, 150, -36)
[10:33:30][INFO] Registered tree at (196, 151, -44)
[10:33:30][INFO] Registered tree at (200, 150, -36)
[10:33:30][INFO] Registered tree at (204, 145, -56)
[10:33:30][INFO] Registered tree at (196, 151, -44)
[10:33:30][INFO] Registered tree at (200, 150, -36)
[10:33:30][INFO] Registered tree at (204, 145, -56)
[10:33:30][INFO] Registered tree at (212, 144, -48)
[10:33:30][INFO] Registered tree at (196, 151, -44)
[10:33:30][INFO] Registered tree at (200, 150, -36)
[10:33:30][INFO] Registered tree at (204, 145, -56)
[10:33:30][INFO] Registered tree at (212, 144, -48)
[10:33:30][INFO] Registered tree at (216, 143, -36)
[10:33:30][INFO] Registered tree at (320, 150, -64)
[10:33:30][INFO] Registered tree at (320, 150, -64)
[10:33:30][INFO] Registered tree at (332, 147, -48)
[10:33:30][INFO] Registered tree at (320, 150, -64)
[10:33:30][INFO] Registered tree at (332, 147, -48)
[10:33:30][INFO] Registered tree at (336, 147, -52)
[10:33:30][INFO] Registered tree at (320, 150, -64)
[10:33:30][INFO] Registered tree at (332, 147, -48)
[10:33:30][INFO] Registered tree at (336, 147, -52)
[10:33:30][INFO] Registered tree at (340, 146, -36)
[10:33:30][INFO] Registered tree at (320, 150, -64)
[10:33:30][INFO] Registered tree at (332, 147, -48)
[10:33:30][INFO] Registered tree at (336, 147, -52)
[10:33:30][INFO] Registered tree at (340, 146, -36)
[10:33:30][INFO] Registered tree at (344, 149, -60)
[10:33:30][INFO] Registered tree at (196, 151, -44)
[10:33:30][INFO] Registered tree at (196, 151, -44)
[10:33:30][INFO] Registered tree at (200, 150, -36)
[10:33:30][INFO] Registered tree at (196, 151, -44)
[10:33:30][INFO] Registered tree at (200, 150, -36)
[10:33:30][INFO] Registered tree at (204, 145, -56)
[10:33:30][INFO] Registered tree at (196, 151, -44)
[10:33:30][INFO] Registered tree at (200, 150, -36)
[10:33:30][INFO] Registered tree at (204, 145, -56)
[10:33:30][INFO] Registered tree at (212, 144, -48)
[10:33:30][INFO] Registered tree at (196, 151, -44)
[10:33:30][INFO] Registered tree at (200, 150, -36)
[10:33:30][INFO] Registered tree at (204, 145, -56)
[10:33:30][INFO] Registered tree at (212, 144, -48)
[10:33:30][INFO] Registered tree at (216, 143, -36)
[10:33:30][INFO] Registered tree at (260, 143, -60)
[10:33:30][INFO] Registered tree at (260, 143, -60)
[10:33:30][INFO] Registered tree at (260, 139, -48)
[10:33:30][INFO] Registered tree at (260, 143, -60)
[10:33:30][INFO] Registered tree at (260, 139, -48)
[10:33:30][INFO] Registered tree at (276, 136, -60)
[10:33:30][INFO] Registered tree at (260, 143, -60)
[10:33:30][INFO] Registered tree at (260, 139, -48)
[10:33:30][INFO] Registered tree at (276, 136, -60)
[10:33:30][INFO] Registered tree at (276, 141, -36)
[10:33:30][INFO] Registered tree at (260, 143, -60)
[10:33:30][INFO] Registered tree at (260, 143, -60)
[10:33:30][INFO] Registered tree at (260, 139, -48)
[10:33:30][INFO] Registered tree at (260, 143, -60)
[10:33:30][INFO] Registered tree at (260, 139, -48)
[10:33:30][INFO] Registered tree at (276, 136, -60)
[10:33:30][INFO] Registered tree at (260, 143, -60)
[10:33:30][INFO] Registered tree at (260, 139, -48)
[10:33:30][INFO] Registered tree at (276, 136, -60)
[10:33:30][INFO] Registered tree at (276, 141, -36)
[10:33:30][INFO] Registered tree at (228, 145, -64)
[10:33:30][INFO] Registered tree at (228, 145, -64)
[10:33:30][INFO] Registered tree at (236, 139, -36)
[10:33:30][INFO] Registered tree at (228, 145, -64)
[10:33:30][INFO] Registered tree at (236, 139, -36)
[10:33:30][INFO] Registered tree at (240, 145, -60)
[10:33:30][INFO] Registered tree at (228, 145, -64)
[10:33:30][INFO] Registered tree at (236, 139, -36)
[10:33:30][INFO] Registered tree at (240, 145, -60)
[10:33:30][INFO] Registered tree at (244, 141, -44)
[10:33:30][INFO] Registered tree at (228, 145, -64)
[10:33:30][INFO] Registered tree at (236, 139, -36)
[10:33:30][INFO] Registered tree at (240, 145, -60)
[10:33:30][INFO] Registered tree at (244, 141, -44)
[10:33:30][INFO] Registered tree at (248, 143, -52)
[10:33:30][INFO] Registered tree at (228, 145, -64)
[10:33:30][INFO] Registered tree at (236, 139, -36)
[10:33:30][INFO] Registered tree at (240, 145, -60)
[10:33:30][INFO] Registered tree at (244, 141, -44)
[10:33:30][INFO] Registered tree at (248, 143, -52)
[10:33:30][INFO] Registered tree at (252, 138, -44)
[10:33:30][INFO] Registered tree at (228, 145, -64)
[10:33:30][INFO] Registered tree at (228, 145, -64)
[10:33:30][INFO] Registered tree at (236, 139, -36)
[10:33:30][INFO] Registered tree at (228, 145, -64)
[10:33:30][INFO] Registered tree at (236, 139, -36)
[10:33:30][INFO] Registered tree at (240, 145, -60)
[10:33:30][INFO] Registered tree at (228, 145, -64)
[10:33:30][INFO] Registered tree at (236, 139, -36)
[10:33:30][INFO] Registered tree at (240, 145, -60)
[10:33:30][INFO] Registered tree at (244, 141, -44)
[10:33:30][INFO] Registered tree at (228, 145, -64)
[10:33:30][INFO] Registered tree at (236, 139, -36)
[10:33:30][INFO] Registered tree at (240, 145, -60)
[10:33:30][INFO] Registered tree at (244, 141, -44)
[10:33:30][INFO] Registered tree at (248, 143, -52)
[10:33:30][INFO] Registered tree at (228, 145, -64)
[10:33:30][INFO] Registered tree at (236, 139, -36)
[10:33:30][INFO] Registered tree at (240, 145, -60)
[10:33:30][INFO] Registered tree at (244, 141, -44)
[10:33:30][INFO] Registered tree at (248, 143, -52)
[10:33:30][INFO] Registered tree at (252, 138, -44)
[10:33:30][INFO] Registered tree at (292, 142, -64)
[10:33:30][INFO] Registered tree at (292, 142, -64)
[10:33:30][INFO] Registered tree at (292, 143, -48)
[10:33:30][INFO] Registered tree at (292, 142, -64)
[10:33:30][INFO] Registered tree at (292, 142, -64)
[10:33:30][INFO] Registered tree at (292, 143, -48)
[10:33:30][INFO] Registered tree at (320, 150, -64)
[10:33:30][INFO] Registered tree at (320, 150, -64)
[10:33:30][INFO] Registered tree at (332, 147, -48)
[10:33:30][INFO] Registered tree at (320, 150, -64)
[10:33:30][INFO] Registered tree at (332, 147, -48)
[10:33:30][INFO] Registered tree at (336, 147, -52)
[10:33:30][INFO] Registered tree at (320, 150, -64)
[10:33:30][INFO] Registered tree at (332, 147, -48)
[10:33:30][INFO] Registered tree at (336, 147, -52)
[10:33:30][INFO] Registered tree at (340, 146, -36)
[10:33:30][INFO] Registered tree at (320, 150, -64)
[10:33:30][INFO] Registered tree at (332, 147, -48)
[10:33:30][INFO] Registered tree at (336, 147, -52)
[10:33:30][INFO] Registered tree at (340, 146, -36)
[10:33:30][INFO] Registered tree at (344, 149, -60)
[10:33:30][INFO] Registered tree at (196, 151, -44)
[10:33:30][INFO] Registered tree at (196, 151, -44)
[10:33:30][INFO] Registered tree at (200, 150, -36)
[10:33:30][INFO] Registered tree at (196, 151, -44)
[10:33:30][INFO] Registered tree at (200, 150, -36)
[10:33:30][INFO] Registered tree at (204, 145, -56)
[10:33:30][INFO] Registered tree at (196, 151, -44)
[10:33:30][INFO] Registered tree at (200, 150, -36)
[10:33:30][INFO] Registered tree at (204, 145, -56)
[10:33:30][INFO] Registered tree at (212, 144, -48)
[10:33:30][INFO] Registered tree at (196, 151, -44)
[10:33:30][INFO] Registered tree at (200, 150, -36)
[10:33:30][INFO] Registered tree at (204, 145, -56)
[10:33:30][INFO] Registered tree at (212, 144, -48)
[10:33:30][INFO] Registered tree at (216, 143, -36)
[10:33:30][INFO] Registered tree at (320, 150, -64)
[10:33:30][INFO] Registered tree at (320, 150, -64)
[10:33:30][INFO] Registered tree at (332, 147, -48)
[10:33:30][INFO] Registered tree at (320, 150, -64)
[10:33:30][INFO] Registered tree at (332, 147, -48)
[10:33:30][INFO] Registered tree at (336, 147, -52)
[10:33:30][INFO] Registered tree at (320, 150, -64)
[10:33:30][INFO] Registered tree at (332, 147, -48)
[10:33:30][INFO] Registered tree at (336, 147, -52)
[10:33:30][INFO] Registered tree at (340, 146, -36)
[10:33:30][INFO] Registered tree at (320, 150, -64)
[10:33:30][INFO] Registered tree at (332, 147, -48)
[10:33:30][INFO] Registered tree at (336, 147, -52)
[10:33:30][INFO] Registered tree at (340, 146, -36)
[10:33:30][INFO] Registered tree at (344, 149, -60)
[10:33:30][INFO] Registered tree at (196, 151, -44)
[10:33:30][INFO] Registered tree at (196, 151, -44)
[10:33:30][INFO] Registered tree at (200, 150, -36)
[10:33:30][INFO] Registered tree at (196, 151, -44)
[10:33:30][INFO] Registered tree at (200, 150, -36)
[10:33:30][INFO] Registered tree at (204, 145, -56)
[10:33:30][INFO] Registered tree at (196, 151, -44)
[10:33:30][INFO] Registered tree at (200, 150, -36)
[10:33:30][INFO] Registered tree at (204, 145, -56)
[10:33:30][INFO] Registered tree at (212, 144, -48)
[10:33:30][INFO] Registered tree at (196, 151, -44)
[10:33:30][INFO] Registered tree at (200, 150, -36)
[10:33:30][INFO] Registered tree at (204, 145, -56)
[10:33:30][INFO] Registered tree at (212, 144, -48)
[10:33:30][INFO] Registered tree at (216, 143, -36)
[10:33:32][INFO] Registered tree at (164, 147, -4)
[10:33:32][INFO] Registered tree at (164, 147, -4)
[10:33:32][INFO] Registered tree at (172, 152, -28)
[10:33:32][INFO] Registered tree at (164, 147, -4)
[10:33:32][INFO] Registered tree at (172, 152, -28)
[10:33:32][INFO] Registered tree at (176, 154, -16)
[10:33:32][INFO] Registered tree at (164, 147, -4)
[10:33:32][INFO] Registered tree at (172, 152, -28)
[10:33:32][INFO] Registered tree at (176, 154, -16)
[10:33:32][INFO] Registered tree at (180, 153, -28)
[10:33:32][INFO] Registered tree at (180, 150, -52)
[10:33:32][INFO] Registered tree at (164, 147, -4)
[10:33:32][INFO] Registered tree at (164, 147, -4)
[10:33:32][INFO] Registered tree at (172, 152, -28)
[10:33:32][INFO] Registered tree at (164, 147, -4)
[10:33:32][INFO] Registered tree at (172, 152, -28)
[10:33:32][INFO] Registered tree at (176, 154, -16)
[10:33:32][INFO] Registered tree at (164, 147, -4)
[10:33:32][INFO] Registered tree at (172, 152, -28)
[10:33:32][INFO] Registered tree at (176, 154, -16)
[10:33:32][INFO] Registered tree at (180, 153, -28)
[10:33:32][INFO] Registered tree at (164, 147, -4)
[10:33:32][INFO] Registered tree at (164, 147, -4)
[10:33:32][INFO] Registered tree at (172, 152, -28)
[10:33:32][INFO] Registered tree at (164, 147, -4)
[10:33:32][INFO] Registered tree at (172, 152, -28)
[10:33:32][INFO] Registered tree at (176, 154, -16)
[10:33:32][INFO] Registered tree at (164, 147, -4)
[10:33:32][INFO] Registered tree at (172, 152, -28)
[10:33:32][INFO] Registered tree at (176, 154, -16)
[10:33:32][INFO] Registered tree at (180, 153, -28)
[10:33:32][INFO] Registered tree at (180, 150, -52)
[10:33:32][INFO] Registered tree at (180, 150, -52)
[10:33:32][INFO] Registered tree at (164, 147, -4)
[10:33:32][INFO] Registered tree at (164, 147, -4)
[10:33:32][INFO] Registered tree at (172, 152, -28)
[10:33:32][INFO] Registered tree at (164, 147, -4)
[10:33:32][INFO] Registered tree at (172, 152, -28)
[10:33:32][INFO] Registered tree at (176, 154, -16)
[10:33:32][INFO] Registered tree at (164, 147, -4)
[10:33:32][INFO] Registered tree at (172, 152, -28)
[10:33:32][INFO] Registered tree at (176, 154, -16)
[10:33:32][INFO] Registered tree at (180, 153, -28)
[10:33:32][INFO] Registered tree at (164, 147, -4)
[10:33:32][INFO] Registered tree at (164, 147, -4)
[10:33:32][INFO] Registered tree at (172, 152, -28)
[10:33:32][INFO] Registered tree at (164, 147, -4)
[10:33:32][INFO] Registered tree at (172, 152, -28)
[10:33:32][INFO] Registered tree at (176, 154, -16)
[10:33:32][INFO] Registered tree at (164, 147, -4)
[10:33:32][INFO] Registered tree at (172, 152, -28)
[10:33:32][INFO] Registered tree at (176, 154, -16)
[10:33:32][INFO] Registered tree at (180, 153, -28)
[10:33:32][INFO] Registered tree at (180, 150, -52)
[10:33:32][INFO] Registered tree at (180, 150, -52)
[10:33:32][INFO] Registered tree at (164, 144, 16)
[10:33:32][INFO] Registered tree at (164, 144, 16)
[10:33:32][INFO] Registered tree at (168, 148, 0)
[10:33:32][INFO] Registered tree at (164, 144, 16)
[10:33:32][INFO] Registered tree at (168, 148, 0)
[10:33:32][INFO] Registered tree at (176, 148, 4)
[10:33:32][INFO] Registered tree at (164, 144, 16)
[10:33:32][INFO] Registered tree at (168, 148, 0)
[10:33:32][INFO] Registered tree at (176, 148, 4)
[10:33:32][INFO] Registered tree at (184, 143, 20)
[10:33:32][INFO] Registered tree at (164, 147, -4)
[10:33:32][INFO] Registered tree at (164, 147, -4)
[10:33:32][INFO] Registered tree at (172, 152, -28)
[10:33:32][INFO] Registered tree at (164, 147, -4)
[10:33:32][INFO] Registered tree at (172, 152, -28)
[10:33:32][INFO] Registered tree at (176, 154, -16)
[10:33:32][INFO] Registered tree at (164, 147, -4)
[10:33:32][INFO] Registered tree at (172, 152, -28)
[10:33:32][INFO] Registered tree at (176, 154, -16)
[10:33:32][INFO] Registered tree at (180, 153, -28)
[10:33:32][INFO] Registered tree at (164, 147, -4)
[10:33:32][INFO] Registered tree at (164, 147, -4)
[10:33:32][INFO] Registered tree at (172, 152, -28)
[10:33:32][INFO] Registered tree at (164, 147, -4)
[10:33:32][INFO] Registered tree at (172, 152, -28)
[10:33:32][INFO] Registered tree at (176, 154, -16)
[10:33:32][INFO] Registered tree at (164, 147, -4)
[10:33:32][INFO] Registered tree at (172, 152, -28)
[10:33:32][INFO] Registered tree at (176, 154, -16)
[10:33:32][INFO] Registered tree at (180, 153, -28)
[10:33:32][INFO] Registered tree at (180, 150, -52)
[10:33:32][INFO] Registered tree at (180, 150, -52)
[10:33:32][INFO] Registered tree at (164, 144, 16)
[10:33:32][INFO] Registered tree at (164, 144, 16)
[10:33:32][INFO] Registered tree at (168, 148, 0)
[10:33:32][INFO] Registered tree at (164, 144, 16)
[10:33:32][INFO] Registered tree at (168, 148, 0)
[10:33:32][INFO] Registered tree at (176, 148, 4)
[10:33:32][INFO] Registered tree at (164, 144, 16)
[10:33:32][INFO] Registered tree at (168, 148, 0)
[10:33:32][INFO] Registered tree at (176, 148, 4)
[10:33:32][INFO] Registered tree at (184, 143, 20)
[10:33:32][INFO] Registered tree at (164, 147, -4)
[10:33:32][INFO] Registered tree at (164, 147, -4)
[10:33:32][INFO] Registered tree at (172, 152, -28)
[10:33:32][INFO] Registered tree at (164, 147, -4)
[10:33:32][INFO] Registered tree at (172, 152, -28)
[10:33:32][INFO] Registered tree at (176, 154, -16)
[10:33:32][INFO] Registered tree at (164, 147, -4)
[10:33:32][INFO] Registered tree at (172, 152, -28)
[10:33:32][INFO] Registered tree at (176, 154, -16)
[10:33:32][INFO] Registered tree at (180, 153, -28)
[10:33:32][INFO] Registered tree at (164, 147, -4)
[10:33:32][INFO] Registered tree at (164, 147, -4)
[10:33:32][INFO] Registered tree at (172, 152, -28)
[10:33:32][INFO] Registered tree at (164, 147, -4)
[10:33:32][INFO] Registered tree at (172, 152, -28)
[10:33:32][INFO] Registered tree at (176, 154, -16)
[10:33:32][INFO] Registered tree at (164, 147, -4)
[10:33:32][INFO] Registered tree at (172, 152, -28)
[10:33:32][INFO] Registered tree at (176, 154, -16)
[10:33:32][INFO] Registered tree at (180, 153, -28)
[10:33:32][INFO] Registered tree at (180, 150, -52)
[10:33:32][INFO] Registered tree at (180, 150, -52)
[10:33:33][INFO] Registered tree at (228, 146, -80)
[10:33:33][INFO] Registered tree at (228, 146, -80)
[10:33:33][INFO] Registered tree at (232, 152, -96)
[10:33:33][INFO] Registered tree at (256, 148, -72)
[10:33:33][INFO] Registered tree at (256, 148, -72)
[10:33:33][INFO] Registered tree at (272, 141, -68)
[10:33:33][INFO] Registered tree at (256, 148, -72)
[10:33:33][INFO] Registered tree at (272, 141, -68)
[10:33:33][INFO] Registered tree at (276, 149, -84)
[10:33:33][INFO] Registered tree at (256, 148, -72)
[10:33:33][INFO] Registered tree at (272, 141, -68)
[10:33:33][INFO] Registered tree at (276, 149, -84)
[10:33:33][INFO] Registered tree at (284, 149, -88)
[10:33:33][INFO] Registered tree at (212, 144, -76)
[10:33:33][INFO] Registered tree at (212, 144, -76)
[10:33:33][INFO] Registered tree at (212, 144, -68)
[10:33:33][INFO] Registered tree at (168, 148, -80)
[10:33:33][INFO] Registered tree at (168, 148, -80)
[10:33:33][INFO] Registered tree at (172, 148, -88)
[10:33:33][INFO] Registered tree at (168, 148, -80)
[10:33:33][INFO] Registered tree at (172, 148, -88)
[10:33:33][INFO] Registered tree at (180, 147, -72)
[10:33:33][INFO] Registered tree at (228, 146, -80)
[10:33:33][INFO] Registered tree at (228, 146, -80)
[10:33:33][INFO] Registered tree at (232, 152, -96)
[10:33:33][INFO] Registered tree at (300, 143, -92)
[10:33:33][INFO] Registered tree at (300, 143, -92)
[10:33:33][INFO] Registered tree at (300, 144, -84)
[10:33:33][INFO] Registered tree at (300, 143, -92)
[10:33:33][INFO] Registered tree at (300, 144, -84)
[10:33:33][INFO] Registered tree at (300, 145, -76)
[10:33:33][INFO] Registered tree at (300, 143, -92)
[10:33:33][INFO] Registered tree at (300, 144, -84)
[10:33:33][INFO] Registered tree at (300, 145, -76)
[10:33:33][INFO] Registered tree at (308, 145, -92)
[10:33:33][INFO] Registered tree at (300, 143, -92)
[10:33:33][INFO] Registered tree at (300, 144, -84)
[10:33:33][INFO] Registered tree at (300, 145, -76)
[10:33:33][INFO] Registered tree at (308, 145, -92)
[10:33:33][INFO] Registered tree at (308, 145, -88)
[10:33:33][INFO] Registered tree at (300, 143, -92)
[10:33:33][INFO] Registered tree at (300, 144, -84)
[10:33:33][INFO] Registered tree at (300, 145, -76)
[10:33:33][INFO] Registered tree at (308, 145, -92)
[10:33:33][INFO] Registered tree at (308, 145, -88)
[10:33:33][INFO] Registered tree at (308, 144, -68)
[10:33:34][INFO] Registered tree at (228, 146, -80)
[10:33:34][INFO] Registered tree at (228, 146, -80)
[10:33:34][INFO] Registered tree at (232, 152, -96)
[10:33:34][INFO] Registered tree at (212, 144, -76)
[10:33:34][INFO] Registered tree at (212, 144, -76)
[10:33:34][INFO] Registered tree at (212, 144, -68)
[10:33:34][INFO] Registered tree at (212, 144, -76)
[10:33:34][INFO] Registered tree at (212, 144, -76)
[10:33:34][INFO] Registered tree at (212, 144, -68)
[10:33:34][INFO] Registered tree at (256, 148, -72)
[10:33:34][INFO] Registered tree at (256, 148, -72)
[10:33:34][INFO] Registered tree at (272, 141, -68)
[10:33:34][INFO] Registered tree at (256, 148, -72)
[10:33:34][INFO] Registered tree at (272, 141, -68)
[10:33:34][INFO] Registered tree at (276, 149, -84)
[10:33:34][INFO] Registered tree at (256, 148, -72)
[10:33:34][INFO] Registered tree at (272, 141, -68)
[10:33:34][INFO] Registered tree at (276, 149, -84)
[10:33:34][INFO] Registered tree at (284, 149, -88)
[10:33:34][INFO] Registered tree at (256, 148, -72)
[10:33:34][INFO] Registered tree at (256, 148, -72)
[10:33:34][INFO] Registered tree at (272, 141, -68)
[10:33:34][INFO] Registered tree at (256, 148, -72)
[10:33:34][INFO] Registered tree at (272, 141, -68)
[10:33:34][INFO] Registered tree at (276, 149, -84)
[10:33:34][INFO] Registered tree at (256, 148, -72)
[10:33:34][INFO] Registered tree at (272, 141, -68)
[10:33:34][INFO] Registered tree at (276, 149, -84)
[10:33:34][INFO] Registered tree at (284, 149, -88)
[10:33:34][INFO] Registered tree at (300, 143, -92)
[10:33:34][INFO] Registered tree at (300, 143, -92)
[10:33:34][INFO] Registered tree at (300, 144, -84)
[10:33:34][INFO] Registered tree at (300, 143, -92)
[10:33:34][INFO] Registered tree at (300, 144, -84)
[10:33:34][INFO] Registered tree at (300, 145, -76)
[10:33:34][INFO] Registered tree at (300, 143, -92)
[10:33:34][INFO] Registered tree at (300, 144, -84)
[10:33:34][INFO] Registered tree at (300, 145, -76)
[10:33:34][INFO] Registered tree at (308, 145, -92)
[10:33:34][INFO] Registered tree at (300, 143, -92)
[10:33:34][INFO] Registered tree at (300, 144, -84)
[10:33:34][INFO] Registered tree at (300, 145, -76)
[10:33:34][INFO] Registered tree at (308, 145, -92)
[10:33:34][INFO] Registered tree at (308, 145, -88)
[10:33:34][INFO] Registered tree at (300, 143, -92)
[10:33:34][INFO] Registered tree at (300, 144, -84)
[10:33:34][INFO] Registered tree at (300, 145, -76)
[10:33:34][INFO] Registered tree at (308, 145, -92)
[10:33:34][INFO] Registered tree at (308, 145, -88)
[10:33:34][INFO] Registered tree at (308, 144, -68)
[10:33:34][INFO] Registered tree at (168, 148, -80)
[10:33:34][INFO] Registered tree at (168, 148, -80)
[10:33:34][INFO] Registered tree at (172, 148, -88)
[10:33:34][INFO] Registered tree at (168, 148, -80)
[10:33:34][INFO] Registered tree at (172, 148, -88)
[10:33:34][INFO] Registered tree at (180, 147, -72)
[10:33:34][INFO] Registered tree at (168, 148, -80)
[10:33:34][INFO] Registered tree at (168, 148, -80)
[10:33:34][INFO] Registered tree at (172, 148, -88)
[10:33:34][INFO] Registered tree at (168, 148, -80)
[10:33:34][INFO] Registered tree at (172, 148, -88)
[10:33:34][INFO] Registered tree at (180, 147, -72)
[10:33:34][INFO] Registered tree at (300, 143, -92)
[10:33:34][INFO] Registered tree at (300, 143, -92)
[10:33:34][INFO] Registered tree at (300, 144, -84)
[10:33:34][INFO] Registered tree at (300, 143, -92)
[10:33:34][INFO] Registered tree at (300, 144, -84)
[10:33:34][INFO] Registered tree at (300, 145, -76)
[10:33:34][INFO] Registered tree at (300, 143, -92)
[10:33:34][INFO] Registered tree at (300, 144, -84)
[10:33:34][INFO] Registered tree at (300, 145, -76)
[10:33:34][INFO] Registered tree at (308, 145, -92)
[10:33:34][INFO] Registered tree at (300, 143, -92)
[10:33:34][INFO] Registered tree at (300, 144, -84)
[10:33:34][INFO] Registered tree at (300, 145, -76)
[10:33:34][INFO] Registered tree at (308, 145, -92)
[10:33:34][INFO] Registered tree at (308, 145, -88)
[10:33:34][INFO] Registered tree at (300, 143, -92)
[10:33:34][INFO] Registered tree at (300, 144, -84)
[10:33:34][INFO] Registered tree at (300, 145, -76)
[10:33:34][INFO] Registered tree at (308, 145, -92)
[10:33:34][INFO] Registered tree at (308, 145, -88)
[10:33:34][INFO] Registered tree at (308, 144, -68)
[10:33:34][INFO] Registered tree at (228, 146, -80)
[10:33:34][INFO] Registered tree at (228, 146, -80)
[10:33:34][INFO] Registered tree at (232, 152, -96)
[10:33:34][INFO] Registered tree at (228, 146, -80)
[10:33:34][INFO] Registered tree at (228, 146, -80)
[10:33:34][INFO] Registered tree at (232, 152, -96)
[10:33:34][INFO] Registered tree at (256, 148, -72)
[10:33:34][INFO] Registered tree at (256, 148, -72)
[10:33:34][INFO] Registered tree at (272, 141, -68)
[10:33:34][INFO] Registered tree at (256, 148, -72)
[10:33:34][INFO] Registered tree at (272, 141, -68)
[10:33:34][INFO] Registered tree at (276, 149, -84)
[10:33:34][INFO] Registered tree at (256, 148, -72)
[10:33:34][INFO] Registered tree at (272, 141, -68)
[10:33:34][INFO] Registered tree at (276, 149, -84)
[10:33:34][INFO] Registered tree at (284, 149, -88)
[10:33:34][INFO] Registered tree at (212, 144, -76)
[10:33:34][INFO] Registered tree at (212, 144, -76)
[10:33:34][INFO] Registered tree at (212, 144, -68)
[10:33:34][INFO] Registered tree at (212, 144, -76)
[10:33:34][INFO] Registered tree at (212, 144, -76)
[10:33:34][INFO] Registered tree at (212, 144, -68)
[10:33:34][INFO] Registered tree at (256, 148, -72)
[10:33:34][INFO] Registered tree at (256, 148, -72)
[10:33:34][INFO] Registered tree at (272, 141, -68)
[10:33:34][INFO] Registered tree at (256, 148, -72)
[10:33:34][INFO] Registered tree at (272, 141, -68)
[10:33:34][INFO] Registered tree at (276, 149, -84)
[10:33:34][INFO] Registered tree at (256, 148, -72)
[10:33:34][INFO] Registered tree at (272, 141, -68)
[10:33:34][INFO] Registered tree at (276, 149, -84)
[10:33:34][INFO] Registered tree at (284, 149, -88)
[10:33:34][INFO] Registered tree at (168, 148, -80)
[10:33:34][INFO] Registered tree at (168, 148, -80)
[10:33:34][INFO] Registered tree at (172, 148, -88)
[10:33:34][INFO] Registered tree at (168, 148, -80)
[10:33:34][INFO] Registered tree at (172, 148, -88)
[10:33:34][INFO] Registered tree at (180, 147, -72)
[10:33:34][INFO] Registered tree at (300, 143, -92)
[10:33:34][INFO] Registered tree at (300, 143, -92)
[10:33:34][INFO] Registered tree at (300, 144, -84)
[10:33:34][INFO] Registered tree at (300, 143, -92)
[10:33:34][INFO] Registered tree at (300, 144, -84)
[10:33:34][INFO] Registered tree at (300, 145, -76)
[10:33:34][INFO] Registered tree at (300, 143, -92)
[10:33:34][INFO] Registered tree at (300, 144, -84)
[10:33:34][INFO] Registered tree at (300, 145, -76)
[10:33:34][INFO] Registered tree at (308, 145, -92)
[10:33:34][INFO] Registered tree at (300, 143, -92)
[10:33:34][INFO] Registered tree at (300, 144, -84)
[10:33:34][INFO] Registered tree at (300, 145, -76)
[10:33:34][INFO] Registered tree at (308, 145, -92)
[10:33:34][INFO] Registered tree at (308, 145, -88)
[10:33:34][INFO] Registered tree at (300, 143, -92)
[10:33:34][INFO] Registered tree at (300, 144, -84)
[10:33:34][INFO] Registered tree at (300, 145, -76)
[10:33:34][INFO] Registered tree at (308, 145, -92)
[10:33:34][INFO] Registered tree at (308, 145, -88)
[10:33:34][INFO] Registered tree at (308, 144, -68)
[10:33:34][INFO] Registered tree at (168, 148, -80)
[10:33:34][INFO] Registered tree at (168, 148, -80)
[10:33:34][INFO] Registered tree at (172, 148, -88)
[10:33:34][INFO] Registered tree at (168, 148, -80)
[10:33:34][INFO] Registered tree at (172, 148, -88)
[10:33:34][INFO] Registered tree at (180, 147, -72)
[10:33:34][INFO] Registered tree at (300, 143, -92)
[10:33:34][INFO] Registered tree at (300, 143, -92)
[10:33:34][INFO] Registered tree at (300, 144, -84)
[10:33:34][INFO] Registered tree at (300, 143, -92)
[10:33:34][INFO] Registered tree at (300, 144, -84)
[10:33:34][INFO] Registered tree at (300, 145, -76)
[10:33:34][INFO] Registered tree at (300, 143, -92)
[10:33:34][INFO] Registered tree at (300, 144, -84)
[10:33:34][INFO] Registered tree at (300, 145, -76)
[10:33:34][INFO] Registered tree at (308, 145, -92)
[10:33:34][INFO] Registered tree at (300, 143, -92)
[10:33:34][INFO] Registered tree at (300, 144, -84)
[10:33:34][INFO] Registered tree at (300, 145, -76)
[10:33:34][INFO] Registered tree at (308, 145, -92)
[10:33:34][INFO] Registered tree at (308, 145, -88)
[10:33:34][INFO] Registered tree at (300, 143, -92)
[10:33:34][INFO] Registered tree at (300, 144, -84)
[10:33:34][INFO] Registered tree at (300, 145, -76)
[10:33:34][INFO] Registered tree at (308, 145, -92)
[10:33:34][INFO] Registered tree at (308, 145, -88)
[10:33:34][INFO] Registered tree at (308, 144, -68)
[10:33:34][INFO] Registered tree at (228, 146, -80)
[10:33:34][INFO] Registered tree at (228, 146, -80)
[10:33:34][INFO] Registered tree at (232, 152, -96)
[10:33:34][INFO] Registered tree at (228, 146, -80)
[10:33:34][INFO] Registered tree at (228, 146, -80)
[10:33:34][INFO] Registered tree at (232, 152, -96)
[10:33:34][INFO] Registered tree at (256, 148, -72)
[10:33:34][INFO] Registered tree at (256, 148, -72)
[10:33:34][INFO] Registered tree at (272, 141, -68)
[10:33:34][INFO] Registered tree at (256, 148, -72)
[10:33:34][INFO] Registered tree at (272, 141, -68)
[10:33:34][INFO] Registered tree at (276, 149, -84)
[10:33:34][INFO] Registered tree at (256, 148, -72)
[10:33:34][INFO] Registered tree at (272, 141, -68)
[10:33:34][INFO] Registered tree at (276, 149, -84)
[10:33:34][INFO] Registered tree at (284, 149, -88)
[10:33:34][INFO] Registered tree at (256, 148, -72)
[10:33:34][INFO] Registered tree at (256, 148, -72)
[10:33:34][INFO] Registered tree at (272, 141, -68)
[10:33:34][INFO] Registered tree at (256, 148, -72)
[10:33:34][INFO] Registered tree at (272, 141, -68)
[10:33:34][INFO] Registered tree at (276, 149, -84)
[10:33:34][INFO] Registered tree at (256, 148, -72)
[10:33:34][INFO] Registered tree at (272, 141, -68)
[10:33:34][INFO] Registered tree at (276, 149, -84)
[10:33:34][INFO] Registered tree at (284, 149, -88)
[10:33:34][INFO] Registered tree at (212, 144, -76)
[10:33:34][INFO] Registered tree at (212, 144, -76)
[10:33:34][INFO] Registered tree at (212, 144, -68)
[10:33:34][INFO] Registered tree at (212, 144, -76)
[10:33:34][INFO] Registered tree at (212, 144, -76)
[10:33:34][INFO] Registered tree at (212, 144, -68)
[10:33:34][INFO] Registered tree at (300, 143, -92)
[10:33:34][INFO] Registered tree at (300, 143, -92)
[10:33:34][INFO] Registered tree at (300, 144, -84)
[10:33:34][INFO] Registered tree at (300, 143, -92)
[10:33:34][INFO] Registered tree at (300, 144, -84)
[10:33:34][INFO] Registered tree at (300, 145, -76)
[10:33:34][INFO] Registered tree at (300, 143, -92)
[10:33:34][INFO] Registered tree at (300, 144, -84)
[10:33:34][INFO] Registered tree at (300, 145, -76)
[10:33:34][INFO] Registered tree at (308, 145, -92)
[10:33:34][INFO] Registered tree at (300, 143, -92)
[10:33:34][INFO] Registered tree at (300, 144, -84)
[10:33:34][INFO] Registered tree at (300, 145, -76)
[10:33:34][INFO] Registered tree at (308, 145, -92)
[10:33:34][INFO] Registered tree at (308, 145, -88)
[10:33:34][INFO] Registered tree at (300, 143, -92)
[10:33:34][INFO] Registered tree at (300, 144, -84)
[10:33:34][INFO] Registered tree at (300, 145, -76)
[10:33:34][INFO] Registered tree at (308, 145, -92)
[10:33:34][INFO] Registered tree at (308, 145, -88)
[10:33:34][INFO] Registered tree at (308, 144, -68)
[10:33:34][INFO] Registered tree at (168, 148, -80)
[10:33:34][INFO] Registered tree at (168, 148, -80)
[10:33:34][INFO] Registered tree at (172, 148, -88)
[10:33:34][INFO] Registered tree at (168, 148, -80)
[10:33:34][INFO] Registered tree at (172, 148, -88)
[10:33:34][INFO] Registered tree at (180, 147, -72)
[10:33:34][INFO] Registered tree at (300, 143, -92)
[10:33:34][INFO] Registered tree at (300, 143, -92)
[10:33:34][INFO] Registered tree at (300, 144, -84)
[10:33:34][INFO] Registered tree at (300, 143, -92)
[10:33:34][INFO] Registered tree at (300, 144, -84)
[10:33:34][INFO] Registered tree at (300, 145, -76)
[10:33:34][INFO] Registered tree at (300, 143, -92)
[10:33:34][INFO] Registered tree at (300, 144, -84)
[10:33:34][INFO] Registered tree at (300, 145, -76)
[10:33:34][INFO] Registered tree at (308, 145, -92)
[10:33:34][INFO] Registered tree at (300, 143, -92)
[10:33:34][INFO] Registered tree at (300, 144, -84)
[10:33:34][INFO] Registered tree at (300, 145, -76)
[10:33:34][INFO] Registered tree at (308, 145, -92)
[10:33:34][INFO] Registered tree at (308, 145, -88)
[10:33:34][INFO] Registered tree at (300, 143, -92)
[10:33:34][INFO] Registered tree at (300, 144, -84)
[10:33:34][INFO] Registered tree at (300, 145, -76)
[10:33:34][INFO] Registered tree at (308, 145, -92)
[10:33:34][INFO] Registered tree at (308, 145, -88)
[10:33:34][INFO] Registered tree at (308, 144, -68)
[10:33:34][INFO] Registered tree at (168, 148, -80)
[10:33:34][INFO] Registered tree at (168, 148, -80)
[10:33:34][INFO] Registered tree at (172, 148, -88)
[10:33:34][INFO] Registered tree at (168, 148, -80)
[10:33:34][INFO] Registered tree at (172, 148, -88)
[10:33:34][INFO] Registered tree at (180, 147, -72)
[10:33:34][INFO] Registered tree at (228, 146, -80)
[10:33:34][INFO] Registered tree at (228, 146, -80)
[10:33:34][INFO] Registered tree at (232, 152, -96)
[10:33:34][INFO] Registered tree at (228, 146, -80)
[10:33:34][INFO] Registered tree at (228, 146, -80)
[10:33:34][INFO] Registered tree at (232, 152, -96)
[10:33:34][INFO] Registered tree at (212, 144, -76)
[10:33:34][INFO] Registered tree at (212, 144, -76)
[10:33:34][INFO] Registered tree at (212, 144, -68)
[10:33:34][INFO] Registered tree at (212, 144, -76)
[10:33:34][INFO] Registered tree at (212, 144, -76)
[10:33:34][INFO] Registered tree at (212, 144, -68)
[10:33:34][INFO] Registered tree at (256, 148, -72)
[10:33:34][INFO] Registered tree at (256, 148, -72)
[10:33:34][INFO] Registered tree at (272, 141, -68)
[10:33:34][INFO] Registered tree at (256, 148, -72)
[10:33:34][INFO] Registered tree at (272, 141, -68)
[10:33:34][INFO] Registered tree at (276, 149, -84)
[10:33:34][INFO] Registered tree at (256, 148, -72)
[10:33:34][INFO] Registered tree at (272, 141, -68)
[10:33:34][INFO] Registered tree at (276, 149, -84)
[10:33:34][INFO] Registered tree at (284, 149, -88)
[10:33:34][INFO] Registered tree at (256, 148, -72)
[10:33:34][INFO] Registered tree at (256, 148, -72)
[10:33:34][INFO] Registered tree at (272, 141, -68)
[10:33:34][INFO] Registered tree at (256, 148, -72)
[10:33:34][INFO] Registered tree at (272, 141, -68)
[10:33:34][INFO] Registered tree at (276, 149, -84)
[10:33:34][INFO] Registered tree at (256, 148, -72)
[10:33:34][INFO] Registered tree at (272, 141, -68)
[10:33:34][INFO] Registered tree at (276, 149, -84)
[10:33:34][INFO] Registered tree at (284, 149, -88)
[10:33:34][INFO] Registered tree at (300, 143, -92)
[10:33:34][INFO] Registered tree at (300, 143, -92)
[10:33:34][INFO] Registered tree at (300, 144, -84)
[10:33:34][INFO] Registered tree at (300, 143, -92)
[10:33:34][INFO] Registered tree at (300, 144, -84)
[10:33:34][INFO] Registered tree at (300, 145, -76)
[10:33:34][INFO] Registered tree at (300, 143, -92)
[10:33:34][INFO] Registered tree at (300, 144, -84)
[10:33:34][INFO] Registered tree at (300, 145, -76)
[10:33:34][INFO] Registered tree at (308, 145, -92)
[10:33:34][INFO] Registered tree at (300, 143, -92)
[10:33:34][INFO] Registered tree at (300, 144, -84)
[10:33:34][INFO] Registered tree at (300, 145, -76)
[10:33:34][INFO] Registered tree at (308, 145, -92)
[10:33:34][INFO] Registered tree at (308, 145, -88)
[10:33:34][INFO] Registered tree at (300, 143, -92)
[10:33:34][INFO] Registered tree at (300, 144, -84)
[10:33:34][INFO] Registered tree at (300, 145, -76)
[10:33:34][INFO] Registered tree at (308, 145, -92)
[10:33:34][INFO] Registered tree at (308, 145, -88)
[10:33:34][INFO] Registered tree at (308, 144, -68)
[10:33:34][INFO] Registered tree at (168, 148, -80)
[10:33:34][INFO] Registered tree at (168, 148, -80)
[10:33:34][INFO] Registered tree at (172, 148, -88)
[10:33:34][INFO] Registered tree at (168, 148, -80)
[10:33:34][INFO] Registered tree at (172, 148, -88)
[10:33:34][INFO] Registered tree at (180, 147, -72)
[10:33:34][INFO] Registered tree at (300, 143, -92)
[10:33:34][INFO] Registered tree at (300, 143, -92)
[10:33:34][INFO] Registered tree at (300, 144, -84)
[10:33:34][INFO] Registered tree at (300, 143, -92)
[10:33:34][INFO] Registered tree at (300, 144, -84)
[10:33:34][INFO] Registered tree at (300, 145, -76)
[10:33:34][INFO] Registered tree at (300, 143, -92)
[10:33:34][INFO] Registered tree at (300, 144, -84)
[10:33:34][INFO] Registered tree at (300, 145, -76)
[10:33:34][INFO] Registered tree at (308, 145, -92)
[10:33:34][INFO] Registered tree at (300, 143, -92)
[10:33:34][INFO] Registered tree at (300, 144, -84)
[10:33:34][INFO] Registered tree at (300, 145, -76)
[10:33:34][INFO] Registered tree at (308, 145, -92)
[10:33:34][INFO] Registered tree at (308, 145, -88)
[10:33:34][INFO] Registered tree at (300, 143, -92)
[10:33:34][INFO] Registered tree at (300, 144, -84)
[10:33:34][INFO] Registered tree at (300, 145, -76)
[10:33:34][INFO] Registered tree at (308, 145, -92)
[10:33:34][INFO] Registered tree at (308, 145, -88)
[10:33:34][INFO] Registered tree at (308, 144, -68)
[10:33:34][INFO] Registered tree at (168, 148, -80)
[10:33:34][INFO] Registered tree at (168, 148, -80)
[10:33:34][INFO] Registered tree at (172, 148, -88)
[10:33:34][INFO] Registered tree at (168, 148, -80)
[10:33:34][INFO] Registered tree at (172, 148, -88)
[10:33:34][INFO] Registered tree at (180, 147, -72)
[10:33:40][INFO] Registered tree at (236, 150, -112)
[10:33:40][INFO] Registered tree at (236, 150, -112)
[10:33:40][INFO] Registered tree at (240, 152, -124)
[10:33:40][INFO] Registered tree at (236, 150, -112)
[10:33:40][INFO] Registered tree at (240, 152, -124)
[10:33:40][INFO] Registered tree at (240, 150, -100)
[10:33:40][INFO] Registered tree at (256, 153, -100)
[10:33:40][INFO] Registered tree at (256, 153, -100)
[10:33:40][INFO] Registered tree at (260, 149, -124)
[10:33:40][INFO] Registered tree at (256, 153, -100)
[10:33:40][INFO] Registered tree at (260, 149, -124)
[10:33:40][INFO] Registered tree at (260, 151, -112)
[10:33:40][INFO] Registered tree at (256, 153, -100)
[10:33:40][INFO] Registered tree at (260, 149, -124)
[10:33:40][INFO] Registered tree at (260, 151, -112)
[10:33:40][INFO] Registered tree at (264, 152, -104)
[10:33:40][INFO] Registered tree at (256, 153, -100)
[10:33:40][INFO] Registered tree at (260, 149, -124)
[10:33:40][INFO] Registered tree at (260, 151, -112)
[10:33:40][INFO] Registered tree at (264, 152, -104)
[10:33:40][INFO] Registered tree at (268, 148, -116)
[10:33:40][INFO] Registered tree at (192, 144, -100)
[10:33:40][INFO] Registered tree at (192, 144, -100)
[10:33:40][INFO] Registered tree at (200, 143, -108)
[10:33:40][INFO] Registered tree at (192, 144, -100)
[10:33:40][INFO] Registered tree at (200, 143, -108)
[10:33:40][INFO] Registered tree at (204, 144, -120)
[10:33:40][INFO] Registered tree at (160, 147, -120)
[10:33:40][INFO] Registered tree at (160, 147, -120)
[10:33:40][INFO] Registered tree at (172, 146, -100)
[10:33:40][INFO] Registered tree at (160, 147, -120)
[10:33:40][INFO] Registered tree at (172, 146, -100)
[10:33:40][INFO] Registered tree at (176, 144, -116)
[10:33:40][INFO] Registered tree at (160, 147, -120)
[10:33:40][INFO] Registered tree at (172, 146, -100)
[10:33:40][INFO] Registered tree at (176, 144, -116)
[10:33:40][INFO] Registered tree at (176, 144, -108)
[10:33:40][INFO] Registered tree at (236, 150, -112)
[10:33:40][INFO] Registered tree at (236, 150, -112)
[10:33:40][INFO] Registered tree at (240, 152, -124)
[10:33:40][INFO] Registered tree at (236, 150, -112)
[10:33:40][INFO] Registered tree at (240, 152, -124)
[10:33:40][INFO] Registered tree at (240, 150, -100)
[10:33:40][INFO] Registered tree at (288, 150, -104)
[10:33:40][INFO] Registered tree at (288, 150, -104)
[10:33:40][INFO] Registered tree at (308, 145, -100)
[10:33:40][INFO] Registered tree at (288, 150, -104)
[10:33:40][INFO] Registered tree at (308, 145, -100)
[10:33:40][INFO] Registered tree at (316, 144, -124)
[10:33:40][INFO] Registered tree at (236, 150, -112)
[10:33:40][INFO] Registered tree at (236, 150, -112)
[10:33:40][INFO] Registered tree at (240, 152, -124)
[10:33:40][INFO] Registered tree at (236, 150, -112)
[10:33:40][INFO] Registered tree at (240, 152, -124)
[10:33:40][INFO] Registered tree at (240, 150, -100)
[10:33:40][INFO] Registered tree at (192, 144, -100)
[10:33:40][INFO] Registered tree at (192, 144, -100)
[10:33:40][INFO] Registered tree at (200, 143, -108)
[10:33:40][INFO] Registered tree at (192, 144, -100)
[10:33:40][INFO] Registered tree at (200, 143, -108)
[10:33:40][INFO] Registered tree at (204, 144, -120)
[10:33:40][INFO] Registered tree at (192, 144, -100)
[10:33:40][INFO] Registered tree at (192, 144, -100)
[10:33:40][INFO] Registered tree at (200, 143, -108)
[10:33:40][INFO] Registered tree at (192, 144, -100)
[10:33:40][INFO] Registered tree at (200, 143, -108)
[10:33:40][INFO] Registered tree at (204, 144, -120)
[10:33:40][INFO] Registered tree at (256, 153, -100)
[10:33:40][INFO] Registered tree at (256, 153, -100)
[10:33:40][INFO] Registered tree at (260, 149, -124)
[10:33:40][INFO] Registered tree at (256, 153, -100)
[10:33:40][INFO] Registered tree at (260, 149, -124)
[10:33:40][INFO] Registered tree at (260, 151, -112)
[10:33:40][INFO] Registered tree at (256, 153, -100)
[10:33:40][INFO] Registered tree at (260, 149, -124)
[10:33:40][INFO] Registered tree at (260, 151, -112)
[10:33:40][INFO] Registered tree at (264, 152, -104)
[10:33:40][INFO] Registered tree at (256, 153, -100)
[10:33:40][INFO] Registered tree at (260, 149, -124)
[10:33:40][INFO] Registered tree at (260, 151, -112)
[10:33:40][INFO] Registered tree at (264, 152, -104)
[10:33:40][INFO] Registered tree at (268, 148, -116)
[10:33:40][INFO] Registered tree at (256, 153, -100)
[10:33:40][INFO] Registered tree at (256, 153, -100)
[10:33:40][INFO] Registered tree at (260, 149, -124)
[10:33:40][INFO] Registered tree at (256, 153, -100)
[10:33:40][INFO] Registered tree at (260, 149, -124)
[10:33:40][INFO] Registered tree at (260, 151, -112)
[10:33:40][INFO] Registered tree at (256, 153, -100)
[10:33:40][INFO] Registered tree at (260, 149, -124)
[10:33:40][INFO] Registered tree at (260, 151, -112)
[10:33:40][INFO] Registered tree at (264, 152, -104)
[10:33:40][INFO] Registered tree at (256, 153, -100)
[10:33:40][INFO] Registered tree at (260, 149, -124)
[10:33:40][INFO] Registered tree at (260, 151, -112)
[10:33:40][INFO] Registered tree at (264, 152, -104)
[10:33:40][INFO] Registered tree at (268, 148, -116)
[10:33:40][INFO] Registered tree at (288, 150, -104)
[10:33:40][INFO] Registered tree at (288, 150, -104)
[10:33:40][INFO] Registered tree at (308, 145, -100)
[10:33:40][INFO] Registered tree at (288, 150, -104)
[10:33:40][INFO] Registered tree at (308, 145, -100)
[10:33:40][INFO] Registered tree at (316, 144, -124)
[10:33:40][INFO] Registered tree at (160, 147, -120)
[10:33:40][INFO] Registered tree at (160, 147, -120)
[10:33:40][INFO] Registered tree at (172, 146, -100)
[10:33:40][INFO] Registered tree at (160, 147, -120)
[10:33:40][INFO] Registered tree at (172, 146, -100)
[10:33:40][INFO] Registered tree at (176, 144, -116)
[10:33:40][INFO] Registered tree at (160, 147, -120)
[10:33:40][INFO] Registered tree at (172, 146, -100)
[10:33:40][INFO] Registered tree at (176, 144, -116)
[10:33:40][INFO] Registered tree at (176, 144, -108)
[10:33:40][INFO] Registered tree at (160, 147, -120)
[10:33:40][INFO] Registered tree at (160, 147, -120)
[10:33:40][INFO] Registered tree at (172, 146, -100)
[10:33:40][INFO] Registered tree at (160, 147, -120)
[10:33:40][INFO] Registered tree at (172, 146, -100)
[10:33:40][INFO] Registered tree at (176, 144, -116)
[10:33:40][INFO] Registered tree at (160, 147, -120)
[10:33:40][INFO] Registered tree at (172, 146, -100)
[10:33:40][INFO] Registered tree at (176, 144, -116)
[10:33:40][INFO] Registered tree at (176, 144, -108)
[10:33:40][INFO] Registered tree at (288, 150, -104)
[10:33:40][INFO] Registered tree at (288, 150, -104)
[10:33:40][INFO] Registered tree at (308, 145, -100)
[10:33:40][INFO] Registered tree at (288, 150, -104)
[10:33:40][INFO] Registered tree at (308, 145, -100)
[10:33:40][INFO] Registered tree at (316, 144, -124)
[10:33:40][INFO] Registered tree at (236, 150, -112)
[10:33:40][INFO] Registered tree at (236, 150, -112)
[10:33:40][INFO] Registered tree at (240, 152, -124)
[10:33:40][INFO] Registered tree at (236, 150, -112)
[10:33:40][INFO] Registered tree at (240, 152, -124)
[10:33:40][INFO] Registered tree at (240, 150, -100)
[10:33:40][INFO] Registered tree at (236, 150, -112)
[10:33:40][INFO] Registered tree at (236, 150, -112)
[10:33:40][INFO] Registered tree at (240, 152, -124)
[10:33:40][INFO] Registered tree at (236, 150, -112)
[10:33:40][INFO] Registered tree at (240, 152, -124)
[10:33:40][INFO] Registered tree at (240, 150, -100)
[10:33:40][INFO] Registered tree at (256, 153, -100)
[10:33:40][INFO] Registered tree at (256, 153, -100)
[10:33:40][INFO] Registered tree at (260, 149, -124)
[10:33:40][INFO] Registered tree at (256, 153, -100)
[10:33:40][INFO] Registered tree at (260, 149, -124)
[10:33:40][INFO] Registered tree at (260, 151, -112)
[10:33:40][INFO] Registered tree at (256, 153, -100)
[10:33:40][INFO] Registered tree at (260, 149, -124)
[10:33:40][INFO] Registered tree at (260, 151, -112)
[10:33:40][INFO] Registered tree at (264, 152, -104)
[10:33:40][INFO] Registered tree at (256, 153, -100)
[10:33:40][INFO] Registered tree at (260, 149, -124)
[10:33:40][INFO] Registered tree at (260, 151, -112)
[10:33:40][INFO] Registered tree at (264, 152, -104)
[10:33:40][INFO] Registered tree at (268, 148, -116)
[10:33:40][INFO] Registered tree at (192, 144, -100)
[10:33:40][INFO] Registered tree at (192, 144, -100)
[10:33:40][INFO] Registered tree at (200, 143, -108)
[10:33:40][INFO] Registered tree at (192, 144, -100)
[10:33:40][INFO] Registered tree at (200, 143, -108)
[10:33:40][INFO] Registered tree at (204, 144, -120)
[10:33:40][INFO] Registered tree at (192, 144, -100)
[10:33:40][INFO] Registered tree at (192, 144, -100)
[10:33:40][INFO] Registered tree at (200, 143, -108)
[10:33:40][INFO] Registered tree at (192, 144, -100)
[10:33:40][INFO] Registered tree at (200, 143, -108)
[10:33:40][INFO] Registered tree at (204, 144, -120)
[10:33:40][INFO] Registered tree at (256, 153, -100)
[10:33:40][INFO] Registered tree at (256, 153, -100)
[10:33:40][INFO] Registered tree at (260, 149, -124)
[10:33:40][INFO] Registered tree at (256, 153, -100)
[10:33:40][INFO] Registered tree at (260, 149, -124)
[10:33:40][INFO] Registered tree at (260, 151, -112)
[10:33:40][INFO] Registered tree at (256, 153, -100)
[10:33:40][INFO] Registered tree at (260, 149, -124)
[10:33:40][INFO] Registered tree at (260, 151, -112)
[10:33:40][INFO] Registered tree at (264, 152, -104)
[10:33:40][INFO] Registered tree at (256, 153, -100)
[10:33:40][INFO] Registered tree at (260, 149, -124)
[10:33:40][INFO] Registered tree at (260, 151, -112)
[10:33:40][INFO] Registered tree at (264, 152, -104)
[10:33:40][INFO] Registered tree at (268, 148, -116)
[10:33:40][INFO] Registered tree at (160, 147, -120)
[10:33:40][INFO] Registered tree at (160, 147, -120)
[10:33:40][INFO] Registered tree at (172, 146, -100)
[10:33:40][INFO] Registered tree at (160, 147, -120)
[10:33:40][INFO] Registered tree at (172, 146, -100)
[10:33:40][INFO] Registered tree at (176, 144, -116)
[10:33:40][INFO] Registered tree at (160, 147, -120)
[10:33:40][INFO] Registered tree at (172, 146, -100)
[10:33:40][INFO] Registered tree at (176, 144, -116)
[10:33:40][INFO] Registered tree at (176, 144, -108)
[10:33:40][INFO] Registered tree at (288, 150, -104)
[10:33:40][INFO] Registered tree at (288, 150, -104)
[10:33:40][INFO] Registered tree at (308, 145, -100)
[10:33:40][INFO] Registered tree at (288, 150, -104)
[10:33:40][INFO] Registered tree at (308, 145, -100)
[10:33:40][INFO] Registered tree at (316, 144, -124)
[10:33:40][INFO] Registered tree at (160, 147, -120)
[10:33:40][INFO] Registered tree at (160, 147, -120)
[10:33:40][INFO] Registered tree at (172, 146, -100)
[10:33:40][INFO] Registered tree at (160, 147, -120)
[10:33:40][INFO] Registered tree at (172, 146, -100)
[10:33:40][INFO] Registered tree at (176, 144, -116)
[10:33:40][INFO] Registered tree at (160, 147, -120)
[10:33:40][INFO] Registered tree at (172, 146, -100)
[10:33:40][INFO] Registered tree at (176, 144, -116)
[10:33:40][INFO] Registered tree at (176, 144, -108)
[10:33:40][INFO] Registered tree at (288, 150, -104)
[10:33:40][INFO] Registered tree at (288, 150, -104)
[10:33:40][INFO] Registered tree at (308, 145, -100)
[10:33:40][INFO] Registered tree at (288, 150, -104)
[10:33:40][INFO] Registered tree at (308, 145, -100)
[10:33:40][INFO] Registered tree at (316, 144, -124)
[10:33:40][INFO] Registered tree at (236, 150, -112)
[10:33:40][INFO] Registered tree at (236, 150, -112)
[10:33:40][INFO] Registered tree at (240, 152, -124)
[10:33:40][INFO] Registered tree at (236, 150, -112)
[10:33:40][INFO] Registered tree at (240, 152, -124)
[10:33:40][INFO] Registered tree at (240, 150, -100)
[10:33:40][INFO] Registered tree at (236, 150, -112)
[10:33:40][INFO] Registered tree at (236, 150, -112)
[10:33:40][INFO] Registered tree at (240, 152, -124)
[10:33:40][INFO] Registered tree at (236, 150, -112)
[10:33:40][INFO] Registered tree at (240, 152, -124)
[10:33:40][INFO] Registered tree at (240, 150, -100)
[10:33:40][INFO] Registered tree at (256, 153, -100)
[10:33:40][INFO] Registered tree at (256, 153, -100)
[10:33:40][INFO] Registered tree at (260, 149, -124)
[10:33:40][INFO] Registered tree at (256, 153, -100)
[10:33:40][INFO] Registered tree at (260, 149, -124)
[10:33:40][INFO] Registered tree at (260, 151, -112)
[10:33:40][INFO] Registered tree at (256, 153, -100)
[10:33:40][INFO] Registered tree at (260, 149, -124)
[10:33:40][INFO] Registered tree at (260, 151, -112)
[10:33:40][INFO] Registered tree at (264, 152, -104)
[10:33:40][INFO] Registered tree at (256, 153, -100)
[10:33:40][INFO] Registered tree at (260, 149, -124)
[10:33:40][INFO] Registered tree at (260, 151, -112)
[10:33:40][INFO] Registered tree at (264, 152, -104)
[10:33:40][INFO] Registered tree at (268, 148, -116)
[10:33:40][INFO] Registered tree at (256, 153, -100)
[10:33:40][INFO] Registered tree at (256, 153, -100)
[10:33:40][INFO] Registered tree at (260, 149, -124)
[10:33:40][INFO] Registered tree at (256, 153, -100)
[10:33:40][INFO] Registered tree at (260, 149, -124)
[10:33:40][INFO] Registered tree at (260, 151, -112)
[10:33:40][INFO] Registered tree at (256, 153, -100)
[10:33:40][INFO] Registered tree at (260, 149, -124)
[10:33:40][INFO] Registered tree at (260, 151, -112)
[10:33:40][INFO] Registered tree at (264, 152, -104)
[10:33:40][INFO] Registered tree at (256, 153, -100)
[10:33:40][INFO] Registered tree at (260, 149, -124)
[10:33:40][INFO] Registered tree at (260, 151, -112)
[10:33:40][INFO] Registered tree at (264, 152, -104)
[10:33:40][INFO] Registered tree at (268, 148, -116)
[10:33:40][INFO] Registered tree at (192, 144, -100)
[10:33:40][INFO] Registered tree at (192, 144, -100)
[10:33:40][INFO] Registered tree at (200, 143, -108)
[10:33:40][INFO] Registered tree at (192, 144, -100)
[10:33:40][INFO] Registered tree at (200, 143, -108)
[10:33:40][INFO] Registered tree at (204, 144, -120)
[10:33:40][INFO] Registered tree at (192, 144, -100)
[10:33:40][INFO] Registered tree at (192, 144, -100)
[10:33:40][INFO] Registered tree at (200, 143, -108)
[10:33:40][INFO] Registered tree at (192, 144, -100)
[10:33:40][INFO] Registered tree at (200, 143, -108)
[10:33:40][INFO] Registered tree at (204, 144, -120)
[10:33:40][INFO] Registered tree at (288, 150, -104)
[10:33:40][INFO] Registered tree at (288, 150, -104)
[10:33:40][INFO] Registered tree at (308, 145, -100)
[10:33:40][INFO] Registered tree at (288, 150, -104)
[10:33:40][INFO] Registered tree at (308, 145, -100)
[10:33:40][INFO] Registered tree at (316, 144, -124)
[10:33:40][INFO] Registered tree at (160, 147, -120)
[10:33:40][INFO] Registered tree at (160, 147, -120)
[10:33:40][INFO] Registered tree at (172, 146, -100)
[10:33:40][INFO] Registered tree at (160, 147, -120)
[10:33:40][INFO] Registered tree at (172, 146, -100)
[10:33:40][INFO] Registered tree at (176, 144, -116)
[10:33:40][INFO] Registered tree at (160, 147, -120)
[10:33:40][INFO] Registered tree at (172, 146, -100)
[10:33:40][INFO] Registered tree at (176, 144, -116)
[10:33:40][INFO] Registered tree at (176, 144, -108)
[10:33:40][INFO] Registered tree at (288, 150, -104)
[10:33:40][INFO] Registered tree at (288, 150, -104)
[10:33:40][INFO] Registered tree at (308, 145, -100)
[10:33:40][INFO] Registered tree at (288, 150, -104)
[10:33:40][INFO] Registered tree at (308, 145, -100)
[10:33:40][INFO] Registered tree at (316, 144, -124)
[10:33:40][INFO] Registered tree at (160, 147, -120)
[10:33:40][INFO] Registered tree at (160, 147, -120)
[10:33:40][INFO] Registered tree at (172, 146, -100)
[10:33:40][INFO] Registered tree at (160, 147, -120)
[10:33:40][INFO] Registered tree at (172, 146, -100)
[10:33:40][INFO] Registered tree at (176, 144, -116)
[10:33:40][INFO] Registered tree at (160, 147, -120)
[10:33:40][INFO] Registered tree at (172, 146, -100)
[10:33:40][INFO] Registered tree at (176, 144, -116)
[10:33:40][INFO] Registered tree at (176, 144, -108)
[10:33:40][INFO] Registered tree at (236, 150, -112)
[10:33:40][INFO] Registered tree at (236, 150, -112)
[10:33:40][INFO] Registered tree at (240, 152, -124)
[10:33:40][INFO] Registered tree at (236, 150, -112)
[10:33:40][INFO] Registered tree at (240, 152, -124)
[10:33:40][INFO] Registered tree at (240, 150, -100)
[10:33:40][INFO] Registered tree at (236, 150, -112)
[10:33:40][INFO] Registered tree at (236, 150, -112)
[10:33:40][INFO] Registered tree at (240, 152, -124)
[10:33:40][INFO] Registered tree at (236, 150, -112)
[10:33:40][INFO] Registered tree at (240, 152, -124)
[10:33:40][INFO] Registered tree at (240, 150, -100)
[10:33:40][INFO] Registered tree at (192, 144, -100)
[10:33:40][INFO] Registered tree at (192, 144, -100)
[10:33:40][INFO] Registered tree at (200, 143, -108)
[10:33:40][INFO] Registered tree at (192, 144, -100)
[10:33:40][INFO] Registered tree at (200, 143, -108)
[10:33:40][INFO] Registered tree at (204, 144, -120)
[10:33:40][INFO] Registered tree at (192, 144, -100)
[10:33:40][INFO] Registered tree at (192, 144, -100)
[10:33:40][INFO] Registered tree at (200, 143, -108)
[10:33:40][INFO] Registered tree at (192, 144, -100)
[10:33:40][INFO] Registered tree at (200, 143, -108)
[10:33:40][INFO] Registered tree at (204, 144, -120)
[10:33:40][INFO] Registered tree at (256, 153, -100)
[10:33:40][INFO] Registered tree at (256, 153, -100)
[10:33:40][INFO] Registered tree at (260, 149, -124)
[10:33:40][INFO] Registered tree at (256, 153, -100)
[10:33:40][INFO] Registered tree at (260, 149, -124)
[10:33:40][INFO] Registered tree at (260, 151, -112)
[10:33:40][INFO] Registered tree at (256, 153, -100)
[10:33:40][INFO] Registered tree at (260, 149, -124)
[10:33:40][INFO] Registered tree at (260, 151, -112)
[10:33:40][INFO] Registered tree at (264, 152, -104)
[10:33:40][INFO] Registered tree at (256, 153, -100)
[10:33:40][INFO] Registered tree at (260, 149, -124)
[10:33:40][INFO] Registered tree at (260, 151, -112)
[10:33:40][INFO] Registered tree at (264, 152, -104)
[10:33:40][INFO] Registered tree at (268, 148, -116)
[10:33:40][INFO] Registered tree at (256, 153, -100)
[10:33:40][INFO] Registered tree at (256, 153, -100)
[10:33:40][INFO] Registered tree at (260, 149, -124)
[10:33:40][INFO] Registered tree at (256, 153, -100)
[10:33:40][INFO] Registered tree at (260, 149, -124)
[10:33:40][INFO] Registered tree at (260, 151, -112)
[10:33:40][INFO] Registered tree at (256, 153, -100)
[10:33:40][INFO] Registered tree at (260, 149, -124)
[10:33:40][INFO] Registered tree at (260, 151, -112)
[10:33:40][INFO] Registered tree at (264, 152, -104)
[10:33:40][INFO] Registered tree at (256, 153, -100)
[10:33:40][INFO] Registered tree at (260, 149, -124)
[10:33:40][INFO] Registered tree at (260, 151, -112)
[10:33:40][INFO] Registered tree at (264, 152, -104)
[10:33:40][INFO] Registered tree at (268, 148, -116)
[10:33:40][INFO] Registered tree at (288, 150, -104)
[10:33:40][INFO] Registered tree at (288, 150, -104)
[10:33:40][INFO] Registered tree at (308, 145, -100)
[10:33:40][INFO] Registered tree at (288, 150, -104)
[10:33:40][INFO] Registered tree at (308, 145, -100)
[10:33:40][INFO] Registered tree at (316, 144, -124)
[10:33:40][INFO] Registered tree at (160, 147, -120)
[10:33:40][INFO] Registered tree at (160, 147, -120)
[10:33:40][INFO] Registered tree at (172, 146, -100)
[10:33:40][INFO] Registered tree at (160, 147, -120)
[10:33:40][INFO] Registered tree at (172, 146, -100)
[10:33:40][INFO] Registered tree at (176, 144, -116)
[10:33:40][INFO] Registered tree at (160, 147, -120)
[10:33:40][INFO] Registered tree at (172, 146, -100)
[10:33:40][INFO] Registered tree at (176, 144, -116)
[10:33:40][INFO] Registered tree at (176, 144, -108)
[10:33:40][INFO] Registered tree at (288, 150, -104)
[10:33:40][INFO] Registered tree at (288, 150, -104)
[10:33:40][INFO] Registered tree at (308, 145, -100)
[10:33:40][INFO] Registered tree at (288, 150, -104)
[10:33:40][INFO] Registered tree at (308, 145, -100)
[10:33:40][INFO] Registered tree at (316, 144, -124)
[10:33:40][INFO] Registered tree at (160, 147, -120)
[10:33:40][INFO] Registered tree at (160, 147, -120)
[10:33:40][INFO] Registered tree at (172, 146, -100)
[10:33:40][INFO] Registered tree at (160, 147, -120)
[10:33:40][INFO] Registered tree at (172, 146, -100)
[10:33:40][INFO] Registered tree at (176, 144, -116)
[10:33:40][INFO] Registered tree at (160, 147, -120)
[10:33:40][INFO] Registered tree at (172, 146, -100)
[10:33:40][INFO] Registered tree at (176, 144, -116)
[10:33:40][INFO] Registered tree at (176, 144, -108)
[10:33:46][INFO] Registered tree at (224, 141, -140)
[10:33:46][INFO] Registered tree at (224, 141, -140)
[10:33:46][INFO] Registered tree at (228, 144, -136)
[10:33:46][INFO] Registered tree at (224, 141, -140)
[10:33:46][INFO] Registered tree at (228, 144, -136)
[10:33:46][INFO] Registered tree at (236, 143, -156)
[10:33:46][INFO] Registered tree at (224, 141, -140)
[10:33:46][INFO] Registered tree at (228, 144, -136)
[10:33:46][INFO] Registered tree at (236, 143, -156)
[10:33:46][INFO] Registered tree at (236, 146, -140)
[10:33:46][INFO] Registered tree at (224, 141, -140)
[10:33:46][INFO] Registered tree at (228, 144, -136)
[10:33:46][INFO] Registered tree at (236, 143, -156)
[10:33:46][INFO] Registered tree at (236, 146, -140)
[10:33:46][INFO] Registered tree at (236, 149, -132)
[10:33:46][INFO] Registered tree at (224, 141, -140)
[10:33:46][INFO] Registered tree at (228, 144, -136)
[10:33:46][INFO] Registered tree at (236, 143, -156)
[10:33:46][INFO] Registered tree at (236, 146, -140)
[10:33:46][INFO] Registered tree at (236, 149, -132)
[10:33:46][INFO] Registered tree at (244, 146, -148)
[10:33:46][INFO] Registered tree at (224, 141, -140)
[10:33:46][INFO] Registered tree at (228, 144, -136)
[10:33:46][INFO] Registered tree at (236, 143, -156)
[10:33:46][INFO] Registered tree at (236, 146, -140)
[10:33:46][INFO] Registered tree at (236, 149, -132)
[10:33:46][INFO] Registered tree at (244, 146, -148)
[10:33:46][INFO] Registered tree at (252, 146, -148)
[10:33:46][INFO] Registered tree at (268, 147, -132)
[10:33:46][INFO] Registered tree at (268, 147, -132)
[10:33:46][INFO] Registered tree at (276, 144, -156)
[10:33:46][INFO] Registered tree at (268, 147, -132)
[10:33:46][INFO] Registered tree at (276, 144, -156)
[10:33:46][INFO] Registered tree at (276, 144, -152)
[10:33:46][INFO] Registered tree at (192, 138, -160)
[10:33:46][INFO] Registered tree at (192, 138, -160)
[10:33:46][INFO] Registered tree at (196, 137, -148)
[10:33:46][INFO] Registered tree at (192, 138, -160)
[10:33:46][INFO] Registered tree at (196, 137, -148)
[10:33:46][INFO] Registered tree at (204, 138, -148)
[10:33:46][INFO] Registered tree at (164, 147, -148)
[10:33:46][INFO] Registered tree at (164, 147, -148)
[10:33:46][INFO] Registered tree at (180, 141, -156)
[10:33:46][INFO] Registered tree at (164, 147, -148)
[10:33:46][INFO] Registered tree at (180, 141, -156)
[10:33:46][INFO] Registered tree at (188, 139, -156)
[10:33:46][INFO] Registered tree at (224, 141, -140)
[10:33:46][INFO] Registered tree at (224, 141, -140)
[10:33:46][INFO] Registered tree at (228, 144, -136)
[10:33:46][INFO] Registered tree at (224, 141, -140)
[10:33:46][INFO] Registered tree at (228, 144, -136)
[10:33:46][INFO] Registered tree at (236, 143, -156)
[10:33:46][INFO] Registered tree at (224, 141, -140)
[10:33:46][INFO] Registered tree at (228, 144, -136)
[10:33:46][INFO] Registered tree at (236, 143, -156)
[10:33:46][INFO] Registered tree at (236, 146, -140)
[10:33:46][INFO] Registered tree at (224, 141, -140)
[10:33:46][INFO] Registered tree at (228, 144, -136)
[10:33:46][INFO] Registered tree at (236, 143, -156)
[10:33:46][INFO] Registered tree at (236, 146, -140)
[10:33:46][INFO] Registered tree at (236, 149, -132)
[10:33:46][INFO] Registered tree at (224, 141, -140)
[10:33:46][INFO] Registered tree at (228, 144, -136)
[10:33:46][INFO] Registered tree at (236, 143, -156)
[10:33:46][INFO] Registered tree at (236, 146, -140)
[10:33:46][INFO] Registered tree at (236, 149, -132)
[10:33:46][INFO] Registered tree at (244, 146, -148)
[10:33:46][INFO] Registered tree at (224, 141, -140)
[10:33:46][INFO] Registered tree at (228, 144, -136)
[10:33:46][INFO] Registered tree at (236, 143, -156)
[10:33:46][INFO] Registered tree at (236, 146, -140)
[10:33:46][INFO] Registered tree at (236, 149, -132)
[10:33:46][INFO] Registered tree at (244, 146, -148)
[10:33:46][INFO] Registered tree at (252, 146, -148)
[10:33:46][INFO] Registered tree at (288, 146, -132)
[10:33:46][INFO] Registered tree at (288, 146, -132)
[10:33:46][INFO] Registered tree at (296, 140, -156)
[10:33:46][INFO] Registered tree at (288, 146, -132)
[10:33:46][INFO] Registered tree at (296, 140, -156)
[10:33:46][INFO] Registered tree at (296, 144, -132)
[10:33:46][INFO] Registered tree at (288, 146, -132)
[10:33:46][INFO] Registered tree at (296, 140, -156)
[10:33:46][INFO] Registered tree at (296, 144, -132)
[10:33:46][INFO] Registered tree at (304, 140, -156)
[10:33:46][INFO] Registered tree at (288, 146, -132)
[10:33:46][INFO] Registered tree at (296, 140, -156)
[10:33:46][INFO] Registered tree at (296, 144, -132)
[10:33:46][INFO] Registered tree at (304, 140, -156)
[10:33:46][INFO] Registered tree at (308, 142, -132)
[10:33:46][INFO] Registered tree at (224, 141, -140)
[10:33:46][INFO] Registered tree at (224, 141, -140)
[10:33:46][INFO] Registered tree at (228, 144, -136)
[10:33:46][INFO] Registered tree at (224, 141, -140)
[10:33:46][INFO] Registered tree at (228, 144, -136)
[10:33:46][INFO] Registered tree at (236, 143, -156)
[10:33:46][INFO] Registered tree at (224, 141, -140)
[10:33:46][INFO] Registered tree at (228, 144, -136)
[10:33:46][INFO] Registered tree at (236, 143, -156)
[10:33:46][INFO] Registered tree at (236, 146, -140)
[10:33:46][INFO] Registered tree at (224, 141, -140)
[10:33:46][INFO] Registered tree at (228, 144, -136)
[10:33:46][INFO] Registered tree at (236, 143, -156)
[10:33:46][INFO] Registered tree at (236, 146, -140)
[10:33:46][INFO] Registered tree at (236, 149, -132)
[10:33:46][INFO] Registered tree at (224, 141, -140)
[10:33:46][INFO] Registered tree at (228, 144, -136)
[10:33:46][INFO] Registered tree at (236, 143, -156)
[10:33:46][INFO] Registered tree at (236, 146, -140)
[10:33:46][INFO] Registered tree at (236, 149, -132)
[10:33:46][INFO] Registered tree at (244, 146, -148)
[10:33:46][INFO] Registered tree at (224, 141, -140)
[10:33:46][INFO] Registered tree at (228, 144, -136)
[10:33:46][INFO] Registered tree at (236, 143, -156)
[10:33:46][INFO] Registered tree at (236, 146, -140)
[10:33:46][INFO] Registered tree at (236, 149, -132)
[10:33:46][INFO] Registered tree at (244, 146, -148)
[10:33:46][INFO] Registered tree at (252, 146, -148)
[10:33:46][INFO] Registered tree at (192, 138, -160)
[10:33:46][INFO] Registered tree at (192, 138, -160)
[10:33:46][INFO] Registered tree at (196, 137, -148)
[10:33:46][INFO] Registered tree at (192, 138, -160)
[10:33:46][INFO] Registered tree at (196, 137, -148)
[10:33:46][INFO] Registered tree at (204, 138, -148)
[10:33:46][INFO] Registered tree at (192, 138, -160)
[10:33:46][INFO] Registered tree at (192, 138, -160)
[10:33:46][INFO] Registered tree at (196, 137, -148)
[10:33:46][INFO] Registered tree at (192, 138, -160)
[10:33:46][INFO] Registered tree at (196, 137, -148)
[10:33:46][INFO] Registered tree at (204, 138, -148)
[10:33:46][INFO] Registered tree at (268, 147, -132)
[10:33:46][INFO] Registered tree at (268, 147, -132)
[10:33:46][INFO] Registered tree at (276, 144, -156)
[10:33:46][INFO] Registered tree at (268, 147, -132)
[10:33:46][INFO] Registered tree at (276, 144, -156)
[10:33:46][INFO] Registered tree at (276, 144, -152)
[10:33:46][INFO] Registered tree at (268, 147, -132)
[10:33:46][INFO] Registered tree at (268, 147, -132)
[10:33:46][INFO] Registered tree at (276, 144, -156)
[10:33:46][INFO] Registered tree at (268, 147, -132)
[10:33:46][INFO] Registered tree at (276, 144, -156)
[10:33:46][INFO] Registered tree at (276, 144, -152)
[10:33:46][INFO] Registered tree at (288, 146, -132)
[10:33:46][INFO] Registered tree at (288, 146, -132)
[10:33:46][INFO] Registered tree at (296, 140, -156)
[10:33:46][INFO] Registered tree at (288, 146, -132)
[10:33:46][INFO] Registered tree at (296, 140, -156)
[10:33:46][INFO] Registered tree at (296, 144, -132)
[10:33:46][INFO] Registered tree at (288, 146, -132)
[10:33:46][INFO] Registered tree at (296, 140, -156)
[10:33:46][INFO] Registered tree at (296, 144, -132)
[10:33:46][INFO] Registered tree at (304, 140, -156)
[10:33:46][INFO] Registered tree at (288, 146, -132)
[10:33:46][INFO] Registered tree at (296, 140, -156)
[10:33:46][INFO] Registered tree at (296, 144, -132)
[10:33:46][INFO] Registered tree at (304, 140, -156)
[10:33:46][INFO] Registered tree at (308, 142, -132)
[10:33:46][INFO] Registered tree at (164, 147, -148)
[10:33:46][INFO] Registered tree at (164, 147, -148)
[10:33:46][INFO] Registered tree at (180, 141, -156)
[10:33:46][INFO] Registered tree at (164, 147, -148)
[10:33:46][INFO] Registered tree at (180, 141, -156)
[10:33:46][INFO] Registered tree at (188, 139, -156)
[10:33:46][INFO] Registered tree at (164, 147, -148)
[10:33:46][INFO] Registered tree at (164, 147, -148)
[10:33:46][INFO] Registered tree at (180, 141, -156)
[10:33:46][INFO] Registered tree at (164, 147, -148)
[10:33:46][INFO] Registered tree at (180, 141, -156)
[10:33:46][INFO] Registered tree at (188, 139, -156)
[10:33:46][INFO] Registered tree at (288, 146, -132)
[10:33:46][INFO] Registered tree at (288, 146, -132)
[10:33:46][INFO] Registered tree at (296, 140, -156)
[10:33:46][INFO] Registered tree at (288, 146, -132)
[10:33:46][INFO] Registered tree at (296, 140, -156)
[10:33:46][INFO] Registered tree at (296, 144, -132)
[10:33:46][INFO] Registered tree at (288, 146, -132)
[10:33:46][INFO] Registered tree at (296, 140, -156)
[10:33:46][INFO] Registered tree at (296, 144, -132)
[10:33:46][INFO] Registered tree at (304, 140, -156)
[10:33:46][INFO] Registered tree at (288, 146, -132)
[10:33:46][INFO] Registered tree at (296, 140, -156)
[10:33:46][INFO] Registered tree at (296, 144, -132)
[10:33:46][INFO] Registered tree at (304, 140, -156)
[10:33:46][INFO] Registered tree at (308, 142, -132)
[10:33:46][INFO] Registered tree at (224, 141, -140)
[10:33:46][INFO] Registered tree at (224, 141, -140)
[10:33:46][INFO] Registered tree at (228, 144, -136)
[10:33:46][INFO] Registered tree at (224, 141, -140)
[10:33:46][INFO] Registered tree at (228, 144, -136)
[10:33:46][INFO] Registered tree at (236, 143, -156)
[10:33:46][INFO] Registered tree at (224, 141, -140)
[10:33:46][INFO] Registered tree at (228, 144, -136)
[10:33:46][INFO] Registered tree at (236, 143, -156)
[10:33:46][INFO] Registered tree at (236, 146, -140)
[10:33:46][INFO] Registered tree at (224, 141, -140)
[10:33:46][INFO] Registered tree at (228, 144, -136)
[10:33:46][INFO] Registered tree at (236, 143, -156)
[10:33:46][INFO] Registered tree at (236, 146, -140)
[10:33:46][INFO] Registered tree at (236, 149, -132)
[10:33:46][INFO] Registered tree at (224, 141, -140)
[10:33:46][INFO] Registered tree at (228, 144, -136)
[10:33:46][INFO] Registered tree at (236, 143, -156)
[10:33:46][INFO] Registered tree at (236, 146, -140)
[10:33:46][INFO] Registered tree at (236, 149, -132)
[10:33:46][INFO] Registered tree at (244, 146, -148)
[10:33:46][INFO] Registered tree at (224, 141, -140)
[10:33:46][INFO] Registered tree at (228, 144, -136)
[10:33:46][INFO] Registered tree at (236, 143, -156)
[10:33:46][INFO] Registered tree at (236, 146, -140)
[10:33:46][INFO] Registered tree at (236, 149, -132)
[10:33:46][INFO] Registered tree at (244, 146, -148)
[10:33:46][INFO] Registered tree at (252, 146, -148)
[10:33:46][INFO] Registered tree at (224, 141, -140)
[10:33:46][INFO] Registered tree at (224, 141, -140)
[10:33:46][INFO] Registered tree at (228, 144, -136)
[10:33:46][INFO] Registered tree at (224, 141, -140)
[10:33:46][INFO] Registered tree at (228, 144, -136)
[10:33:46][INFO] Registered tree at (236, 143, -156)
[10:33:46][INFO] Registered tree at (224, 141, -140)
[10:33:46][INFO] Registered tree at (228, 144, -136)
[10:33:46][INFO] Registered tree at (236, 143, -156)
[10:33:46][INFO] Registered tree at (236, 146, -140)
[10:33:46][INFO] Registered tree at (224, 141, -140)
[10:33:46][INFO] Registered tree at (228, 144, -136)
[10:33:46][INFO] Registered tree at (236, 143, -156)
[10:33:46][INFO] Registered tree at (236, 146, -140)
[10:33:46][INFO] Registered tree at (236, 149, -132)
[10:33:46][INFO] Registered tree at (224, 141, -140)
[10:33:46][INFO] Registered tree at (228, 144, -136)
[10:33:46][INFO] Registered tree at (236, 143, -156)
[10:33:46][INFO] Registered tree at (236, 146, -140)
[10:33:46][INFO] Registered tree at (236, 149, -132)
[10:33:46][INFO] Registered tree at (244, 146, -148)
[10:33:46][INFO] Registered tree at (224, 141, -140)
[10:33:46][INFO] Registered tree at (228, 144, -136)
[10:33:46][INFO] Registered tree at (236, 143, -156)
[10:33:46][INFO] Registered tree at (236, 146, -140)
[10:33:46][INFO] Registered tree at (236, 149, -132)
[10:33:46][INFO] Registered tree at (244, 146, -148)
[10:33:46][INFO] Registered tree at (252, 146, -148)
[10:33:46][INFO] Registered tree at (268, 147, -132)
[10:33:46][INFO] Registered tree at (268, 147, -132)
[10:33:46][INFO] Registered tree at (276, 144, -156)
[10:33:46][INFO] Registered tree at (268, 147, -132)
[10:33:46][INFO] Registered tree at (276, 144, -156)
[10:33:46][INFO] Registered tree at (276, 144, -152)
[10:33:46][INFO] Registered tree at (192, 138, -160)
[10:33:46][INFO] Registered tree at (192, 138, -160)
[10:33:46][INFO] Registered tree at (196, 137, -148)
[10:33:46][INFO] Registered tree at (192, 138, -160)
[10:33:46][INFO] Registered tree at (196, 137, -148)
[10:33:46][INFO] Registered tree at (204, 138, -148)
[10:33:46][INFO] Registered tree at (192, 138, -160)
[10:33:46][INFO] Registered tree at (192, 138, -160)
[10:33:46][INFO] Registered tree at (196, 137, -148)
[10:33:46][INFO] Registered tree at (192, 138, -160)
[10:33:46][INFO] Registered tree at (196, 137, -148)
[10:33:46][INFO] Registered tree at (204, 138, -148)
[10:33:46][INFO] Registered tree at (268, 147, -132)
[10:33:46][INFO] Registered tree at (268, 147, -132)
[10:33:46][INFO] Registered tree at (276, 144, -156)
[10:33:46][INFO] Registered tree at (268, 147, -132)
[10:33:46][INFO] Registered tree at (276, 144, -156)
[10:33:46][INFO] Registered tree at (276, 144, -152)
[10:33:46][INFO] Registered tree at (164, 147, -148)
[10:33:46][INFO] Registered tree at (164, 147, -148)
[10:33:46][INFO] Registered tree at (180, 141, -156)
[10:33:46][INFO] Registered tree at (164, 147, -148)
[10:33:46][INFO] Registered tree at (180, 141, -156)
[10:33:46][INFO] Registered tree at (188, 139, -156)
[10:33:46][INFO] Registered tree at (288, 146, -132)
[10:33:46][INFO] Registered tree at (288, 146, -132)
[10:33:46][INFO] Registered tree at (296, 140, -156)
[10:33:46][INFO] Registered tree at (288, 146, -132)
[10:33:46][INFO] Registered tree at (296, 140, -156)
[10:33:46][INFO] Registered tree at (296, 144, -132)
[10:33:46][INFO] Registered tree at (288, 146, -132)
[10:33:46][INFO] Registered tree at (296, 140, -156)
[10:33:46][INFO] Registered tree at (296, 144, -132)
[10:33:46][INFO] Registered tree at (304, 140, -156)
[10:33:46][INFO] Registered tree at (288, 146, -132)
[10:33:46][INFO] Registered tree at (296, 140, -156)
[10:33:46][INFO] Registered tree at (296, 144, -132)
[10:33:46][INFO] Registered tree at (304, 140, -156)
[10:33:46][INFO] Registered tree at (308, 142, -132)
[10:33:46][INFO] Registered tree at (164, 147, -148)
[10:33:46][INFO] Registered tree at (164, 147, -148)
[10:33:46][INFO] Registered tree at (180, 141, -156)
[10:33:46][INFO] Registered tree at (164, 147, -148)
[10:33:46][INFO] Registered tree at (180, 141, -156)
[10:33:46][INFO] Registered tree at (188, 139, -156)
[10:33:46][INFO] Registered tree at (288, 146, -132)
[10:33:46][INFO] Registered tree at (288, 146, -132)
[10:33:46][INFO] Registered tree at (296, 140, -156)
[10:33:46][INFO] Registered tree at (288, 146, -132)
[10:33:46][INFO] Registered tree at (296, 140, -156)
[10:33:46][INFO] Registered tree at (296, 144, -132)
[10:33:46][INFO] Registered tree at (288, 146, -132)
[10:33:46][INFO] Registered tree at (296, 140, -156)
[10:33:46][INFO] Registered tree at (296, 144, -132)
[10:33:46][INFO] Registered tree at (304, 140, -156)
[10:33:46][INFO] Registered tree at (288, 146, -132)
[10:33:46][INFO] Registered tree at (296, 140, -156)
[10:33:46][INFO] Registered tree at (296, 144, -132)
[10:33:46][INFO] Registered tree at (304, 140, -156)
[10:33:46][INFO] Registered tree at (308, 142, -132)
[10:33:46][INFO] Registered tree at (224, 141, -140)
[10:33:46][INFO] Registered tree at (224, 141, -140)
[10:33:46][INFO] Registered tree at (228, 144, -136)
[10:33:46][INFO] Registered tree at (224, 141, -140)
[10:33:46][INFO] Registered tree at (228, 144, -136)
[10:33:46][INFO] Registered tree at (236, 143, -156)
[10:33:46][INFO] Registered tree at (224, 141, -140)
[10:33:46][INFO] Registered tree at (228, 144, -136)
[10:33:46][INFO] Registered tree at (236, 143, -156)
[10:33:46][INFO] Registered tree at (236, 146, -140)
[10:33:46][INFO] Registered tree at (224, 141, -140)
[10:33:46][INFO] Registered tree at (228, 144, -136)
[10:33:46][INFO] Registered tree at (236, 143, -156)
[10:33:46][INFO] Registered tree at (236, 146, -140)
[10:33:46][INFO] Registered tree at (236, 149, -132)
[10:33:46][INFO] Registered tree at (224, 141, -140)
[10:33:46][INFO] Registered tree at (228, 144, -136)
[10:33:46][INFO] Registered tree at (236, 143, -156)
[10:33:46][INFO] Registered tree at (236, 146, -140)
[10:33:46][INFO] Registered tree at (236, 149, -132)
[10:33:46][INFO] Registered tree at (244, 146, -148)
[10:33:46][INFO] Registered tree at (224, 141, -140)
[10:33:46][INFO] Registered tree at (228, 144, -136)
[10:33:46][INFO] Registered tree at (236, 143, -156)
[10:33:46][INFO] Registered tree at (236, 146, -140)
[10:33:46][INFO] Registered tree at (236, 149, -132)
[10:33:46][INFO] Registered tree at (244, 146, -148)
[10:33:46][INFO] Registered tree at (252, 146, -148)
[10:33:46][INFO] Registered tree at (224, 141, -140)
[10:33:46][INFO] Registered tree at (224, 141, -140)
[10:33:46][INFO] Registered tree at (228, 144, -136)
[10:33:46][INFO] Registered tree at (224, 141, -140)
[10:33:46][INFO] Registered tree at (228, 144, -136)
[10:33:46][INFO] Registered tree at (236, 143, -156)
[10:33:46][INFO] Registered tree at (224, 141, -140)
[10:33:46][INFO] Registered tree at (228, 144, -136)
[10:33:46][INFO] Registered tree at (236, 143, -156)
[10:33:46][INFO] Registered tree at (236, 146, -140)
[10:33:46][INFO] Registered tree at (224, 141, -140)
[10:33:46][INFO] Registered tree at (228, 144, -136)
[10:33:46][INFO] Registered tree at (236, 143, -156)
[10:33:46][INFO] Registered tree at (236, 146, -140)
[10:33:46][INFO] Registered tree at (236, 149, -132)
[10:33:46][INFO] Registered tree at (224, 141, -140)
[10:33:46][INFO] Registered tree at (228, 144, -136)
[10:33:46][INFO] Registered tree at (236, 143, -156)
[10:33:46][INFO] Registered tree at (236, 146, -140)
[10:33:46][INFO] Registered tree at (236, 149, -132)
[10:33:46][INFO] Registered tree at (244, 146, -148)
[10:33:46][INFO] Registered tree at (224, 141, -140)
[10:33:46][INFO] Registered tree at (228, 144, -136)
[10:33:46][INFO] Registered tree at (236, 143, -156)
[10:33:46][INFO] Registered tree at (236, 146, -140)
[10:33:46][INFO] Registered tree at (236, 149, -132)
[10:33:46][INFO] Registered tree at (244, 146, -148)
[10:33:46][INFO] Registered tree at (252, 146, -148)
[10:33:46][INFO] Registered tree at (268, 147, -132)
[10:33:46][INFO] Registered tree at (268, 147, -132)
[10:33:46][INFO] Registered tree at (276, 144, -156)
[10:33:46][INFO] Registered tree at (268, 147, -132)
[10:33:46][INFO] Registered tree at (276, 144, -156)
[10:33:46][INFO] Registered tree at (276, 144, -152)
[10:33:46][INFO] Registered tree at (268, 147, -132)
[10:33:46][INFO] Registered tree at (268, 147, -132)
[10:33:46][INFO] Registered tree at (276, 144, -156)
[10:33:46][INFO] Registered tree at (268, 147, -132)
[10:33:46][INFO] Registered tree at (276, 144, -156)
[10:33:46][INFO] Registered tree at (276, 144, -152)
[10:33:46][INFO] Registered tree at (192, 138, -160)
[10:33:46][INFO] Registered tree at (192, 138, -160)
[10:33:46][INFO] Registered tree at (196, 137, -148)
[10:33:46][INFO] Registered tree at (192, 138, -160)
[10:33:46][INFO] Registered tree at (196, 137, -148)
[10:33:46][INFO] Registered tree at (204, 138, -148)
[10:33:46][INFO] Registered tree at (192, 138, -160)
[10:33:46][INFO] Registered tree at (192, 138, -160)
[10:33:46][INFO] Registered tree at (196, 137, -148)
[10:33:46][INFO] Registered tree at (192, 138, -160)
[10:33:46][INFO] Registered tree at (196, 137, -148)
[10:33:46][INFO] Registered tree at (204, 138, -148)
[10:33:46][INFO] Registered tree at (288, 146, -132)
[10:33:46][INFO] Registered tree at (288, 146, -132)
[10:33:46][INFO] Registered tree at (296, 140, -156)
[10:33:46][INFO] Registered tree at (288, 146, -132)
[10:33:46][INFO] Registered tree at (296, 140, -156)
[10:33:46][INFO] Registered tree at (296, 144, -132)
[10:33:46][INFO] Registered tree at (288, 146, -132)
[10:33:46][INFO] Registered tree at (296, 140, -156)
[10:33:46][INFO] Registered tree at (296, 144, -132)
[10:33:46][INFO] Registered tree at (304, 140, -156)
[10:33:46][INFO] Registered tree at (288, 146, -132)
[10:33:46][INFO] Registered tree at (296, 140, -156)
[10:33:46][INFO] Registered tree at (296, 144, -132)
[10:33:46][INFO] Registered tree at (304, 140, -156)
[10:33:46][INFO] Registered tree at (308, 142, -132)
[10:33:46][INFO] Registered tree at (164, 147, -148)
[10:33:46][INFO] Registered tree at (164, 147, -148)
[10:33:46][INFO] Registered tree at (180, 141, -156)
[10:33:46][INFO] Registered tree at (164, 147, -148)
[10:33:46][INFO] Registered tree at (180, 141, -156)
[10:33:46][INFO] Registered tree at (188, 139, -156)
[10:33:46][INFO] Registered tree at (288, 146, -132)
[10:33:46][INFO] Registered tree at (288, 146, -132)
[10:33:46][INFO] Registered tree at (296, 140, -156)
[10:33:46][INFO] Registered tree at (288, 146, -132)
[10:33:46][INFO] Registered tree at (296, 140, -156)
[10:33:46][INFO] Registered tree at (296, 144, -132)
[10:33:46][INFO] Registered tree at (288, 146, -132)
[10:33:46][INFO] Registered tree at (296, 140, -156)
[10:33:46][INFO] Registered tree at (296, 144, -132)
[10:33:46][INFO] Registered tree at (304, 140, -156)
[10:33:46][INFO] Registered tree at (288, 146, -132)
[10:33:46][INFO] Registered tree at (296, 140, -156)
[10:33:46][INFO] Registered tree at (296, 144, -132)
[10:33:46][INFO] Registered tree at (304, 140, -156)
[10:33:46][INFO] Registered tree at (308, 142, -132)
[10:33:46][INFO] Registered tree at (164, 147, -148)
[10:33:46][INFO] Registered tree at (164, 147, -148)
[10:33:46][INFO] Registered tree at (180, 141, -156)
[10:33:46][INFO] Registered tree at (164, 147, -148)
[10:33:46][INFO] Registered tree at (180, 141, -156)
[10:33:46][INFO] Registered tree at (188, 139, -156)
[10:33:46][INFO] Registered tree at (224, 141, -140)
[10:33:46][INFO] Registered tree at (224, 141, -140)
[10:33:46][INFO] Registered tree at (228, 144, -136)
[10:33:46][INFO] Registered tree at (224, 141, -140)
[10:33:46][INFO] Registered tree at (228, 144, -136)
[10:33:46][INFO] Registered tree at (236, 143, -156)
[10:33:46][INFO] Registered tree at (224, 141, -140)
[10:33:46][INFO] Registered tree at (228, 144, -136)
[10:33:46][INFO] Registered tree at (236, 143, -156)
[10:33:46][INFO] Registered tree at (236, 146, -140)
[10:33:46][INFO] Registered tree at (224, 141, -140)
[10:33:46][INFO] Registered tree at (228, 144, -136)
[10:33:46][INFO] Registered tree at (236, 143, -156)
[10:33:46][INFO] Registered tree at (236, 146, -140)
[10:33:46][INFO] Registered tree at (236, 149, -132)
[10:33:46][INFO] Registered tree at (224, 141, -140)
[10:33:46][INFO] Registered tree at (228, 144, -136)
[10:33:46][INFO] Registered tree at (236, 143, -156)
[10:33:46][INFO] Registered tree at (236, 146, -140)
[10:33:46][INFO] Registered tree at (236, 149, -132)
[10:33:46][INFO] Registered tree at (244, 146, -148)
[10:33:46][INFO] Registered tree at (224, 141, -140)
[10:33:46][INFO] Registered tree at (228, 144, -136)
[10:33:46][INFO] Registered tree at (236, 143, -156)
[10:33:46][INFO] Registered tree at (236, 146, -140)
[10:33:46][INFO] Registered tree at (236, 149, -132)
[10:33:46][INFO] Registered tree at (244, 146, -148)
[10:33:46][INFO] Registered tree at (252, 146, -148)
[10:33:46][INFO] Registered tree at (224, 141, -140)
[10:33:46][INFO] Registered tree at (224, 141, -140)
[10:33:46][INFO] Registered tree at (228, 144, -136)
[10:33:46][INFO] Registered tree at (224, 141, -140)
[10:33:46][INFO] Registered tree at (228, 144, -136)
[10:33:46][INFO] Registered tree at (236, 143, -156)
[10:33:46][INFO] Registered tree at (224, 141, -140)
[10:33:46][INFO] Registered tree at (228, 144, -136)
[10:33:46][INFO] Registered tree at (236, 143, -156)
[10:33:46][INFO] Registered tree at (236, 146, -140)
[10:33:46][INFO] Registered tree at (224, 141, -140)
[10:33:46][INFO] Registered tree at (228, 144, -136)
[10:33:46][INFO] Registered tree at (236, 143, -156)
[10:33:46][INFO] Registered tree at (236, 146, -140)
[10:33:46][INFO] Registered tree at (236, 149, -132)
[10:33:46][INFO] Registered tree at (224, 141, -140)
[10:33:46][INFO] Registered tree at (228, 144, -136)
[10:33:46][INFO] Registered tree at (236, 143, -156)
[10:33:46][INFO] Registered tree at (236, 146, -140)
[10:33:46][INFO] Registered tree at (236, 149, -132)
[10:33:46][INFO] Registered tree at (244, 146, -148)
[10:33:46][INFO] Registered tree at (224, 141, -140)
[10:33:46][INFO] Registered tree at (228, 144, -136)
[10:33:46][INFO] Registered tree at (236, 143, -156)
[10:33:46][INFO] Registered tree at (236, 146, -140)
[10:33:46][INFO] Registered tree at (236, 149, -132)
[10:33:46][INFO] Registered tree at (244, 146, -148)
[10:33:46][INFO] Registered tree at (252, 146, -148)
[10:33:46][INFO] Registered tree at (192, 138, -160)
[10:33:46][INFO] Registered tree at (192, 138, -160)
[10:33:46][INFO] Registered tree at (196, 137, -148)
[10:33:46][INFO] Registered tree at (192, 138, -160)
[10:33:46][INFO] Registered tree at (196, 137, -148)
[10:33:46][INFO] Registered tree at (204, 138, -148)
[10:33:46][INFO] Registered tree at (192, 138, -160)
[10:33:46][INFO] Registered tree at (192, 138, -160)
[10:33:46][INFO] Registered tree at (196, 137, -148)
[10:33:46][INFO] Registered tree at (192, 138, -160)
[10:33:46][INFO] Registered tree at (196, 137, -148)
[10:33:46][INFO] Registered tree at (204, 138, -148)
[10:33:46][INFO] Registered tree at (268, 147, -132)
[10:33:46][INFO] Registered tree at (268, 147, -132)
[10:33:46][INFO] Registered tree at (276, 144, -156)
[10:33:46][INFO] Registered tree at (268, 147, -132)
[10:33:46][INFO] Registered tree at (276, 144, -156)
[10:33:46][INFO] Registered tree at (276, 144, -152)
[10:33:46][INFO] Registered tree at (268, 147, -132)
[10:33:46][INFO] Registered tree at (268, 147, -132)
[10:33:46][INFO] Registered tree at (276, 144, -156)
[10:33:46][INFO] Registered tree at (268, 147, -132)
[10:33:46][INFO] Registered tree at (276, 144, -156)
[10:33:46][INFO] Registered tree at (276, 144, -152)
[10:33:46][INFO] Registered tree at (288, 146, -132)
[10:33:46][INFO] Registered tree at (288, 146, -132)
[10:33:46][INFO] Registered tree at (296, 140, -156)
[10:33:46][INFO] Registered tree at (288, 146, -132)
[10:33:46][INFO] Registered tree at (296, 140, -156)
[10:33:46][INFO] Registered tree at (296, 144, -132)
[10:33:46][INFO] Registered tree at (288, 146, -132)
[10:33:46][INFO] Registered tree at (296, 140, -156)
[10:33:46][INFO] Registered tree at (296, 144, -132)
[10:33:46][INFO] Registered tree at (304, 140, -156)
[10:33:46][INFO] Registered tree at (288, 146, -132)
[10:33:46][INFO] Registered tree at (296, 140, -156)
[10:33:46][INFO] Registered tree at (296, 144, -132)
[10:33:46][INFO] Registered tree at (304, 140, -156)
[10:33:46][INFO] Registered tree at (308, 142, -132)
[10:33:46][INFO] Registered tree at (164, 147, -148)
[10:33:46][INFO] Registered tree at (164, 147, -148)
[10:33:46][INFO] Registered tree at (180, 141, -156)
[10:33:46][INFO] Registered tree at (164, 147, -148)
[10:33:46][INFO] Registered tree at (180, 141, -156)
[10:33:46][INFO] Registered tree at (188, 139, -156)
[10:33:46][INFO] Registered tree at (288, 146, -132)
[10:33:46][INFO] Registered tree at (288, 146, -132)
[10:33:46][INFO] Registered tree at (296, 140, -156)
[10:33:46][INFO] Registered tree at (288, 146, -132)
[10:33:46][INFO] Registered tree at (296, 140, -156)
[10:33:46][INFO] Registered tree at (296, 144, -132)
[10:33:46][INFO] Registered tree at (288, 146, -132)
[10:33:46][INFO] Registered tree at (296, 140, -156)
[10:33:46][INFO] Registered tree at (296, 144, -132)
[10:33:46][INFO] Registered tree at (304, 140, -156)
[10:33:46][INFO] Registered tree at (288, 146, -132)
[10:33:46][INFO] Registered tree at (296, 140, -156)
[10:33:46][INFO] Registered tree at (296, 144, -132)
[10:33:46][INFO] Registered tree at (304, 140, -156)
[10:33:46][INFO] Registered tree at (308, 142, -132)
[10:33:46][INFO] Registered tree at (164, 147, -148)
[10:33:46][INFO] Registered tree at (164, 147, -148)
[10:33:46][INFO] Registered tree at (180, 141, -156)
[10:33:46][INFO] Registered tree at (164, 147, -148)
[10:33:46][INFO] Registered tree at (180, 141, -156)
[10:33:46][INFO] Registered tree at (188, 139, -156)
[10:34:02][INFO] Registered tree at (324, 148, -76)
[10:34:02][INFO] Registered tree at (324, 148, -76)
[10:34:02][INFO] Registered tree at (332, 150, -76)
[10:34:02][INFO] Registered tree at (324, 148, -76)
[10:34:02][INFO] Registered tree at (332, 150, -76)
[10:34:02][INFO] Registered tree at (340, 149, -80)
[10:34:02][INFO] Registered tree at (324, 145, -112)
[10:34:02][INFO] Registered tree at (324, 145, -112)
[10:34:02][INFO] Registered tree at (340, 146, -100)
[10:34:02][INFO] Registered tree at (324, 145, -112)
[10:34:02][INFO] Registered tree at (340, 146, -100)
[10:34:02][INFO] Registered tree at (344, 145, -100)
[10:34:02][INFO] Registered tree at (324, 148, -76)
[10:34:02][INFO] Registered tree at (324, 148, -76)
[10:34:02][INFO] Registered tree at (332, 150, -76)
[10:34:02][INFO] Registered tree at (324, 148, -76)
[10:34:02][INFO] Registered tree at (332, 150, -76)
[10:34:02][INFO] Registered tree at (340, 149, -80)
[10:34:02][INFO] Registered tree at (324, 148, -76)
[10:34:02][INFO] Registered tree at (324, 148, -76)
[10:34:02][INFO] Registered tree at (332, 150, -76)
[10:34:02][INFO] Registered tree at (324, 148, -76)
[10:34:02][INFO] Registered tree at (332, 150, -76)
[10:34:02][INFO] Registered tree at (340, 149, -80)
[10:34:02][INFO] Registered tree at (324, 150, -156)
[10:34:02][INFO] Registered tree at (324, 150, -156)
[10:34:02][INFO] Registered tree at (328, 146, -144)
[10:34:02][INFO] Registered tree at (324, 150, -156)
[10:34:02][INFO] Registered tree at (328, 146, -144)
[10:34:02][INFO] Registered tree at (332, 150, -152)
[10:34:02][INFO] Registered tree at (324, 150, -156)
[10:34:02][INFO] Registered tree at (328, 146, -144)
[10:34:02][INFO] Registered tree at (332, 150, -152)
[10:34:02][INFO] Registered tree at (336, 142, -140)
[10:34:02][INFO] Registered tree at (324, 150, -156)
[10:34:02][INFO] Registered tree at (328, 146, -144)
[10:34:02][INFO] Registered tree at (332, 150, -152)
[10:34:02][INFO] Registered tree at (336, 142, -140)
[10:34:02][INFO] Registered tree at (344, 140, -132)
[10:34:02][INFO] Registered tree at (324, 145, -112)
[10:34:02][INFO] Registered tree at (324, 145, -112)
[10:34:02][INFO] Registered tree at (340, 146, -100)
[10:34:02][INFO] Registered tree at (324, 145, -112)
[10:34:02][INFO] Registered tree at (340, 146, -100)
[10:34:02][INFO] Registered tree at (344, 145, -100)
[10:34:02][INFO] Registered tree at (324, 145, -112)
[10:34:02][INFO] Registered tree at (324, 145, -112)
[10:34:02][INFO] Registered tree at (340, 146, -100)
[10:34:02][INFO] Registered tree at (324, 145, -112)
[10:34:02][INFO] Registered tree at (340, 146, -100)
[10:34:02][INFO] Registered tree at (344, 145, -100)
[10:34:02][INFO] Registered tree at (324, 150, -156)
[10:34:02][INFO] Registered tree at (324, 150, -156)
[10:34:02][INFO] Registered tree at (328, 146, -144)
[10:34:02][INFO] Registered tree at (324, 150, -156)
[10:34:02][INFO] Registered tree at (328, 146, -144)
[10:34:02][INFO] Registered tree at (332, 150, -152)
[10:34:02][INFO] Registered tree at (324, 150, -156)
[10:34:02][INFO] Registered tree at (328, 146, -144)
[10:34:02][INFO] Registered tree at (332, 150, -152)
[10:34:02][INFO] Registered tree at (336, 142, -140)
[10:34:02][INFO] Registered tree at (324, 150, -156)
[10:34:02][INFO] Registered tree at (328, 146, -144)
[10:34:02][INFO] Registered tree at (332, 150, -152)
[10:34:02][INFO] Registered tree at (336, 142, -140)
[10:34:02][INFO] Registered tree at (344, 140, -132)
[10:34:02][INFO] Registered tree at (324, 150, -156)
[10:34:02][INFO] Registered tree at (324, 150, -156)
[10:34:02][INFO] Registered tree at (328, 146, -144)
[10:34:02][INFO] Registered tree at (324, 150, -156)
[10:34:02][INFO] Registered tree at (328, 146, -144)
[10:34:02][INFO] Registered tree at (332, 150, -152)
[10:34:02][INFO] Registered tree at (324, 150, -156)
[10:34:02][INFO] Registered tree at (328, 146, -144)
[10:34:02][INFO] Registered tree at (332, 150, -152)
[10:34:02][INFO] Registered tree at (336, 142, -140)
[10:34:02][INFO] Registered tree at (324, 150, -156)
[10:34:02][INFO] Registered tree at (328, 146, -144)
[10:34:02][INFO] Registered tree at (332, 150, -152)
[10:34:02][INFO] Registered tree at (336, 142, -140)
[10:34:02][INFO] Registered tree at (344, 140, -132)
[10:34:02][INFO] Registered tree at (324, 148, -76)
[10:34:02][INFO] Registered tree at (324, 148, -76)
[10:34:02][INFO] Registered tree at (332, 150, -76)
[10:34:02][INFO] Registered tree at (324, 148, -76)
[10:34:02][INFO] Registered tree at (332, 150, -76)
[10:34:02][INFO] Registered tree at (340, 149, -80)
[10:34:02][INFO] Registered tree at (324, 148, -76)
[10:34:02][INFO] Registered tree at (324, 148, -76)
[10:34:02][INFO] Registered tree at (332, 150, -76)
[10:34:02][INFO] Registered tree at (324, 148, -76)
[10:34:02][INFO] Registered tree at (332, 150, -76)
[10:34:02][INFO] Registered tree at (340, 149, -80)
[10:34:02][INFO] Registered tree at (324, 145, -112)
[10:34:02][INFO] Registered tree at (324, 145, -112)
[10:34:02][INFO] Registered tree at (340, 146, -100)
[10:34:02][INFO] Registered tree at (324, 145, -112)
[10:34:02][INFO] Registered tree at (340, 146, -100)
[10:34:02][INFO] Registered tree at (344, 145, -100)
[10:34:02][INFO] Registered tree at (324, 145, -112)
[10:34:02][INFO] Registered tree at (324, 145, -112)
[10:34:02][INFO] Registered tree at (340, 146, -100)
[10:34:02][INFO] Registered tree at (324, 145, -112)
[10:34:02][INFO] Registered tree at (340, 146, -100)
[10:34:02][INFO] Registered tree at (344, 145, -100)
[10:34:02][INFO] Registered tree at (324, 150, -156)
[10:34:02][INFO] Registered tree at (324, 150, -156)
[10:34:02][INFO] Registered tree at (328, 146, -144)
[10:34:02][INFO] Registered tree at (324, 150, -156)
[10:34:02][INFO] Registered tree at (328, 146, -144)
[10:34:02][INFO] Registered tree at (332, 150, -152)
[10:34:02][INFO] Registered tree at (324, 150, -156)
[10:34:02][INFO] Registered tree at (328, 146, -144)
[10:34:02][INFO] Registered tree at (332, 150, -152)
[10:34:02][INFO] Registered tree at (336, 142, -140)
[10:34:02][INFO] Registered tree at (324, 150, -156)
[10:34:02][INFO] Registered tree at (328, 146, -144)
[10:34:02][INFO] Registered tree at (332, 150, -152)
[10:34:02][INFO] Registered tree at (336, 142, -140)
[10:34:02][INFO] Registered tree at (344, 140, -132)
[10:34:02][INFO] Registered tree at (324, 150, -156)
[10:34:02][INFO] Registered tree at (324, 150, -156)
[10:34:02][INFO] Registered tree at (328, 146, -144)
[10:34:02][INFO] Registered tree at (324, 150, -156)
[10:34:02][INFO] Registered tree at (328, 146, -144)
[10:34:02][INFO] Registered tree at (332, 150, -152)
[10:34:02][INFO] Registered tree at (324, 150, -156)
[10:34:02][INFO] Registered tree at (328, 146, -144)
[10:34:02][INFO] Registered tree at (332, 150, -152)
[10:34:02][INFO] Registered tree at (336, 142, -140)
[10:34:02][INFO] Registered tree at (324, 150, -156)
[10:34:02][INFO] Registered tree at (328, 146, -144)
[10:34:02][INFO] Registered tree at (332, 150, -152)
[10:34:02][INFO] Registered tree at (336, 142, -140)
[10:34:02][INFO] Registered tree at (344, 140, -132)
[10:34:02][INFO] Registered tree at (324, 148, -76)
[10:34:02][INFO] Registered tree at (324, 148, -76)
[10:34:02][INFO] Registered tree at (332, 150, -76)
[10:34:02][INFO] Registered tree at (324, 148, -76)
[10:34:02][INFO] Registered tree at (332, 150, -76)
[10:34:02][INFO] Registered tree at (340, 149, -80)
[10:34:02][INFO] Registered tree at (324, 148, -76)
[10:34:02][INFO] Registered tree at (324, 148, -76)
[10:34:02][INFO] Registered tree at (332, 150, -76)
[10:34:02][INFO] Registered tree at (324, 148, -76)
[10:34:02][INFO] Registered tree at (332, 150, -76)
[10:34:02][INFO] Registered tree at (340, 149, -80)
[10:34:02][INFO] Registered tree at (324, 145, -112)
[10:34:02][INFO] Registered tree at (324, 145, -112)
[10:34:02][INFO] Registered tree at (340, 146, -100)
[10:34:02][INFO] Registered tree at (324, 145, -112)
[10:34:02][INFO] Registered tree at (340, 146, -100)
[10:34:02][INFO] Registered tree at (344, 145, -100)
[10:34:02][INFO] Registered tree at (324, 145, -112)
[10:34:02][INFO] Registered tree at (324, 145, -112)
[10:34:02][INFO] Registered tree at (340, 146, -100)
[10:34:02][INFO] Registered tree at (324, 145, -112)
[10:34:02][INFO] Registered tree at (340, 146, -100)
[10:34:02][INFO] Registered tree at (344, 145, -100)
[10:34:02][INFO] Registered tree at (324, 150, -156)
[10:34:02][INFO] Registered tree at (324, 150, -156)
[10:34:02][INFO] Registered tree at (328, 146, -144)
[10:34:02][INFO] Registered tree at (324, 150, -156)
[10:34:02][INFO] Registered tree at (328, 146, -144)
[10:34:02][INFO] Registered tree at (332, 150, -152)
[10:34:02][INFO] Registered tree at (324, 150, -156)
[10:34:02][INFO] Registered tree at (328, 146, -144)
[10:34:02][INFO] Registered tree at (332, 150, -152)
[10:34:02][INFO] Registered tree at (336, 142, -140)
[10:34:02][INFO] Registered tree at (324, 150, -156)
[10:34:02][INFO] Registered tree at (328, 146, -144)
[10:34:02][INFO] Registered tree at (332, 150, -152)
[10:34:02][INFO] Registered tree at (336, 142, -140)
[10:34:02][INFO] Registered tree at (344, 140, -132)
[10:34:02][INFO] Registered tree at (324, 150, -156)
[10:34:02][INFO] Registered tree at (324, 150, -156)
[10:34:02][INFO] Registered tree at (328, 146, -144)
[10:34:02][INFO] Registered tree at (324, 150, -156)
[10:34:02][INFO] Registered tree at (328, 146, -144)
[10:34:02][INFO] Registered tree at (332, 150, -152)
[10:34:02][INFO] Registered tree at (324, 150, -156)
[10:34:02][INFO] Registered tree at (328, 146, -144)
[10:34:02][INFO] Registered tree at (332, 150, -152)
[10:34:02][INFO] Registered tree at (336, 142, -140)
[10:34:02][INFO] Registered tree at (324, 150, -156)
[10:34:02][INFO] Registered tree at (328, 146, -144)
[10:34:02][INFO] Registered tree at (332, 150, -152)
[10:34:02][INFO] Registered tree at (336, 142, -140)
[10:34:02][INFO] Registered tree at (344, 140, -132)
[10:34:02][INFO] Registered tree at (324, 148, -76)
[10:34:02][INFO] Registered tree at (324, 148, -76)
[10:34:02][INFO] Registered tree at (332, 150, -76)
[10:34:02][INFO] Registered tree at (324, 148, -76)
[10:34:02][INFO] Registered tree at (332, 150, -76)
[10:34:02][INFO] Registered tree at (340, 149, -80)
[10:34:02][INFO] Registered tree at (324, 148, -76)
[10:34:02][INFO] Registered tree at (324, 148, -76)
[10:34:02][INFO] Registered tree at (332, 150, -76)
[10:34:02][INFO] Registered tree at (324, 148, -76)
[10:34:02][INFO] Registered tree at (332, 150, -76)
[10:34:02][INFO] Registered tree at (340, 149, -80)
[10:34:02][INFO] Registered tree at (324, 145, -112)
[10:34:02][INFO] Registered tree at (324, 145, -112)
[10:34:02][INFO] Registered tree at (340, 146, -100)
[10:34:02][INFO] Registered tree at (324, 145, -112)
[10:34:02][INFO] Registered tree at (340, 146, -100)
[10:34:02][INFO] Registered tree at (344, 145, -100)
[10:34:02][INFO] Registered tree at (324, 145, -112)
[10:34:02][INFO] Registered tree at (324, 145, -112)
[10:34:02][INFO] Registered tree at (340, 146, -100)
[10:34:02][INFO] Registered tree at (324, 145, -112)
[10:34:02][INFO] Registered tree at (340, 146, -100)
[10:34:02][INFO] Registered tree at (344, 145, -100)
[10:34:02][INFO] Registered tree at (324, 150, -156)
[10:34:02][INFO] Registered tree at (324, 150, -156)
[10:34:02][INFO] Registered tree at (328, 146, -144)
[10:34:02][INFO] Registered tree at (324, 150, -156)
[10:34:02][INFO] Registered tree at (328, 146, -144)
[10:34:02][INFO] Registered tree at (332, 150, -152)
[10:34:02][INFO] Registered tree at (324, 150, -156)
[10:34:02][INFO] Registered tree at (328, 146, -144)
[10:34:02][INFO] Registered tree at (332, 150, -152)
[10:34:02][INFO] Registered tree at (336, 142, -140)
[10:34:02][INFO] Registered tree at (324, 150, -156)
[10:34:02][INFO] Registered tree at (328, 146, -144)
[10:34:02][INFO] Registered tree at (332, 150, -152)
[10:34:02][INFO] Registered tree at (336, 142, -140)
[10:34:02][INFO] Registered tree at (344, 140, -132)
[10:34:02][INFO] Registered tree at (324, 150, -156)
[10:34:02][INFO] Registered tree at (324, 150, -156)
[10:34:02][INFO] Registered tree at (328, 146, -144)
[10:34:02][INFO] Registered tree at (324, 150, -156)
[10:34:02][INFO] Registered tree at (328, 146, -144)
[10:34:02][INFO] Registered tree at (332, 150, -152)
[10:34:02][INFO] Registered tree at (324, 150, -156)
[10:34:02][INFO] Registered tree at (328, 146, -144)
[10:34:02][INFO] Registered tree at (332, 150, -152)
[10:34:02][INFO] Registered tree at (336, 142, -140)
[10:34:02][INFO] Registered tree at (324, 150, -156)
[10:34:02][INFO] Registered tree at (328, 146, -144)
[10:34:02][INFO] Registered tree at (332, 150, -152)
[10:34:02][INFO] Registered tree at (336, 142, -140)
[10:34:02][INFO] Registered tree at (344, 140, -132)
[10:34:08][INFO] Registered tree at (360, 148, -52)
[10:34:08][INFO] Registered tree at (360, 148, -52)
[10:34:08][INFO] Registered tree at (364, 152, -60)
[10:34:08][INFO] Registered tree at (360, 148, -52)
[10:34:08][INFO] Registered tree at (364, 152, -60)
[10:34:08][INFO] Registered tree at (368, 152, -60)
[10:34:08][INFO] Registered tree at (360, 148, -52)
[10:34:08][INFO] Registered tree at (364, 152, -60)
[10:34:08][INFO] Registered tree at (368, 152, -60)
[10:34:08][INFO] Registered tree at (376, 149, -48)
[10:34:08][INFO] Registered tree at (364, 143, -20)
[10:34:08][INFO] Registered tree at (364, 143, -20)
[10:34:08][INFO] Registered tree at (364, 144, -8)
[10:34:08][INFO] Registered tree at (364, 143, -20)
[10:34:08][INFO] Registered tree at (364, 144, -8)
[10:34:08][INFO] Registered tree at (376, 144, -4)
[10:34:08][INFO] Registered tree at (364, 155, -68)
[10:34:08][INFO] Registered tree at (360, 148, -52)
[10:34:08][INFO] Registered tree at (360, 148, -52)
[10:34:08][INFO] Registered tree at (364, 152, -60)
[10:34:08][INFO] Registered tree at (360, 148, -52)
[10:34:08][INFO] Registered tree at (364, 152, -60)
[10:34:08][INFO] Registered tree at (368, 152, -60)
[10:34:08][INFO] Registered tree at (360, 148, -52)
[10:34:08][INFO] Registered tree at (364, 152, -60)
[10:34:08][INFO] Registered tree at (368, 152, -60)
[10:34:08][INFO] Registered tree at (376, 149, -48)
[10:34:08][INFO] Registered tree at (360, 148, -52)
[10:34:08][INFO] Registered tree at (360, 148, -52)
[10:34:08][INFO] Registered tree at (364, 152, -60)
[10:34:08][INFO] Registered tree at (360, 148, -52)
[10:34:08][INFO] Registered tree at (364, 152, -60)
[10:34:08][INFO] Registered tree at (368, 152, -60)
[10:34:08][INFO] Registered tree at (360, 148, -52)
[10:34:08][INFO] Registered tree at (364, 152, -60)
[10:34:08][INFO] Registered tree at (368, 152, -60)
[10:34:08][INFO] Registered tree at (376, 149, -48)
[10:34:08][INFO] Registered tree at (352, 146, -108)
[10:34:08][INFO] Registered tree at (364, 143, -20)
[10:34:08][INFO] Registered tree at (364, 143, -20)
[10:34:08][INFO] Registered tree at (364, 144, -8)
[10:34:08][INFO] Registered tree at (364, 143, -20)
[10:34:08][INFO] Registered tree at (364, 144, -8)
[10:34:08][INFO] Registered tree at (376, 144, -4)
[10:34:08][INFO] Registered tree at (364, 155, -68)
[10:34:08][INFO] Registered tree at (364, 155, -68)
[10:34:08][INFO] Registered tree at (364, 143, -20)
[10:34:08][INFO] Registered tree at (364, 143, -20)
[10:34:08][INFO] Registered tree at (364, 144, -8)
[10:34:08][INFO] Registered tree at (364, 143, -20)
[10:34:08][INFO] Registered tree at (364, 144, -8)
[10:34:08][INFO] Registered tree at (376, 144, -4)
[10:34:08][INFO] Registered tree at (352, 146, -108)
[10:34:08][INFO] Registered tree at (352, 146, -108)
[10:34:08][INFO] Registered tree at (360, 148, -52)
[10:34:08][INFO] Registered tree at (360, 148, -52)
[10:34:08][INFO] Registered tree at (364, 152, -60)
[10:34:08][INFO] Registered tree at (360, 148, -52)
[10:34:08][INFO] Registered tree at (364, 152, -60)
[10:34:08][INFO] Registered tree at (368, 152, -60)
[10:34:08][INFO] Registered tree at (360, 148, -52)
[10:34:08][INFO] Registered tree at (364, 152, -60)
[10:34:08][INFO] Registered tree at (368, 152, -60)
[10:34:08][INFO] Registered tree at (376, 149, -48)
[10:34:08][INFO] Registered tree at (360, 148, -52)
[10:34:08][INFO] Registered tree at (360, 148, -52)
[10:34:08][INFO] Registered tree at (364, 152, -60)
[10:34:08][INFO] Registered tree at (360, 148, -52)
[10:34:08][INFO] Registered tree at (364, 152, -60)
[10:34:08][INFO] Registered tree at (368, 152, -60)
[10:34:08][INFO] Registered tree at (360, 148, -52)
[10:34:08][INFO] Registered tree at (364, 152, -60)
[10:34:08][INFO] Registered tree at (368, 152, -60)
[10:34:08][INFO] Registered tree at (376, 149, -48)
[10:34:08][INFO] Registered tree at (364, 155, -68)
[10:34:08][INFO] Registered tree at (364, 143, -20)
[10:34:08][INFO] Registered tree at (364, 143, -20)
[10:34:08][INFO] Registered tree at (364, 144, -8)
[10:34:08][INFO] Registered tree at (364, 143, -20)
[10:34:08][INFO] Registered tree at (364, 144, -8)
[10:34:08][INFO] Registered tree at (376, 144, -4)
[10:34:08][INFO] Registered tree at (364, 155, -68)
[10:34:08][INFO] Registered tree at (364, 143, -20)
[10:34:08][INFO] Registered tree at (364, 143, -20)
[10:34:08][INFO] Registered tree at (364, 144, -8)
[10:34:08][INFO] Registered tree at (364, 143, -20)
[10:34:08][INFO] Registered tree at (364, 144, -8)
[10:34:08][INFO] Registered tree at (376, 144, -4)
[10:34:08][INFO] Registered tree at (352, 146, -108)
[10:34:08][INFO] Registered tree at (352, 146, -108)
[10:34:08][INFO] Registered tree at (360, 148, -52)
[10:34:08][INFO] Registered tree at (360, 148, -52)
[10:34:08][INFO] Registered tree at (364, 152, -60)
[10:34:08][INFO] Registered tree at (360, 148, -52)
[10:34:08][INFO] Registered tree at (364, 152, -60)
[10:34:08][INFO] Registered tree at (368, 152, -60)
[10:34:08][INFO] Registered tree at (360, 148, -52)
[10:34:08][INFO] Registered tree at (364, 152, -60)
[10:34:08][INFO] Registered tree at (368, 152, -60)
[10:34:08][INFO] Registered tree at (376, 149, -48)
[10:34:08][INFO] Registered tree at (360, 148, -52)
[10:34:08][INFO] Registered tree at (360, 148, -52)
[10:34:08][INFO] Registered tree at (364, 152, -60)
[10:34:08][INFO] Registered tree at (360, 148, -52)
[10:34:08][INFO] Registered tree at (364, 152, -60)
[10:34:08][INFO] Registered tree at (368, 152, -60)
[10:34:08][INFO] Registered tree at (360, 148, -52)
[10:34:08][INFO] Registered tree at (364, 152, -60)
[10:34:08][INFO] Registered tree at (368, 152, -60)
[10:34:08][INFO] Registered tree at (376, 149, -48)
[10:34:08][INFO] Registered tree at (364, 143, -20)
[10:34:08][INFO] Registered tree at (364, 143, -20)
[10:34:08][INFO] Registered tree at (364, 144, -8)
[10:34:08][INFO] Registered tree at (364, 143, -20)
[10:34:08][INFO] Registered tree at (364, 144, -8)
[10:34:08][INFO] Registered tree at (376, 144, -4)
[10:34:08][INFO] Registered tree at (364, 155, -68)
[10:34:08][INFO] Registered tree at (364, 155, -68)
[10:34:08][INFO] Registered tree at (364, 143, -20)
[10:34:08][INFO] Registered tree at (364, 143, -20)
[10:34:08][INFO] Registered tree at (364, 144, -8)
[10:34:08][INFO] Registered tree at (364, 143, -20)
[10:34:08][INFO] Registered tree at (364, 144, -8)
[10:34:08][INFO] Registered tree at (376, 144, -4)
[10:34:08][INFO] Registered tree at (352, 146, -108)
[10:34:08][INFO] Registered tree at (352, 146, -108)
[10:34:08][INFO] Registered tree at (360, 148, -52)
[10:34:08][INFO] Registered tree at (360, 148, -52)
[10:34:08][INFO] Registered tree at (364, 152, -60)
[10:34:08][INFO] Registered tree at (360, 148, -52)
[10:34:08][INFO] Registered tree at (364, 152, -60)
[10:34:08][INFO] Registered tree at (368, 152, -60)
[10:34:08][INFO] Registered tree at (360, 148, -52)
[10:34:08][INFO] Registered tree at (364, 152, -60)
[10:34:08][INFO] Registered tree at (368, 152, -60)
[10:34:08][INFO] Registered tree at (376, 149, -48)
[10:34:08][INFO] Registered tree at (360, 148, -52)
[10:34:08][INFO] Registered tree at (360, 148, -52)
[10:34:08][INFO] Registered tree at (364, 152, -60)
[10:34:08][INFO] Registered tree at (360, 148, -52)
[10:34:08][INFO] Registered tree at (364, 152, -60)
[10:34:08][INFO] Registered tree at (368, 152, -60)
[10:34:08][INFO] Registered tree at (360, 148, -52)
[10:34:08][INFO] Registered tree at (364, 152, -60)
[10:34:08][INFO] Registered tree at (368, 152, -60)
[10:34:08][INFO] Registered tree at (376, 149, -48)
[10:34:08][INFO] Registered tree at (364, 155, -68)
[10:34:08][INFO] Registered tree at (364, 143, -20)
[10:34:08][INFO] Registered tree at (364, 143, -20)
[10:34:08][INFO] Registered tree at (364, 144, -8)
[10:34:08][INFO] Registered tree at (364, 143, -20)
[10:34:08][INFO] Registered tree at (364, 144, -8)
[10:34:08][INFO] Registered tree at (376, 144, -4)
[10:34:08][INFO] Registered tree at (364, 143, -20)
[10:34:08][INFO] Registered tree at (364, 143, -20)
[10:34:08][INFO] Registered tree at (364, 144, -8)
[10:34:08][INFO] Registered tree at (364, 143, -20)
[10:34:08][INFO] Registered tree at (364, 144, -8)
[10:34:08][INFO] Registered tree at (376, 144, -4)
[10:34:08][INFO] Registered tree at (364, 155, -68)
[10:34:08][INFO] Registered tree at (352, 146, -108)
[10:34:08][INFO] Registered tree at (352, 146, -108)
[10:34:08][INFO] Chopping tree at (292, -48)
[10:34:09][INFO] Chopping tree at (292, -48)
[10:34:09][INFO] Chopping tree at (292, -48)
[10:34:15][INFO] Registered tree at (384, 153, -48)
[10:34:15][INFO] Registered tree at (384, 153, -48)
[10:34:15][INFO] Registered tree at (392, 149, -56)
[10:34:15][INFO] Registered tree at (388, 149, -28)
[10:34:15][INFO] Registered tree at (388, 157, -84)
[10:34:15][INFO] Registered tree at (388, 157, -84)
[10:34:15][INFO] Registered tree at (388, 152, -68)
[10:34:15][INFO] Registered tree at (388, 157, -84)
[10:34:15][INFO] Registered tree at (388, 152, -68)
[10:34:15][INFO] Registered tree at (404, 151, -92)
[10:34:15][INFO] Registered tree at (388, 157, -84)
[10:34:15][INFO] Registered tree at (388, 152, -68)
[10:34:15][INFO] Registered tree at (404, 151, -92)
[10:34:15][INFO] Registered tree at (408, 151, -92)
[10:34:15][INFO] Registered tree at (388, 157, -84)
[10:34:15][INFO] Registered tree at (388, 152, -68)
[10:34:15][INFO] Registered tree at (404, 151, -92)
[10:34:15][INFO] Registered tree at (408, 151, -92)
[10:34:15][INFO] Registered tree at (412, 152, -88)
[10:34:15][INFO] Registered tree at (384, 153, -48)
[10:34:15][INFO] Registered tree at (384, 153, -48)
[10:34:15][INFO] Registered tree at (392, 149, -56)
[10:34:15][INFO] Registered tree at (384, 143, 16)
[10:34:15][INFO] Registered tree at (384, 143, 16)
[10:34:15][INFO] Registered tree at (388, 144, 4)
[10:34:15][INFO] Registered tree at (384, 143, 16)
[10:34:15][INFO] Registered tree at (388, 144, 4)
[10:34:15][INFO] Registered tree at (396, 144, 20)
[10:34:15][INFO] Registered tree at (384, 143, 16)
[10:34:15][INFO] Registered tree at (388, 144, 4)
[10:34:15][INFO] Registered tree at (396, 144, 20)
[10:34:15][INFO] Registered tree at (404, 142, 4)
[10:34:15][INFO] Registered tree at (384, 153, -48)
[10:34:15][INFO] Registered tree at (384, 153, -48)
[10:34:15][INFO] Registered tree at (392, 149, -56)
[10:34:15][INFO] Registered tree at (392, 141, -120)
[10:34:15][INFO] Registered tree at (392, 141, -120)
[10:34:15][INFO] Registered tree at (404, 136, -128)
[10:34:15][INFO] Registered tree at (392, 141, -120)
[10:34:15][INFO] Registered tree at (404, 136, -128)
[10:34:15][INFO] Registered tree at (408, 141, -120)
[10:34:15][INFO] Registered tree at (388, 149, -28)
[10:34:15][INFO] Registered tree at (388, 157, -84)
[10:34:15][INFO] Registered tree at (388, 157, -84)
[10:34:15][INFO] Registered tree at (388, 152, -68)
[10:34:15][INFO] Registered tree at (388, 157, -84)
[10:34:15][INFO] Registered tree at (388, 152, -68)
[10:34:15][INFO] Registered tree at (404, 151, -92)
[10:34:15][INFO] Registered tree at (388, 157, -84)
[10:34:15][INFO] Registered tree at (388, 152, -68)
[10:34:15][INFO] Registered tree at (404, 151, -92)
[10:34:15][INFO] Registered tree at (408, 151, -92)
[10:34:15][INFO] Registered tree at (388, 157, -84)
[10:34:15][INFO] Registered tree at (388, 152, -68)
[10:34:15][INFO] Registered tree at (404, 151, -92)
[10:34:15][INFO] Registered tree at (408, 151, -92)
[10:34:15][INFO] Registered tree at (412, 152, -88)
[10:34:15][INFO] Registered tree at (388, 157, -84)
[10:34:15][INFO] Registered tree at (388, 157, -84)
[10:34:15][INFO] Registered tree at (388, 152, -68)
[10:34:15][INFO] Registered tree at (388, 157, -84)
[10:34:15][INFO] Registered tree at (388, 152, -68)
[10:34:15][INFO] Registered tree at (404, 151, -92)
[10:34:15][INFO] Registered tree at (388, 157, -84)
[10:34:15][INFO] Registered tree at (388, 152, -68)
[10:34:15][INFO] Registered tree at (404, 151, -92)
[10:34:15][INFO] Registered tree at (408, 151, -92)
[10:34:15][INFO] Registered tree at (388, 157, -84)
[10:34:15][INFO] Registered tree at (388, 152, -68)
[10:34:15][INFO] Registered tree at (404, 151, -92)
[10:34:15][INFO] Registered tree at (408, 151, -92)
[10:34:15][INFO] Registered tree at (412, 152, -88)
[10:34:15][INFO] Registered tree at (388, 149, -28)
[10:34:15][INFO] Registered tree at (384, 143, 16)
[10:34:15][INFO] Registered tree at (384, 143, 16)
[10:34:15][INFO] Registered tree at (388, 144, 4)
[10:34:15][INFO] Registered tree at (384, 143, 16)
[10:34:15][INFO] Registered tree at (388, 144, 4)
[10:34:15][INFO] Registered tree at (396, 144, 20)
[10:34:15][INFO] Registered tree at (384, 143, 16)
[10:34:15][INFO] Registered tree at (388, 144, 4)
[10:34:15][INFO] Registered tree at (396, 144, 20)
[10:34:15][INFO] Registered tree at (404, 142, 4)
[10:34:15][INFO] Registered tree at (392, 141, -120)
[10:34:15][INFO] Registered tree at (392, 141, -120)
[10:34:15][INFO] Registered tree at (404, 136, -128)
[10:34:15][INFO] Registered tree at (392, 141, -120)
[10:34:15][INFO] Registered tree at (404, 136, -128)
[10:34:15][INFO] Registered tree at (408, 141, -120)
[10:34:15][INFO] Registered tree at (392, 141, -120)
[10:34:15][INFO] Registered tree at (392, 141, -120)
[10:34:15][INFO] Registered tree at (404, 136, -128)
[10:34:15][INFO] Registered tree at (392, 141, -120)
[10:34:15][INFO] Registered tree at (404, 136, -128)
[10:34:15][INFO] Registered tree at (408, 141, -120)
[10:34:15][INFO] Registered tree at (384, 143, 16)
[10:34:15][INFO] Registered tree at (384, 143, 16)
[10:34:15][INFO] Registered tree at (388, 144, 4)
[10:34:15][INFO] Registered tree at (384, 143, 16)
[10:34:15][INFO] Registered tree at (388, 144, 4)
[10:34:15][INFO] Registered tree at (396, 144, 20)
[10:34:15][INFO] Registered tree at (384, 143, 16)
[10:34:15][INFO] Registered tree at (388, 144, 4)
[10:34:15][INFO] Registered tree at (396, 144, 20)
[10:34:15][INFO] Registered tree at (404, 142, 4)
[10:34:15][INFO] Registered tree at (384, 153, -48)
[10:34:15][INFO] Registered tree at (384, 153, -48)
[10:34:15][INFO] Registered tree at (392, 149, -56)
[10:34:15][INFO] Registered tree at (384, 153, -48)
[10:34:15][INFO] Registered tree at (384, 153, -48)
[10:34:15][INFO] Registered tree at (392, 149, -56)
[10:34:15][INFO] Registered tree at (388, 157, -84)
[10:34:15][INFO] Registered tree at (388, 157, -84)
[10:34:15][INFO] Registered tree at (388, 152, -68)
[10:34:15][INFO] Registered tree at (388, 157, -84)
[10:34:15][INFO] Registered tree at (388, 152, -68)
[10:34:15][INFO] Registered tree at (404, 151, -92)
[10:34:15][INFO] Registered tree at (388, 157, -84)
[10:34:15][INFO] Registered tree at (388, 152, -68)
[10:34:15][INFO] Registered tree at (404, 151, -92)
[10:34:15][INFO] Registered tree at (408, 151, -92)
[10:34:15][INFO] Registered tree at (388, 157, -84)
[10:34:15][INFO] Registered tree at (388, 152, -68)
[10:34:15][INFO] Registered tree at (404, 151, -92)
[10:34:15][INFO] Registered tree at (408, 151, -92)
[10:34:15][INFO] Registered tree at (412, 152, -88)
[10:34:15][INFO] Registered tree at (388, 149, -28)
[10:34:15][INFO] Registered tree at (388, 157, -84)
[10:34:15][INFO] Registered tree at (388, 157, -84)
[10:34:15][INFO] Registered tree at (388, 152, -68)
[10:34:15][INFO] Registered tree at (388, 157, -84)
[10:34:15][INFO] Registered tree at (388, 152, -68)
[10:34:15][INFO] Registered tree at (404, 151, -92)
[10:34:15][INFO] Registered tree at (388, 157, -84)
[10:34:15][INFO] Registered tree at (388, 152, -68)
[10:34:15][INFO] Registered tree at (404, 151, -92)
[10:34:15][INFO] Registered tree at (408, 151, -92)
[10:34:15][INFO] Registered tree at (388, 157, -84)
[10:34:15][INFO] Registered tree at (388, 152, -68)
[10:34:15][INFO] Registered tree at (404, 151, -92)
[10:34:15][INFO] Registered tree at (408, 151, -92)
[10:34:15][INFO] Registered tree at (412, 152, -88)
[10:34:15][INFO] Registered tree at (388, 149, -28)
[10:34:15][INFO] Registered tree at (384, 143, 16)
[10:34:15][INFO] Registered tree at (384, 143, 16)
[10:34:15][INFO] Registered tree at (388, 144, 4)
[10:34:15][INFO] Registered tree at (384, 143, 16)
[10:34:15][INFO] Registered tree at (388, 144, 4)
[10:34:15][INFO] Registered tree at (396, 144, 20)
[10:34:15][INFO] Registered tree at (384, 143, 16)
[10:34:15][INFO] Registered tree at (388, 144, 4)
[10:34:15][INFO] Registered tree at (396, 144, 20)
[10:34:15][INFO] Registered tree at (404, 142, 4)
[10:34:15][INFO] Registered tree at (392, 141, -120)
[10:34:15][INFO] Registered tree at (392, 141, -120)
[10:34:15][INFO] Registered tree at (404, 136, -128)
[10:34:15][INFO] Registered tree at (392, 141, -120)
[10:34:15][INFO] Registered tree at (404, 136, -128)
[10:34:15][INFO] Registered tree at (408, 141, -120)
[10:34:15][INFO] Registered tree at (384, 143, 16)
[10:34:15][INFO] Registered tree at (384, 143, 16)
[10:34:15][INFO] Registered tree at (388, 144, 4)
[10:34:15][INFO] Registered tree at (384, 143, 16)
[10:34:15][INFO] Registered tree at (388, 144, 4)
[10:34:15][INFO] Registered tree at (396, 144, 20)
[10:34:15][INFO] Registered tree at (384, 143, 16)
[10:34:15][INFO] Registered tree at (388, 144, 4)
[10:34:15][INFO] Registered tree at (396, 144, 20)
[10:34:15][INFO] Registered tree at (404, 142, 4)
[10:34:15][INFO] Registered tree at (392, 141, -120)
[10:34:15][INFO] Registered tree at (392, 141, -120)
[10:34:15][INFO] Registered tree at (404, 136, -128)
[10:34:15][INFO] Registered tree at (392, 141, -120)
[10:34:15][INFO] Registered tree at (404, 136, -128)
[10:34:15][INFO] Registered tree at (408, 141, -120)
[10:34:15][INFO] Registered tree at (384, 153, -48)
[10:34:15][INFO] Registered tree at (384, 153, -48)
[10:34:15][INFO] Registered tree at (392, 149, -56)
[10:34:15][INFO] Registered tree at (384, 153, -48)
[10:34:15][INFO] Registered tree at (384, 153, -48)
[10:34:15][INFO] Registered tree at (392, 149, -56)
[10:34:15][INFO] Registered tree at (388, 149, -28)
[10:34:15][INFO] Registered tree at (388, 157, -84)
[10:34:15][INFO] Registered tree at (388, 157, -84)
[10:34:15][INFO] Registered tree at (388, 152, -68)
[10:34:15][INFO] Registered tree at (388, 157, -84)
[10:34:15][INFO] Registered tree at (388, 152, -68)
[10:34:15][INFO] Registered tree at (404, 151, -92)
[10:34:15][INFO] Registered tree at (388, 157, -84)
[10:34:15][INFO] Registered tree at (388, 152, -68)
[10:34:15][INFO] Registered tree at (404, 151, -92)
[10:34:15][INFO] Registered tree at (408, 151, -92)
[10:34:15][INFO] Registered tree at (388, 157, -84)
[10:34:15][INFO] Registered tree at (388, 152, -68)
[10:34:15][INFO] Registered tree at (404, 151, -92)
[10:34:15][INFO] Registered tree at (408, 151, -92)
[10:34:15][INFO] Registered tree at (412, 152, -88)
[10:34:15][INFO] Registered tree at (388, 157, -84)
[10:34:15][INFO] Registered tree at (388, 157, -84)
[10:34:15][INFO] Registered tree at (388, 152, -68)
[10:34:15][INFO] Registered tree at (388, 157, -84)
[10:34:15][INFO] Registered tree at (388, 152, -68)
[10:34:15][INFO] Registered tree at (404, 151, -92)
[10:34:15][INFO] Registered tree at (388, 157, -84)
[10:34:15][INFO] Registered tree at (388, 152, -68)
[10:34:15][INFO] Registered tree at (404, 151, -92)
[10:34:15][INFO] Registered tree at (408, 151, -92)
[10:34:15][INFO] Registered tree at (388, 157, -84)
[10:34:15][INFO] Registered tree at (388, 152, -68)
[10:34:15][INFO] Registered tree at (404, 151, -92)
[10:34:15][INFO] Registered tree at (408, 151, -92)
[10:34:15][INFO] Registered tree at (412, 152, -88)
[10:34:15][INFO] Registered tree at (388, 149, -28)
[10:34:15][INFO] Registered tree at (392, 141, -120)
[10:34:15][INFO] Registered tree at (392, 141, -120)
[10:34:15][INFO] Registered tree at (404, 136, -128)
[10:34:15][INFO] Registered tree at (392, 141, -120)
[10:34:15][INFO] Registered tree at (404, 136, -128)
[10:34:15][INFO] Registered tree at (408, 141, -120)
[10:34:15][INFO] Registered tree at (384, 143, 16)
[10:34:15][INFO] Registered tree at (384, 143, 16)
[10:34:15][INFO] Registered tree at (388, 144, 4)
[10:34:15][INFO] Registered tree at (384, 143, 16)
[10:34:15][INFO] Registered tree at (388, 144, 4)
[10:34:15][INFO] Registered tree at (396, 144, 20)
[10:34:15][INFO] Registered tree at (384, 143, 16)
[10:34:15][INFO] Registered tree at (388, 144, 4)
[10:34:15][INFO] Registered tree at (396, 144, 20)
[10:34:15][INFO] Registered tree at (404, 142, 4)
[10:34:15][INFO] Registered tree at (392, 141, -120)
[10:34:15][INFO] Registered tree at (392, 141, -120)
[10:34:15][INFO] Registered tree at (404, 136, -128)
[10:34:15][INFO] Registered tree at (392, 141, -120)
[10:34:15][INFO] Registered tree at (404, 136, -128)
[10:34:15][INFO] Registered tree at (408, 141, -120)
[10:34:15][INFO] Registered tree at (384, 143, 16)
[10:34:15][INFO] Registered tree at (384, 143, 16)
[10:34:15][INFO] Registered tree at (388, 144, 4)
[10:34:15][INFO] Registered tree at (384, 143, 16)
[10:34:15][INFO] Registered tree at (388, 144, 4)
[10:34:15][INFO] Registered tree at (396, 144, 20)
[10:34:15][INFO] Registered tree at (384, 143, 16)
[10:34:15][INFO] Registered tree at (388, 144, 4)
[10:34:15][INFO] Registered tree at (396, 144, 20)
[10:34:15][INFO] Registered tree at (404, 142, 4)
[10:34:15][INFO] Registered tree at (384, 153, -48)
[10:34:15][INFO] Registered tree at (384, 153, -48)
[10:34:15][INFO] Registered tree at (392, 149, -56)
[10:34:15][INFO] Registered tree at (384, 153, -48)
[10:34:15][INFO] Registered tree at (384, 153, -48)
[10:34:15][INFO] Registered tree at (392, 149, -56)
[10:34:15][INFO] Registered tree at (388, 157, -84)
[10:34:15][INFO] Registered tree at (388, 157, -84)
[10:34:15][INFO] Registered tree at (388, 152, -68)
[10:34:15][INFO] Registered tree at (388, 157, -84)
[10:34:15][INFO] Registered tree at (388, 152, -68)
[10:34:15][INFO] Registered tree at (404, 151, -92)
[10:34:15][INFO] Registered tree at (388, 157, -84)
[10:34:15][INFO] Registered tree at (388, 152, -68)
[10:34:15][INFO] Registered tree at (404, 151, -92)
[10:34:15][INFO] Registered tree at (408, 151, -92)
[10:34:15][INFO] Registered tree at (388, 157, -84)
[10:34:15][INFO] Registered tree at (388, 152, -68)
[10:34:15][INFO] Registered tree at (404, 151, -92)
[10:34:15][INFO] Registered tree at (408, 151, -92)
[10:34:15][INFO] Registered tree at (412, 152, -88)
[10:34:15][INFO] Registered tree at (388, 149, -28)
[10:34:15][INFO] Registered tree at (388, 149, -28)
[10:34:15][INFO] Registered tree at (388, 157, -84)
[10:34:15][INFO] Registered tree at (388, 157, -84)
[10:34:15][INFO] Registered tree at (388, 152, -68)
[10:34:15][INFO] Registered tree at (388, 157, -84)
[10:34:15][INFO] Registered tree at (388, 152, -68)
[10:34:15][INFO] Registered tree at (404, 151, -92)
[10:34:15][INFO] Registered tree at (388, 157, -84)
[10:34:15][INFO] Registered tree at (388, 152, -68)
[10:34:15][INFO] Registered tree at (404, 151, -92)
[10:34:15][INFO] Registered tree at (408, 151, -92)
[10:34:15][INFO] Registered tree at (388, 157, -84)
[10:34:15][INFO] Registered tree at (388, 152, -68)
[10:34:15][INFO] Registered tree at (404, 151, -92)
[10:34:15][INFO] Registered tree at (408, 151, -92)
[10:34:15][INFO] Registered tree at (412, 152, -88)
[10:34:15][INFO] Registered tree at (392, 141, -120)
[10:34:15][INFO] Registered tree at (392, 141, -120)
[10:34:15][INFO] Registered tree at (404, 136, -128)
[10:34:15][INFO] Registered tree at (392, 141, -120)
[10:34:15][INFO] Registered tree at (404, 136, -128)
[10:34:15][INFO] Registered tree at (408, 141, -120)
[10:34:15][INFO] Registered tree at (392, 141, -120)
[10:34:15][INFO] Registered tree at (392, 141, -120)
[10:34:15][INFO] Registered tree at (404, 136, -128)
[10:34:15][INFO] Registered tree at (392, 141, -120)
[10:34:15][INFO] Registered tree at (404, 136, -128)
[10:34:15][INFO] Registered tree at (408, 141, -120)
[10:34:15][INFO] Registered tree at (384, 143, 16)
[10:34:15][INFO] Registered tree at (384, 143, 16)
[10:34:15][INFO] Registered tree at (388, 144, 4)
[10:34:15][INFO] Registered tree at (384, 143, 16)
[10:34:15][INFO] Registered tree at (388, 144, 4)
[10:34:15][INFO] Registered tree at (396, 144, 20)
[10:34:15][INFO] Registered tree at (384, 143, 16)
[10:34:15][INFO] Registered tree at (388, 144, 4)
[10:34:15][INFO] Registered tree at (396, 144, 20)
[10:34:15][INFO] Registered tree at (404, 142, 4)
[10:34:15][INFO] Registered tree at (384, 143, 16)
[10:34:15][INFO] Registered tree at (384, 143, 16)
[10:34:15][INFO] Registered tree at (388, 144, 4)
[10:34:15][INFO] Registered tree at (384, 143, 16)
[10:34:15][INFO] Registered tree at (388, 144, 4)
[10:34:15][INFO] Registered tree at (396, 144, 20)
[10:34:15][INFO] Registered tree at (384, 143, 16)
[10:34:15][INFO] Registered tree at (388, 144, 4)
[10:34:15][INFO] Registered tree at (396, 144, 20)
[10:34:15][INFO] Registered tree at (404, 142, 4)
[10:34:19][INFO] Chopping tree at (340, -36)
[10:34:20][INFO] Chopping tree at (340, -36)
[10:34:20][INFO] Chopping tree at (340, -36)
[10:34:22][INFO] Registered tree at (384, 142, 52)
[10:34:22][INFO] Registered tree at (384, 142, 52)
[10:34:22][INFO] Registered tree at (388, 143, 32)
[10:34:22][INFO] Registered tree at (384, 142, 52)
[10:34:22][INFO] Registered tree at (388, 143, 32)
[10:34:22][INFO] Registered tree at (388, 140, 44)
[10:34:22][INFO] Registered tree at (384, 142, 52)
[10:34:22][INFO] Registered tree at (388, 143, 32)
[10:34:22][INFO] Registered tree at (388, 140, 44)
[10:34:22][INFO] Registered tree at (392, 140, 56)
[10:34:22][INFO] Registered tree at (384, 142, 52)
[10:34:22][INFO] Registered tree at (388, 143, 32)
[10:34:22][INFO] Registered tree at (388, 140, 44)
[10:34:22][INFO] Registered tree at (392, 140, 56)
[10:34:22][INFO] Registered tree at (396, 138, 44)
[10:34:22][INFO] Registered tree at (384, 142, 52)
[10:34:22][INFO] Registered tree at (388, 143, 32)
[10:34:22][INFO] Registered tree at (388, 140, 44)
[10:34:22][INFO] Registered tree at (392, 140, 56)
[10:34:22][INFO] Registered tree at (396, 138, 44)
[10:34:22][INFO] Registered tree at (408, 137, 60)
[10:34:22][INFO] Registered tree at (384, 142, 52)
[10:34:22][INFO] Registered tree at (384, 142, 52)
[10:34:22][INFO] Registered tree at (388, 143, 32)
[10:34:22][INFO] Registered tree at (384, 142, 52)
[10:34:22][INFO] Registered tree at (388, 143, 32)
[10:34:22][INFO] Registered tree at (388, 140, 44)
[10:34:22][INFO] Registered tree at (384, 142, 52)
[10:34:22][INFO] Registered tree at (388, 143, 32)
[10:34:22][INFO] Registered tree at (388, 140, 44)
[10:34:22][INFO] Registered tree at (392, 140, 56)
[10:34:22][INFO] Registered tree at (384, 142, 52)
[10:34:22][INFO] Registered tree at (388, 143, 32)
[10:34:22][INFO] Registered tree at (388, 140, 44)
[10:34:22][INFO] Registered tree at (392, 140, 56)
[10:34:22][INFO] Registered tree at (396, 138, 44)
[10:34:22][INFO] Registered tree at (384, 142, 52)
[10:34:22][INFO] Registered tree at (388, 143, 32)
[10:34:22][INFO] Registered tree at (388, 140, 44)
[10:34:22][INFO] Registered tree at (392, 140, 56)
[10:34:22][INFO] Registered tree at (396, 138, 44)
[10:34:22][INFO] Registered tree at (408, 137, 60)
[10:34:22][INFO] Registered tree at (384, 142, 52)
[10:34:22][INFO] Registered tree at (384, 142, 52)
[10:34:22][INFO] Registered tree at (388, 143, 32)
[10:34:22][INFO] Registered tree at (384, 142, 52)
[10:34:22][INFO] Registered tree at (388, 143, 32)
[10:34:22][INFO] Registered tree at (388, 140, 44)
[10:34:22][INFO] Registered tree at (384, 142, 52)
[10:34:22][INFO] Registered tree at (388, 143, 32)
[10:34:22][INFO] Registered tree at (388, 140, 44)
[10:34:22][INFO] Registered tree at (392, 140, 56)
[10:34:22][INFO] Registered tree at (384, 142, 52)
[10:34:22][INFO] Registered tree at (388, 143, 32)
[10:34:22][INFO] Registered tree at (388, 140, 44)
[10:34:22][INFO] Registered tree at (392, 140, 56)
[10:34:22][INFO] Registered tree at (396, 138, 44)
[10:34:22][INFO] Registered tree at (384, 142, 52)
[10:34:22][INFO] Registered tree at (388, 143, 32)
[10:34:22][INFO] Registered tree at (388, 140, 44)
[10:34:22][INFO] Registered tree at (392, 140, 56)
[10:34:22][INFO] Registered tree at (396, 138, 44)
[10:34:22][INFO] Registered tree at (408, 137, 60)
[10:34:22][INFO] Registered tree at (384, 142, 52)
[10:34:22][INFO] Registered tree at (384, 142, 52)
[10:34:22][INFO] Registered tree at (388, 143, 32)
[10:34:22][INFO] Registered tree at (384, 142, 52)
[10:34:22][INFO] Registered tree at (388, 143, 32)
[10:34:22][INFO] Registered tree at (388, 140, 44)
[10:34:22][INFO] Registered tree at (384, 142, 52)
[10:34:22][INFO] Registered tree at (388, 143, 32)
[10:34:22][INFO] Registered tree at (388, 140, 44)
[10:34:22][INFO] Registered tree at (392, 140, 56)
[10:34:22][INFO] Registered tree at (384, 142, 52)
[10:34:22][INFO] Registered tree at (388, 143, 32)
[10:34:22][INFO] Registered tree at (388, 140, 44)
[10:34:22][INFO] Registered tree at (392, 140, 56)
[10:34:22][INFO] Registered tree at (396, 138, 44)
[10:34:22][INFO] Registered tree at (384, 142, 52)
[10:34:22][INFO] Registered tree at (388, 143, 32)
[10:34:22][INFO] Registered tree at (388, 140, 44)
[10:34:22][INFO] Registered tree at (392, 140, 56)
[10:34:22][INFO] Registered tree at (396, 138, 44)
[10:34:22][INFO] Registered tree at (408, 137, 60)
[10:34:22][INFO] Registered tree at (384, 142, 52)
[10:34:22][INFO] Registered tree at (384, 142, 52)
[10:34:22][INFO] Registered tree at (388, 143, 32)
[10:34:22][INFO] Registered tree at (384, 142, 52)
[10:34:22][INFO] Registered tree at (388, 143, 32)
[10:34:22][INFO] Registered tree at (388, 140, 44)
[10:34:22][INFO] Registered tree at (384, 142, 52)
[10:34:22][INFO] Registered tree at (388, 143, 32)
[10:34:22][INFO] Registered tree at (388, 140, 44)
[10:34:22][INFO] Registered tree at (392, 140, 56)
[10:34:22][INFO] Registered tree at (384, 142, 52)
[10:34:22][INFO] Registered tree at (388, 143, 32)
[10:34:22][INFO] Registered tree at (388, 140, 44)
[10:34:22][INFO] Registered tree at (392, 140, 56)
[10:34:22][INFO] Registered tree at (396, 138, 44)
[10:34:22][INFO] Registered tree at (384, 142, 52)
[10:34:22][INFO] Registered tree at (388, 143, 32)
[10:34:22][INFO] Registered tree at (388, 140, 44)
[10:34:22][INFO] Registered tree at (392, 140, 56)
[10:34:22][INFO] Registered tree at (396, 138, 44)
[10:34:22][INFO] Registered tree at (408, 137, 60)
[10:34:22][INFO] Registered tree at (384, 142, 52)
[10:34:22][INFO] Registered tree at (384, 142, 52)
[10:34:22][INFO] Registered tree at (388, 143, 32)
[10:34:22][INFO] Registered tree at (384, 142, 52)
[10:34:22][INFO] Registered tree at (388, 143, 32)
[10:34:22][INFO] Registered tree at (388, 140, 44)
[10:34:22][INFO] Registered tree at (384, 142, 52)
[10:34:22][INFO] Registered tree at (388, 143, 32)
[10:34:22][INFO] Registered tree at (388, 140, 44)
[10:34:22][INFO] Registered tree at (392, 140, 56)
[10:34:22][INFO] Registered tree at (384, 142, 52)
[10:34:22][INFO] Registered tree at (388, 143, 32)
[10:34:22][INFO] Registered tree at (388, 140, 44)
[10:34:22][INFO] Registered tree at (392, 140, 56)
[10:34:22][INFO] Registered tree at (396, 138, 44)
[10:34:22][INFO] Registered tree at (384, 142, 52)
[10:34:22][INFO] Registered tree at (388, 143, 32)
[10:34:22][INFO] Registered tree at (388, 140, 44)
[10:34:22][INFO] Registered tree at (392, 140, 56)
[10:34:22][INFO] Registered tree at (396, 138, 44)
[10:34:22][INFO] Registered tree at (408, 137, 60)
[10:34:22][INFO] Registered tree at (384, 142, 52)
[10:34:22][INFO] Registered tree at (384, 142, 52)
[10:34:22][INFO] Registered tree at (388, 143, 32)
[10:34:22][INFO] Registered tree at (384, 142, 52)
[10:34:22][INFO] Registered tree at (388, 143, 32)
[10:34:22][INFO] Registered tree at (388, 140, 44)
[10:34:22][INFO] Registered tree at (384, 142, 52)
[10:34:22][INFO] Registered tree at (388, 143, 32)
[10:34:22][INFO] Registered tree at (388, 140, 44)
[10:34:22][INFO] Registered tree at (392, 140, 56)
[10:34:22][INFO] Registered tree at (384, 142, 52)
[10:34:22][INFO] Registered tree at (388, 143, 32)
[10:34:22][INFO] Registered tree at (388, 140, 44)
[10:34:22][INFO] Registered tree at (392, 140, 56)
[10:34:22][INFO] Registered tree at (396, 138, 44)
[10:34:22][INFO] Registered tree at (384, 142, 52)
[10:34:22][INFO] Registered tree at (388, 143, 32)
[10:34:22][INFO] Registered tree at (388, 140, 44)
[10:34:22][INFO] Registered tree at (392, 140, 56)
[10:34:22][INFO] Registered tree at (396, 138, 44)
[10:34:22][INFO] Registered tree at (408, 137, 60)
[10:34:22][INFO] Registered tree at (384, 142, 52)
[10:34:22][INFO] Registered tree at (384, 142, 52)
[10:34:22][INFO] Registered tree at (388, 143, 32)
[10:34:22][INFO] Registered tree at (384, 142, 52)
[10:34:22][INFO] Registered tree at (388, 143, 32)
[10:34:22][INFO] Registered tree at (388, 140, 44)
[10:34:22][INFO] Registered tree at (384, 142, 52)
[10:34:22][INFO] Registered tree at (388, 143, 32)
[10:34:22][INFO] Registered tree at (388, 140, 44)
[10:34:22][INFO] Registered tree at (392, 140, 56)
[10:34:22][INFO] Registered tree at (384, 142, 52)
[10:34:22][INFO] Registered tree at (388, 143, 32)
[10:34:22][INFO] Registered tree at (388, 140, 44)
[10:34:22][INFO] Registered tree at (392, 140, 56)
[10:34:22][INFO] Registered tree at (396, 138, 44)
[10:34:22][INFO] Registered tree at (384, 142, 52)
[10:34:22][INFO] Registered tree at (388, 143, 32)
[10:34:22][INFO] Registered tree at (388, 140, 44)
[10:34:22][INFO] Registered tree at (392, 140, 56)
[10:34:22][INFO] Registered tree at (396, 138, 44)
[10:34:22][INFO] Registered tree at (408, 137, 60)
[10:34:22][INFO] Registered tree at (384, 142, 52)
[10:34:22][INFO] Registered tree at (384, 142, 52)
[10:34:22][INFO] Registered tree at (388, 143, 32)
[10:34:22][INFO] Registered tree at (384, 142, 52)
[10:34:22][INFO] Registered tree at (388, 143, 32)
[10:34:22][INFO] Registered tree at (388, 140, 44)
[10:34:22][INFO] Registered tree at (384, 142, 52)
[10:34:22][INFO] Registered tree at (388, 143, 32)
[10:34:22][INFO] Registered tree at (388, 140, 44)
[10:34:22][INFO] Registered tree at (392, 140, 56)
[10:34:22][INFO] Registered tree at (384, 142, 52)
[10:34:22][INFO] Registered tree at (388, 143, 32)
[10:34:22][INFO] Registered tree at (388, 140, 44)
[10:34:22][INFO] Registered tree at (392, 140, 56)
[10:34:22][INFO] Registered tree at (396, 138, 44)
[10:34:22][INFO] Registered tree at (384, 142, 52)
[10:34:22][INFO] Registered tree at (388, 143, 32)
[10:34:22][INFO] Registered tree at (388, 140, 44)
[10:34:22][INFO] Registered tree at (392, 140, 56)
[10:34:22][INFO] Registered tree at (396, 138, 44)
[10:34:22][INFO] Registered tree at (408, 137, 60)
[10:34:22][INFO] Registered tree at (428, 146, -20)
[10:34:22][INFO] Registered tree at (428, 146, -20)
[10:34:22][INFO] Registered tree at (428, 144, -8)
[10:34:22][INFO] Registered tree at (420, 142, 4)
[10:34:22][INFO] Registered tree at (420, 142, 4)
[10:34:22][INFO] Registered tree at (424, 139, 24)
[10:34:22][INFO] Registered tree at (420, 142, 4)
[10:34:22][INFO] Registered tree at (424, 139, 24)
[10:34:22][INFO] Registered tree at (428, 140, 12)
[10:34:22][INFO] Registered tree at (420, 142, 4)
[10:34:22][INFO] Registered tree at (424, 139, 24)
[10:34:22][INFO] Registered tree at (428, 140, 12)
[10:34:22][INFO] Registered tree at (436, 139, 20)
[10:34:22][INFO] Registered tree at (436, 146, -44)
[10:34:22][INFO] Registered tree at (428, 146, -20)
[10:34:22][INFO] Registered tree at (428, 146, -20)
[10:34:22][INFO] Registered tree at (428, 144, -8)
[10:34:22][INFO] Registered tree at (416, 138, 48)
[10:34:22][INFO] Registered tree at (416, 138, 48)
[10:34:22][INFO] Registered tree at (416, 137, 60)
[10:34:22][INFO] Registered tree at (416, 138, 48)
[10:34:22][INFO] Registered tree at (416, 137, 60)
[10:34:22][INFO] Registered tree at (428, 137, 40)
[10:34:22][INFO] Registered tree at (416, 138, 48)
[10:34:22][INFO] Registered tree at (416, 137, 60)
[10:34:22][INFO] Registered tree at (428, 137, 40)
[10:34:22][INFO] Registered tree at (436, 137, 36)
[10:34:22][INFO] Registered tree at (428, 146, -20)
[10:34:22][INFO] Registered tree at (428, 146, -20)
[10:34:22][INFO] Registered tree at (428, 144, -8)
[10:34:22][INFO] Registered tree at (420, 147, -88)
[10:34:22][INFO] Registered tree at (420, 147, -88)
[10:34:22][INFO] Registered tree at (428, 147, -68)
[10:34:22][INFO] Registered tree at (420, 142, 4)
[10:34:22][INFO] Registered tree at (420, 142, 4)
[10:34:22][INFO] Registered tree at (424, 139, 24)
[10:34:22][INFO] Registered tree at (420, 142, 4)
[10:34:22][INFO] Registered tree at (424, 139, 24)
[10:34:22][INFO] Registered tree at (428, 140, 12)
[10:34:22][INFO] Registered tree at (420, 142, 4)
[10:34:22][INFO] Registered tree at (424, 139, 24)
[10:34:22][INFO] Registered tree at (428, 140, 12)
[10:34:22][INFO] Registered tree at (436, 139, 20)
[10:34:22][INFO] Registered tree at (436, 146, -44)
[10:34:22][INFO] Registered tree at (436, 146, -44)
[10:34:22][INFO] Registered tree at (420, 142, 4)
[10:34:22][INFO] Registered tree at (420, 142, 4)
[10:34:22][INFO] Registered tree at (424, 139, 24)
[10:34:22][INFO] Registered tree at (420, 142, 4)
[10:34:22][INFO] Registered tree at (424, 139, 24)
[10:34:22][INFO] Registered tree at (428, 140, 12)
[10:34:22][INFO] Registered tree at (420, 142, 4)
[10:34:22][INFO] Registered tree at (424, 139, 24)
[10:34:22][INFO] Registered tree at (428, 140, 12)
[10:34:22][INFO] Registered tree at (436, 139, 20)
[10:34:23][INFO] Registered tree at (416, 138, 48)
[10:34:23][INFO] Registered tree at (416, 138, 48)
[10:34:23][INFO] Registered tree at (416, 137, 60)
[10:34:23][INFO] Registered tree at (416, 138, 48)
[10:34:23][INFO] Registered tree at (416, 137, 60)
[10:34:23][INFO] Registered tree at (428, 137, 40)
[10:34:23][INFO] Registered tree at (416, 138, 48)
[10:34:23][INFO] Registered tree at (416, 137, 60)
[10:34:23][INFO] Registered tree at (428, 137, 40)
[10:34:23][INFO] Registered tree at (436, 137, 36)
[10:34:23][INFO] Registered tree at (420, 147, -88)
[10:34:23][INFO] Registered tree at (420, 147, -88)
[10:34:23][INFO] Registered tree at (428, 147, -68)
[10:34:23][INFO] Registered tree at (420, 147, -88)
[10:34:23][INFO] Registered tree at (420, 147, -88)
[10:34:23][INFO] Registered tree at (428, 147, -68)
[10:34:23][INFO] Registered tree at (416, 138, 48)
[10:34:23][INFO] Registered tree at (416, 138, 48)
[10:34:23][INFO] Registered tree at (416, 137, 60)
[10:34:23][INFO] Registered tree at (416, 138, 48)
[10:34:23][INFO] Registered tree at (416, 137, 60)
[10:34:23][INFO] Registered tree at (428, 137, 40)
[10:34:23][INFO] Registered tree at (416, 138, 48)
[10:34:23][INFO] Registered tree at (416, 137, 60)
[10:34:23][INFO] Registered tree at (428, 137, 40)
[10:34:23][INFO] Registered tree at (436, 137, 36)
[10:34:23][INFO] Registered tree at (428, 146, -20)
[10:34:23][INFO] Registered tree at (428, 146, -20)
[10:34:23][INFO] Registered tree at (428, 144, -8)
[10:34:23][INFO] Registered tree at (428, 146, -20)
[10:34:23][INFO] Registered tree at (428, 146, -20)
[10:34:23][INFO] Registered tree at (428, 144, -8)
[10:34:23][INFO] Registered tree at (436, 146, -44)
[10:34:23][INFO] Registered tree at (420, 142, 4)
[10:34:23][INFO] Registered tree at (420, 142, 4)
[10:34:23][INFO] Registered tree at (424, 139, 24)
[10:34:23][INFO] Registered tree at (420, 142, 4)
[10:34:23][INFO] Registered tree at (424, 139, 24)
[10:34:23][INFO] Registered tree at (428, 140, 12)
[10:34:23][INFO] Registered tree at (420, 142, 4)
[10:34:23][INFO] Registered tree at (424, 139, 24)
[10:34:23][INFO] Registered tree at (428, 140, 12)
[10:34:23][INFO] Registered tree at (436, 139, 20)
[10:34:23][INFO] Registered tree at (436, 146, -44)
[10:34:23][INFO] Registered tree at (420, 142, 4)
[10:34:23][INFO] Registered tree at (420, 142, 4)
[10:34:23][INFO] Registered tree at (424, 139, 24)
[10:34:23][INFO] Registered tree at (420, 142, 4)
[10:34:23][INFO] Registered tree at (424, 139, 24)
[10:34:23][INFO] Registered tree at (428, 140, 12)
[10:34:23][INFO] Registered tree at (420, 142, 4)
[10:34:23][INFO] Registered tree at (424, 139, 24)
[10:34:23][INFO] Registered tree at (428, 140, 12)
[10:34:23][INFO] Registered tree at (436, 139, 20)
[10:34:23][INFO] Registered tree at (416, 138, 48)
[10:34:23][INFO] Registered tree at (416, 138, 48)
[10:34:23][INFO] Registered tree at (416, 137, 60)
[10:34:23][INFO] Registered tree at (416, 138, 48)
[10:34:23][INFO] Registered tree at (416, 137, 60)
[10:34:23][INFO] Registered tree at (428, 137, 40)
[10:34:23][INFO] Registered tree at (416, 138, 48)
[10:34:23][INFO] Registered tree at (416, 137, 60)
[10:34:23][INFO] Registered tree at (428, 137, 40)
[10:34:23][INFO] Registered tree at (436, 137, 36)
[10:34:23][INFO] Registered tree at (420, 147, -88)
[10:34:23][INFO] Registered tree at (420, 147, -88)
[10:34:23][INFO] Registered tree at (428, 147, -68)
[10:34:23][INFO] Registered tree at (416, 138, 48)
[10:34:23][INFO] Registered tree at (416, 138, 48)
[10:34:23][INFO] Registered tree at (416, 137, 60)
[10:34:23][INFO] Registered tree at (416, 138, 48)
[10:34:23][INFO] Registered tree at (416, 137, 60)
[10:34:23][INFO] Registered tree at (428, 137, 40)
[10:34:23][INFO] Registered tree at (416, 138, 48)
[10:34:23][INFO] Registered tree at (416, 137, 60)
[10:34:23][INFO] Registered tree at (428, 137, 40)
[10:34:23][INFO] Registered tree at (436, 137, 36)
[10:34:23][INFO] Registered tree at (420, 147, -88)
[10:34:23][INFO] Registered tree at (420, 147, -88)
[10:34:23][INFO] Registered tree at (428, 147, -68)
[10:34:23][INFO] Registered tree at (428, 146, -20)
[10:34:23][INFO] Registered tree at (428, 146, -20)
[10:34:23][INFO] Registered tree at (428, 144, -8)
[10:34:23][INFO] Registered tree at (428, 146, -20)
[10:34:23][INFO] Registered tree at (428, 146, -20)
[10:34:23][INFO] Registered tree at (428, 144, -8)
[10:34:23][INFO] Registered tree at (420, 142, 4)
[10:34:23][INFO] Registered tree at (420, 142, 4)
[10:34:23][INFO] Registered tree at (424, 139, 24)
[10:34:23][INFO] Registered tree at (420, 142, 4)
[10:34:23][INFO] Registered tree at (424, 139, 24)
[10:34:23][INFO] Registered tree at (428, 140, 12)
[10:34:23][INFO] Registered tree at (420, 142, 4)
[10:34:23][INFO] Registered tree at (424, 139, 24)
[10:34:23][INFO] Registered tree at (428, 140, 12)
[10:34:23][INFO] Registered tree at (436, 139, 20)
[10:34:23][INFO] Registered tree at (436, 146, -44)
[10:34:23][INFO] Registered tree at (436, 146, -44)
[10:34:23][INFO] Registered tree at (420, 142, 4)
[10:34:23][INFO] Registered tree at (420, 142, 4)
[10:34:23][INFO] Registered tree at (424, 139, 24)
[10:34:23][INFO] Registered tree at (420, 142, 4)
[10:34:23][INFO] Registered tree at (424, 139, 24)
[10:34:23][INFO] Registered tree at (428, 140, 12)
[10:34:23][INFO] Registered tree at (420, 142, 4)
[10:34:23][INFO] Registered tree at (424, 139, 24)
[10:34:23][INFO] Registered tree at (428, 140, 12)
[10:34:23][INFO] Registered tree at (436, 139, 20)
[10:34:23][INFO] Registered tree at (420, 147, -88)
[10:34:23][INFO] Registered tree at (420, 147, -88)
[10:34:23][INFO] Registered tree at (428, 147, -68)
[10:34:23][INFO] Registered tree at (416, 138, 48)
[10:34:23][INFO] Registered tree at (416, 138, 48)
[10:34:23][INFO] Registered tree at (416, 137, 60)
[10:34:23][INFO] Registered tree at (416, 138, 48)
[10:34:23][INFO] Registered tree at (416, 137, 60)
[10:34:23][INFO] Registered tree at (428, 137, 40)
[10:34:23][INFO] Registered tree at (416, 138, 48)
[10:34:23][INFO] Registered tree at (416, 137, 60)
[10:34:23][INFO] Registered tree at (428, 137, 40)
[10:34:23][INFO] Registered tree at (436, 137, 36)
[10:34:23][INFO] Registered tree at (420, 147, -88)
[10:34:23][INFO] Registered tree at (420, 147, -88)
[10:34:23][INFO] Registered tree at (428, 147, -68)
[10:34:23][INFO] Registered tree at (416, 138, 48)
[10:34:23][INFO] Registered tree at (416, 138, 48)
[10:34:23][INFO] Registered tree at (416, 137, 60)
[10:34:23][INFO] Registered tree at (416, 138, 48)
[10:34:23][INFO] Registered tree at (416, 137, 60)
[10:34:23][INFO] Registered tree at (428, 137, 40)
[10:34:23][INFO] Registered tree at (416, 138, 48)
[10:34:23][INFO] Registered tree at (416, 137, 60)
[10:34:23][INFO] Registered tree at (428, 137, 40)
[10:34:23][INFO] Registered tree at (436, 137, 36)
[10:34:23][INFO] Registered tree at (428, 146, -20)
[10:34:23][INFO] Registered tree at (428, 146, -20)
[10:34:23][INFO] Registered tree at (428, 144, -8)
[10:34:23][INFO] Registered tree at (428, 146, -20)
[10:34:23][INFO] Registered tree at (428, 146, -20)
[10:34:23][INFO] Registered tree at (428, 144, -8)
[10:34:23][INFO] Registered tree at (436, 146, -44)
[10:34:23][INFO] Registered tree at (420, 142, 4)
[10:34:23][INFO] Registered tree at (420, 142, 4)
[10:34:23][INFO] Registered tree at (424, 139, 24)
[10:34:23][INFO] Registered tree at (420, 142, 4)
[10:34:23][INFO] Registered tree at (424, 139, 24)
[10:34:23][INFO] Registered tree at (428, 140, 12)
[10:34:23][INFO] Registered tree at (420, 142, 4)
[10:34:23][INFO] Registered tree at (424, 139, 24)
[10:34:23][INFO] Registered tree at (428, 140, 12)
[10:34:23][INFO] Registered tree at (436, 139, 20)
[10:34:23][INFO] Registered tree at (420, 142, 4)
[10:34:23][INFO] Registered tree at (420, 142, 4)
[10:34:23][INFO] Registered tree at (424, 139, 24)
[10:34:23][INFO] Registered tree at (420, 142, 4)
[10:34:23][INFO] Registered tree at (424, 139, 24)
[10:34:23][INFO] Registered tree at (428, 140, 12)
[10:34:23][INFO] Registered tree at (420, 142, 4)
[10:34:23][INFO] Registered tree at (424, 139, 24)
[10:34:23][INFO] Registered tree at (428, 140, 12)
[10:34:23][INFO] Registered tree at (436, 139, 20)
[10:34:23][INFO] Registered tree at (436, 146, -44)
[10:34:23][INFO] Registered tree at (420, 147, -88)
[10:34:23][INFO] Registered tree at (420, 147, -88)
[10:34:23][INFO] Registered tree at (428, 147, -68)
[10:34:23][INFO] Registered tree at (420, 147, -88)
[10:34:23][INFO] Registered tree at (420, 147, -88)
[10:34:23][INFO] Registered tree at (428, 147, -68)
[10:34:23][INFO] Registered tree at (416, 138, 48)
[10:34:23][INFO] Registered tree at (416, 138, 48)
[10:34:23][INFO] Registered tree at (416, 137, 60)
[10:34:23][INFO] Registered tree at (416, 138, 48)
[10:34:23][INFO] Registered tree at (416, 137, 60)
[10:34:23][INFO] Registered tree at (428, 137, 40)
[10:34:23][INFO] Registered tree at (416, 138, 48)
[10:34:23][INFO] Registered tree at (416, 137, 60)
[10:34:23][INFO] Registered tree at (428, 137, 40)
[10:34:23][INFO] Registered tree at (436, 137, 36)
[10:34:23][INFO] Registered tree at (416, 138, 48)
[10:34:23][INFO] Registered tree at (416, 138, 48)
[10:34:23][INFO] Registered tree at (416, 137, 60)
[10:34:23][INFO] Registered tree at (416, 138, 48)
[10:34:23][INFO] Registered tree at (416, 137, 60)
[10:34:23][INFO] Registered tree at (428, 137, 40)
[10:34:23][INFO] Registered tree at (416, 138, 48)
[10:34:23][INFO] Registered tree at (416, 137, 60)
[10:34:23][INFO] Registered tree at (428, 137, 40)
[10:34:23][INFO] Registered tree at (436, 137, 36)
[10:34:31][INFO] Registered tree at (452, 142, -24)
[10:34:31][INFO] Registered tree at (452, 142, -24)
[10:34:31][INFO] Registered tree at (460, 139, -28)
[10:34:31][INFO] Registered tree at (452, 142, -24)
[10:34:31][INFO] Registered tree at (460, 139, -28)
[10:34:31][INFO] Registered tree at (468, 138, -28)
[10:34:31][INFO] Registered tree at (452, 142, -24)
[10:34:31][INFO] Registered tree at (460, 139, -28)
[10:34:31][INFO] Registered tree at (468, 138, -28)
[10:34:31][INFO] Registered tree at (468, 143, -12)
[10:34:31][INFO] Registered tree at (460, 148, 4)
[10:34:31][INFO] Registered tree at (460, 148, 4)
[10:34:31][INFO] Registered tree at (464, 148, 0)
[10:34:31][INFO] Registered tree at (460, 148, 4)
[10:34:31][INFO] Registered tree at (464, 148, 0)
[10:34:31][INFO] Registered tree at (476, 148, 4)
[10:34:31][INFO] Registered tree at (452, 145, -64)
[10:34:31][INFO] Registered tree at (452, 145, -64)
[10:34:31][INFO] Registered tree at (460, 142, -52)
[10:34:31][INFO] Registered tree at (452, 145, -64)
[10:34:31][INFO] Registered tree at (460, 142, -52)
[10:34:31][INFO] Registered tree at (460, 142, -48)
[10:34:31][INFO] Registered tree at (452, 145, -64)
[10:34:31][INFO] Registered tree at (460, 142, -52)
[10:34:31][INFO] Registered tree at (460, 142, -48)
[10:34:31][INFO] Registered tree at (468, 140, -36)
[10:34:31][INFO] Registered tree at (452, 142, -24)
[10:34:31][INFO] Registered tree at (452, 142, -24)
[10:34:31][INFO] Registered tree at (460, 139, -28)
[10:34:31][INFO] Registered tree at (452, 142, -24)
[10:34:31][INFO] Registered tree at (460, 139, -28)
[10:34:31][INFO] Registered tree at (468, 138, -28)
[10:34:31][INFO] Registered tree at (452, 142, -24)
[10:34:31][INFO] Registered tree at (460, 139, -28)
[10:34:31][INFO] Registered tree at (468, 138, -28)
[10:34:31][INFO] Registered tree at (468, 143, -12)
[10:34:31][INFO] Registered tree at (476, 147, 44)
[10:34:31][INFO] Registered tree at (476, 147, 44)
[10:34:31][INFO] Registered tree at (476, 146, 52)
[10:34:31][INFO] Registered tree at (452, 142, -24)
[10:34:31][INFO] Registered tree at (452, 142, -24)
[10:34:31][INFO] Registered tree at (460, 139, -28)
[10:34:31][INFO] Registered tree at (452, 142, -24)
[10:34:31][INFO] Registered tree at (460, 139, -28)
[10:34:31][INFO] Registered tree at (468, 138, -28)
[10:34:31][INFO] Registered tree at (452, 142, -24)
[10:34:31][INFO] Registered tree at (460, 139, -28)
[10:34:31][INFO] Registered tree at (468, 138, -28)
[10:34:31][INFO] Registered tree at (468, 143, -12)
[10:34:31][INFO] Registered tree at (452, 148, -80)
[10:34:31][INFO] Registered tree at (452, 148, -80)
[10:34:31][INFO] Registered tree at (452, 146, -68)
[10:34:31][INFO] Registered tree at (452, 148, -80)
[10:34:31][INFO] Registered tree at (452, 146, -68)
[10:34:31][INFO] Registered tree at (468, 145, -88)
[10:34:31][INFO] Registered tree at (460, 148, 4)
[10:34:31][INFO] Registered tree at (460, 148, 4)
[10:34:31][INFO] Registered tree at (464, 148, 0)
[10:34:31][INFO] Registered tree at (460, 148, 4)
[10:34:31][INFO] Registered tree at (464, 148, 0)
[10:34:31][INFO] Registered tree at (476, 148, 4)
[10:34:31][INFO] Registered tree at (452, 145, -64)
[10:34:31][INFO] Registered tree at (452, 145, -64)
[10:34:31][INFO] Registered tree at (460, 142, -52)
[10:34:31][INFO] Registered tree at (452, 145, -64)
[10:34:31][INFO] Registered tree at (460, 142, -52)
[10:34:31][INFO] Registered tree at (460, 142, -48)
[10:34:31][INFO] Registered tree at (452, 145, -64)
[10:34:31][INFO] Registered tree at (460, 142, -52)
[10:34:31][INFO] Registered tree at (460, 142, -48)
[10:34:31][INFO] Registered tree at (468, 140, -36)
[10:34:31][INFO] Registered tree at (452, 145, -64)
[10:34:31][INFO] Registered tree at (452, 145, -64)
[10:34:31][INFO] Registered tree at (460, 142, -52)
[10:34:31][INFO] Registered tree at (452, 145, -64)
[10:34:31][INFO] Registered tree at (460, 142, -52)
[10:34:31][INFO] Registered tree at (460, 142, -48)
[10:34:31][INFO] Registered tree at (452, 145, -64)
[10:34:31][INFO] Registered tree at (460, 142, -52)
[10:34:31][INFO] Registered tree at (460, 142, -48)
[10:34:31][INFO] Registered tree at (468, 140, -36)
[10:34:31][INFO] Registered tree at (460, 148, 4)
[10:34:31][INFO] Registered tree at (460, 148, 4)
[10:34:31][INFO] Registered tree at (464, 148, 0)
[10:34:31][INFO] Registered tree at (460, 148, 4)
[10:34:31][INFO] Registered tree at (464, 148, 0)
[10:34:31][INFO] Registered tree at (476, 148, 4)
[10:34:31][INFO] Registered tree at (476, 147, 44)
[10:34:31][INFO] Registered tree at (476, 147, 44)
[10:34:31][INFO] Registered tree at (476, 146, 52)
[10:34:31][INFO] Registered tree at (452, 148, -80)
[10:34:31][INFO] Registered tree at (452, 148, -80)
[10:34:31][INFO] Registered tree at (452, 146, -68)
[10:34:31][INFO] Registered tree at (452, 148, -80)
[10:34:31][INFO] Registered tree at (452, 146, -68)
[10:34:31][INFO] Registered tree at (468, 145, -88)
[10:34:31][INFO] Registered tree at (452, 148, -80)
[10:34:31][INFO] Registered tree at (452, 148, -80)
[10:34:31][INFO] Registered tree at (452, 146, -68)
[10:34:31][INFO] Registered tree at (452, 148, -80)
[10:34:31][INFO] Registered tree at (452, 146, -68)
[10:34:31][INFO] Registered tree at (468, 145, -88)
[10:34:31][INFO] Registered tree at (476, 147, 44)
[10:34:31][INFO] Registered tree at (476, 147, 44)
[10:34:31][INFO] Registered tree at (476, 146, 52)
[10:34:31][INFO] Registered tree at (452, 142, -24)
[10:34:31][INFO] Registered tree at (452, 142, -24)
[10:34:31][INFO] Registered tree at (460, 139, -28)
[10:34:31][INFO] Registered tree at (452, 142, -24)
[10:34:31][INFO] Registered tree at (460, 139, -28)
[10:34:31][INFO] Registered tree at (468, 138, -28)
[10:34:31][INFO] Registered tree at (452, 142, -24)
[10:34:31][INFO] Registered tree at (460, 139, -28)
[10:34:31][INFO] Registered tree at (468, 138, -28)
[10:34:31][INFO] Registered tree at (468, 143, -12)
[10:34:31][INFO] Registered tree at (452, 142, -24)
[10:34:31][INFO] Registered tree at (452, 142, -24)
[10:34:31][INFO] Registered tree at (460, 139, -28)
[10:34:31][INFO] Registered tree at (452, 142, -24)
[10:34:31][INFO] Registered tree at (460, 139, -28)
[10:34:31][INFO] Registered tree at (468, 138, -28)
[10:34:31][INFO] Registered tree at (452, 142, -24)
[10:34:31][INFO] Registered tree at (460, 139, -28)
[10:34:31][INFO] Registered tree at (468, 138, -28)
[10:34:31][INFO] Registered tree at (468, 143, -12)
[10:34:31][INFO] Registered tree at (452, 145, -64)
[10:34:31][INFO] Registered tree at (452, 145, -64)
[10:34:31][INFO] Registered tree at (460, 142, -52)
[10:34:31][INFO] Registered tree at (452, 145, -64)
[10:34:31][INFO] Registered tree at (460, 142, -52)
[10:34:31][INFO] Registered tree at (460, 142, -48)
[10:34:31][INFO] Registered tree at (452, 145, -64)
[10:34:31][INFO] Registered tree at (460, 142, -52)
[10:34:31][INFO] Registered tree at (460, 142, -48)
[10:34:31][INFO] Registered tree at (468, 140, -36)
[10:34:31][INFO] Registered tree at (460, 148, 4)
[10:34:31][INFO] Registered tree at (460, 148, 4)
[10:34:31][INFO] Registered tree at (464, 148, 0)
[10:34:31][INFO] Registered tree at (460, 148, 4)
[10:34:31][INFO] Registered tree at (464, 148, 0)
[10:34:31][INFO] Registered tree at (476, 148, 4)
[10:34:31][INFO] Registered tree at (452, 145, -64)
[10:34:31][INFO] Registered tree at (452, 145, -64)
[10:34:31][INFO] Registered tree at (460, 142, -52)
[10:34:31][INFO] Registered tree at (452, 145, -64)
[10:34:31][INFO] Registered tree at (460, 142, -52)
[10:34:31][INFO] Registered tree at (460, 142, -48)
[10:34:31][INFO] Registered tree at (452, 145, -64)
[10:34:31][INFO] Registered tree at (460, 142, -52)
[10:34:31][INFO] Registered tree at (460, 142, -48)
[10:34:31][INFO] Registered tree at (468, 140, -36)
[10:34:31][INFO] Registered tree at (460, 148, 4)
[10:34:31][INFO] Registered tree at (460, 148, 4)
[10:34:31][INFO] Registered tree at (464, 148, 0)
[10:34:31][INFO] Registered tree at (460, 148, 4)
[10:34:31][INFO] Registered tree at (464, 148, 0)
[10:34:31][INFO] Registered tree at (476, 148, 4)
[10:34:31][INFO] Registered tree at (476, 147, 44)
[10:34:31][INFO] Registered tree at (476, 147, 44)
[10:34:31][INFO] Registered tree at (476, 146, 52)
[10:34:31][INFO] Registered tree at (452, 148, -80)
[10:34:31][INFO] Registered tree at (452, 148, -80)
[10:34:31][INFO] Registered tree at (452, 146, -68)
[10:34:31][INFO] Registered tree at (452, 148, -80)
[10:34:31][INFO] Registered tree at (452, 146, -68)
[10:34:31][INFO] Registered tree at (468, 145, -88)
[10:34:31][INFO] Registered tree at (476, 147, 44)
[10:34:31][INFO] Registered tree at (476, 147, 44)
[10:34:31][INFO] Registered tree at (476, 146, 52)
[10:34:31][INFO] Registered tree at (452, 148, -80)
[10:34:31][INFO] Registered tree at (452, 148, -80)
[10:34:31][INFO] Registered tree at (452, 146, -68)
[10:34:31][INFO] Registered tree at (452, 148, -80)
[10:34:31][INFO] Registered tree at (452, 146, -68)
[10:34:31][INFO] Registered tree at (468, 145, -88)
[10:34:31][INFO] Registered tree at (452, 142, -24)
[10:34:31][INFO] Registered tree at (452, 142, -24)
[10:34:31][INFO] Registered tree at (460, 139, -28)
[10:34:31][INFO] Registered tree at (452, 142, -24)
[10:34:31][INFO] Registered tree at (460, 139, -28)
[10:34:31][INFO] Registered tree at (468, 138, -28)
[10:34:31][INFO] Registered tree at (452, 142, -24)
[10:34:31][INFO] Registered tree at (460, 139, -28)
[10:34:31][INFO] Registered tree at (468, 138, -28)
[10:34:31][INFO] Registered tree at (468, 143, -12)
[10:34:31][INFO] Registered tree at (452, 142, -24)
[10:34:31][INFO] Registered tree at (452, 142, -24)
[10:34:31][INFO] Registered tree at (460, 139, -28)
[10:34:31][INFO] Registered tree at (452, 142, -24)
[10:34:31][INFO] Registered tree at (460, 139, -28)
[10:34:31][INFO] Registered tree at (468, 138, -28)
[10:34:31][INFO] Registered tree at (452, 142, -24)
[10:34:31][INFO] Registered tree at (460, 139, -28)
[10:34:31][INFO] Registered tree at (468, 138, -28)
[10:34:31][INFO] Registered tree at (468, 143, -12)
[10:34:31][INFO] Registered tree at (460, 148, 4)
[10:34:31][INFO] Registered tree at (460, 148, 4)
[10:34:31][INFO] Registered tree at (464, 148, 0)
[10:34:31][INFO] Registered tree at (460, 148, 4)
[10:34:31][INFO] Registered tree at (464, 148, 0)
[10:34:31][INFO] Registered tree at (476, 148, 4)
[10:34:31][INFO] Registered tree at (452, 145, -64)
[10:34:31][INFO] Registered tree at (452, 145, -64)
[10:34:31][INFO] Registered tree at (460, 142, -52)
[10:34:31][INFO] Registered tree at (452, 145, -64)
[10:34:31][INFO] Registered tree at (460, 142, -52)
[10:34:31][INFO] Registered tree at (460, 142, -48)
[10:34:31][INFO] Registered tree at (452, 145, -64)
[10:34:31][INFO] Registered tree at (460, 142, -52)
[10:34:31][INFO] Registered tree at (460, 142, -48)
[10:34:31][INFO] Registered tree at (468, 140, -36)
[10:34:31][INFO] Registered tree at (452, 145, -64)
[10:34:31][INFO] Registered tree at (452, 145, -64)
[10:34:31][INFO] Registered tree at (460, 142, -52)
[10:34:31][INFO] Registered tree at (452, 145, -64)
[10:34:31][INFO] Registered tree at (460, 142, -52)
[10:34:31][INFO] Registered tree at (460, 142, -48)
[10:34:31][INFO] Registered tree at (452, 145, -64)
[10:34:31][INFO] Registered tree at (460, 142, -52)
[10:34:31][INFO] Registered tree at (460, 142, -48)
[10:34:31][INFO] Registered tree at (468, 140, -36)
[10:34:31][INFO] Registered tree at (460, 148, 4)
[10:34:31][INFO] Registered tree at (460, 148, 4)
[10:34:31][INFO] Registered tree at (464, 148, 0)
[10:34:31][INFO] Registered tree at (460, 148, 4)
[10:34:31][INFO] Registered tree at (464, 148, 0)
[10:34:31][INFO] Registered tree at (476, 148, 4)
[10:34:31][INFO] Registered tree at (452, 148, -80)
[10:34:31][INFO] Registered tree at (452, 148, -80)
[10:34:31][INFO] Registered tree at (452, 146, -68)
[10:34:31][INFO] Registered tree at (452, 148, -80)
[10:34:31][INFO] Registered tree at (452, 146, -68)
[10:34:31][INFO] Registered tree at (468, 145, -88)
[10:34:31][INFO] Registered tree at (476, 147, 44)
[10:34:31][INFO] Registered tree at (476, 147, 44)
[10:34:31][INFO] Registered tree at (476, 146, 52)
[10:34:31][INFO] Registered tree at (452, 148, -80)
[10:34:31][INFO] Registered tree at (452, 148, -80)
[10:34:31][INFO] Registered tree at (452, 146, -68)
[10:34:31][INFO] Registered tree at (452, 148, -80)
[10:34:31][INFO] Registered tree at (452, 146, -68)
[10:34:31][INFO] Registered tree at (468, 145, -88)
[10:34:32][INFO] Registered tree at (476, 147, 44)
[10:34:32][INFO] Registered tree at (476, 147, 44)
[10:34:32][INFO] Registered tree at (476, 146, 52)
[10:34:32][INFO] Registered tree at (452, 142, -24)
[10:34:32][INFO] Registered tree at (452, 142, -24)
[10:34:32][INFO] Registered tree at (460, 139, -28)
[10:34:32][INFO] Registered tree at (452, 142, -24)
[10:34:32][INFO] Registered tree at (460, 139, -28)
[10:34:32][INFO] Registered tree at (468, 138, -28)
[10:34:32][INFO] Registered tree at (452, 142, -24)
[10:34:32][INFO] Registered tree at (460, 139, -28)
[10:34:32][INFO] Registered tree at (468, 138, -28)
[10:34:32][INFO] Registered tree at (468, 143, -12)
[10:34:32][INFO] Registered tree at (452, 142, -24)
[10:34:32][INFO] Registered tree at (452, 142, -24)
[10:34:32][INFO] Registered tree at (460, 139, -28)
[10:34:32][INFO] Registered tree at (452, 142, -24)
[10:34:32][INFO] Registered tree at (460, 139, -28)
[10:34:32][INFO] Registered tree at (468, 138, -28)
[10:34:32][INFO] Registered tree at (452, 142, -24)
[10:34:32][INFO] Registered tree at (460, 139, -28)
[10:34:32][INFO] Registered tree at (468, 138, -28)
[10:34:32][INFO] Registered tree at (468, 143, -12)
[10:34:32][INFO] Registered tree at (452, 145, -64)
[10:34:32][INFO] Registered tree at (452, 145, -64)
[10:34:32][INFO] Registered tree at (460, 142, -52)
[10:34:32][INFO] Registered tree at (452, 145, -64)
[10:34:32][INFO] Registered tree at (460, 142, -52)
[10:34:32][INFO] Registered tree at (460, 142, -48)
[10:34:32][INFO] Registered tree at (452, 145, -64)
[10:34:32][INFO] Registered tree at (460, 142, -52)
[10:34:32][INFO] Registered tree at (460, 142, -48)
[10:34:32][INFO] Registered tree at (468, 140, -36)
[10:34:32][INFO] Registered tree at (460, 148, 4)
[10:34:32][INFO] Registered tree at (460, 148, 4)
[10:34:32][INFO] Registered tree at (464, 148, 0)
[10:34:32][INFO] Registered tree at (460, 148, 4)
[10:34:32][INFO] Registered tree at (464, 148, 0)
[10:34:32][INFO] Registered tree at (476, 148, 4)
[10:34:32][INFO] Registered tree at (460, 148, 4)
[10:34:32][INFO] Registered tree at (460, 148, 4)
[10:34:32][INFO] Registered tree at (464, 148, 0)
[10:34:32][INFO] Registered tree at (460, 148, 4)
[10:34:32][INFO] Registered tree at (464, 148, 0)
[10:34:32][INFO] Registered tree at (476, 148, 4)
[10:34:32][INFO] Registered tree at (452, 145, -64)
[10:34:32][INFO] Registered tree at (452, 145, -64)
[10:34:32][INFO] Registered tree at (460, 142, -52)
[10:34:32][INFO] Registered tree at (452, 145, -64)
[10:34:32][INFO] Registered tree at (460, 142, -52)
[10:34:32][INFO] Registered tree at (460, 142, -48)
[10:34:32][INFO] Registered tree at (452, 145, -64)
[10:34:32][INFO] Registered tree at (460, 142, -52)
[10:34:32][INFO] Registered tree at (460, 142, -48)
[10:34:32][INFO] Registered tree at (468, 140, -36)
[10:34:32][INFO] Registered tree at (452, 148, -80)
[10:34:32][INFO] Registered tree at (452, 148, -80)
[10:34:32][INFO] Registered tree at (452, 146, -68)
[10:34:32][INFO] Registered tree at (452, 148, -80)
[10:34:32][INFO] Registered tree at (452, 146, -68)
[10:34:32][INFO] Registered tree at (468, 145, -88)
[10:34:32][INFO] Registered tree at (452, 148, -80)
[10:34:32][INFO] Registered tree at (452, 148, -80)
[10:34:32][INFO] Registered tree at (452, 146, -68)
[10:34:32][INFO] Registered tree at (452, 148, -80)
[10:34:32][INFO] Registered tree at (452, 146, -68)
[10:34:32][INFO] Registered tree at (468, 145, -88)
[10:34:32][INFO] Registered tree at (476, 147, 44)
[10:34:32][INFO] Registered tree at (476, 147, 44)
[10:34:32][INFO] Registered tree at (476, 146, 52)
[10:34:32][INFO] Registered tree at (476, 147, 44)
[10:34:32][INFO] Registered tree at (476, 147, 44)
[10:34:32][INFO] Registered tree at (476, 146, 52)
[10:34:39][INFO] Registered tree at (416, 147, -104)
[10:34:39][INFO] Registered tree at (416, 147, -104)
[10:34:39][INFO] Registered tree at (420, 144, -120)
[10:34:39][INFO] Registered tree at (416, 147, -104)
[10:34:39][INFO] Registered tree at (420, 144, -120)
[10:34:39][INFO] Registered tree at (424, 144, -120)
[10:34:39][INFO] Registered tree at (416, 147, -104)
[10:34:39][INFO] Registered tree at (420, 144, -120)
[10:34:39][INFO] Registered tree at (424, 144, -120)
[10:34:39][INFO] Registered tree at (428, 144, -124)
[10:34:39][INFO] Registered tree at (456, 145, -116)
[10:34:39][INFO] Registered tree at (456, 145, -116)
[10:34:39][INFO] Registered tree at (456, 143, -104)
[10:34:39][INFO] Registered tree at (456, 145, -116)
[10:34:39][INFO] Registered tree at (456, 143, -104)
[10:34:39][INFO] Registered tree at (460, 144, -112)
[10:34:39][INFO] Registered tree at (456, 145, -116)
[10:34:39][INFO] Registered tree at (456, 143, -104)
[10:34:39][INFO] Registered tree at (460, 144, -112)
[10:34:39][INFO] Registered tree at (464, 143, -108)
[10:34:39][INFO] Registered tree at (416, 147, -104)
[10:34:39][INFO] Registered tree at (416, 147, -104)
[10:34:39][INFO] Registered tree at (420, 144, -120)
[10:34:39][INFO] Registered tree at (416, 147, -104)
[10:34:39][INFO] Registered tree at (420, 144, -120)
[10:34:39][INFO] Registered tree at (424, 144, -120)
[10:34:39][INFO] Registered tree at (416, 147, -104)
[10:34:39][INFO] Registered tree at (420, 144, -120)
[10:34:39][INFO] Registered tree at (424, 144, -120)
[10:34:39][INFO] Registered tree at (428, 144, -124)
[10:34:39][INFO] Registered tree at (416, 147, -104)
[10:34:39][INFO] Registered tree at (416, 147, -104)
[10:34:39][INFO] Registered tree at (420, 144, -120)
[10:34:39][INFO] Registered tree at (416, 147, -104)
[10:34:39][INFO] Registered tree at (420, 144, -120)
[10:34:39][INFO] Registered tree at (424, 144, -120)
[10:34:39][INFO] Registered tree at (416, 147, -104)
[10:34:39][INFO] Registered tree at (420, 144, -120)
[10:34:39][INFO] Registered tree at (424, 144, -120)
[10:34:39][INFO] Registered tree at (428, 144, -124)
[10:34:39][INFO] Registered tree at (456, 145, -116)
[10:34:39][INFO] Registered tree at (456, 145, -116)
[10:34:39][INFO] Registered tree at (456, 143, -104)
[10:34:39][INFO] Registered tree at (456, 145, -116)
[10:34:39][INFO] Registered tree at (456, 143, -104)
[10:34:39][INFO] Registered tree at (460, 144, -112)
[10:34:39][INFO] Registered tree at (456, 145, -116)
[10:34:39][INFO] Registered tree at (456, 143, -104)
[10:34:39][INFO] Registered tree at (460, 144, -112)
[10:34:39][INFO] Registered tree at (464, 143, -108)
[10:34:39][INFO] Registered tree at (456, 145, -116)
[10:34:39][INFO] Registered tree at (456, 145, -116)
[10:34:39][INFO] Registered tree at (456, 143, -104)
[10:34:39][INFO] Registered tree at (456, 145, -116)
[10:34:39][INFO] Registered tree at (456, 143, -104)
[10:34:39][INFO] Registered tree at (460, 144, -112)
[10:34:39][INFO] Registered tree at (456, 145, -116)
[10:34:39][INFO] Registered tree at (456, 143, -104)
[10:34:39][INFO] Registered tree at (460, 144, -112)
[10:34:39][INFO] Registered tree at (464, 143, -108)
[10:34:39][INFO] Registered tree at (416, 147, -104)
[10:34:39][INFO] Registered tree at (416, 147, -104)
[10:34:39][INFO] Registered tree at (420, 144, -120)
[10:34:39][INFO] Registered tree at (416, 147, -104)
[10:34:39][INFO] Registered tree at (420, 144, -120)
[10:34:39][INFO] Registered tree at (424, 144, -120)
[10:34:39][INFO] Registered tree at (416, 147, -104)
[10:34:39][INFO] Registered tree at (420, 144, -120)
[10:34:39][INFO] Registered tree at (424, 144, -120)
[10:34:39][INFO] Registered tree at (428, 144, -124)
[10:34:39][INFO] Registered tree at (416, 147, -104)
[10:34:39][INFO] Registered tree at (416, 147, -104)
[10:34:39][INFO] Registered tree at (420, 144, -120)
[10:34:39][INFO] Registered tree at (416, 147, -104)
[10:34:39][INFO] Registered tree at (420, 144, -120)
[10:34:39][INFO] Registered tree at (424, 144, -120)
[10:34:39][INFO] Registered tree at (416, 147, -104)
[10:34:39][INFO] Registered tree at (420, 144, -120)
[10:34:39][INFO] Registered tree at (424, 144, -120)
[10:34:39][INFO] Registered tree at (428, 144, -124)
[10:34:39][INFO] Registered tree at (456, 145, -116)
[10:34:39][INFO] Registered tree at (456, 145, -116)
[10:34:39][INFO] Registered tree at (456, 143, -104)
[10:34:39][INFO] Registered tree at (456, 145, -116)
[10:34:39][INFO] Registered tree at (456, 143, -104)
[10:34:39][INFO] Registered tree at (460, 144, -112)
[10:34:39][INFO] Registered tree at (456, 145, -116)
[10:34:39][INFO] Registered tree at (456, 143, -104)
[10:34:39][INFO] Registered tree at (460, 144, -112)
[10:34:39][INFO] Registered tree at (464, 143, -108)
[10:34:39][INFO] Registered tree at (456, 145, -116)
[10:34:39][INFO] Registered tree at (456, 145, -116)
[10:34:39][INFO] Registered tree at (456, 143, -104)
[10:34:39][INFO] Registered tree at (456, 145, -116)
[10:34:39][INFO] Registered tree at (456, 143, -104)
[10:34:39][INFO] Registered tree at (460, 144, -112)
[10:34:39][INFO] Registered tree at (456, 145, -116)
[10:34:39][INFO] Registered tree at (456, 143, -104)
[10:34:39][INFO] Registered tree at (460, 144, -112)
[10:34:39][INFO] Registered tree at (464, 143, -108)
[10:34:39][INFO] Registered tree at (416, 147, -104)
[10:34:39][INFO] Registered tree at (416, 147, -104)
[10:34:39][INFO] Registered tree at (420, 144, -120)
[10:34:39][INFO] Registered tree at (416, 147, -104)
[10:34:39][INFO] Registered tree at (420, 144, -120)
[10:34:39][INFO] Registered tree at (424, 144, -120)
[10:34:39][INFO] Registered tree at (416, 147, -104)
[10:34:39][INFO] Registered tree at (420, 144, -120)
[10:34:39][INFO] Registered tree at (424, 144, -120)
[10:34:39][INFO] Registered tree at (428, 144, -124)
[10:34:39][INFO] Registered tree at (416, 147, -104)
[10:34:39][INFO] Registered tree at (416, 147, -104)
[10:34:39][INFO] Registered tree at (420, 144, -120)
[10:34:39][INFO] Registered tree at (416, 147, -104)
[10:34:39][INFO] Registered tree at (420, 144, -120)
[10:34:39][INFO] Registered tree at (424, 144, -120)
[10:34:39][INFO] Registered tree at (416, 147, -104)
[10:34:39][INFO] Registered tree at (420, 144, -120)
[10:34:39][INFO] Registered tree at (424, 144, -120)
[10:34:39][INFO] Registered tree at (428, 144, -124)
[10:34:39][INFO] Registered tree at (456, 145, -116)
[10:34:39][INFO] Registered tree at (456, 145, -116)
[10:34:39][INFO] Registered tree at (456, 143, -104)
[10:34:39][INFO] Registered tree at (456, 145, -116)
[10:34:39][INFO] Registered tree at (456, 143, -104)
[10:34:39][INFO] Registered tree at (460, 144, -112)
[10:34:39][INFO] Registered tree at (456, 145, -116)
[10:34:39][INFO] Registered tree at (456, 143, -104)
[10:34:39][INFO] Registered tree at (460, 144, -112)
[10:34:39][INFO] Registered tree at (464, 143, -108)
[10:34:39][INFO] Registered tree at (456, 145, -116)
[10:34:39][INFO] Registered tree at (456, 145, -116)
[10:34:39][INFO] Registered tree at (456, 143, -104)
[10:34:39][INFO] Registered tree at (456, 145, -116)
[10:34:39][INFO] Registered tree at (456, 143, -104)
[10:34:39][INFO] Registered tree at (460, 144, -112)
[10:34:39][INFO] Registered tree at (456, 145, -116)
[10:34:39][INFO] Registered tree at (456, 143, -104)
[10:34:39][INFO] Registered tree at (460, 144, -112)
[10:34:39][INFO] Registered tree at (464, 143, -108)
[10:34:39][INFO] Registered tree at (416, 147, -104)
[10:34:39][INFO] Registered tree at (416, 147, -104)
[10:34:39][INFO] Registered tree at (420, 144, -120)
[10:34:39][INFO] Registered tree at (416, 147, -104)
[10:34:39][INFO] Registered tree at (420, 144, -120)
[10:34:39][INFO] Registered tree at (424, 144, -120)
[10:34:39][INFO] Registered tree at (416, 147, -104)
[10:34:39][INFO] Registered tree at (420, 144, -120)
[10:34:39][INFO] Registered tree at (424, 144, -120)
[10:34:39][INFO] Registered tree at (428, 144, -124)
[10:34:39][INFO] Registered tree at (416, 147, -104)
[10:34:39][INFO] Registered tree at (416, 147, -104)
[10:34:39][INFO] Registered tree at (420, 144, -120)
[10:34:39][INFO] Registered tree at (416, 147, -104)
[10:34:39][INFO] Registered tree at (420, 144, -120)
[10:34:39][INFO] Registered tree at (424, 144, -120)
[10:34:39][INFO] Registered tree at (416, 147, -104)
[10:34:39][INFO] Registered tree at (420, 144, -120)
[10:34:39][INFO] Registered tree at (424, 144, -120)
[10:34:39][INFO] Registered tree at (428, 144, -124)
[10:34:39][INFO] Registered tree at (456, 145, -116)
[10:34:39][INFO] Registered tree at (456, 145, -116)
[10:34:39][INFO] Registered tree at (456, 143, -104)
[10:34:39][INFO] Registered tree at (456, 145, -116)
[10:34:39][INFO] Registered tree at (456, 143, -104)
[10:34:39][INFO] Registered tree at (460, 144, -112)
[10:34:39][INFO] Registered tree at (456, 145, -116)
[10:34:39][INFO] Registered tree at (456, 143, -104)
[10:34:39][INFO] Registered tree at (460, 144, -112)
[10:34:39][INFO] Registered tree at (464, 143, -108)
[10:34:39][INFO] Registered tree at (456, 145, -116)
[10:34:39][INFO] Registered tree at (456, 145, -116)
[10:34:39][INFO] Registered tree at (456, 143, -104)
[10:34:39][INFO] Registered tree at (456, 145, -116)
[10:34:39][INFO] Registered tree at (456, 143, -104)
[10:34:39][INFO] Registered tree at (460, 144, -112)
[10:34:39][INFO] Registered tree at (456, 145, -116)
[10:34:39][INFO] Registered tree at (456, 143, -104)
[10:34:39][INFO] Registered tree at (460, 144, -112)
[10:34:39][INFO] Registered tree at (464, 143, -108)
[10:34:44][INFO] Chopping tree at (392, -56)
[10:34:45][INFO] Chopping tree at (392, -56)
[10:34:46][INFO] Chopping tree at (392, -56)
[10:34:50][INFO] Registered tree at (396, 146, -152)
[10:34:50][INFO] Registered tree at (396, 146, -152)
[10:34:50][INFO] Registered tree at (400, 145, -156)
[10:34:50][INFO] Registered tree at (396, 146, -152)
[10:34:50][INFO] Registered tree at (400, 145, -156)
[10:34:50][INFO] Registered tree at (404, 142, -144)
[10:34:50][INFO] Registered tree at (396, 146, -152)
[10:34:50][INFO] Registered tree at (400, 145, -156)
[10:34:50][INFO] Registered tree at (404, 142, -144)
[10:34:50][INFO] Registered tree at (408, 136, -132)
[10:34:50][INFO] Registered tree at (420, 141, -144)
[10:34:50][INFO] Registered tree at (420, 141, -144)
[10:34:50][INFO] Registered tree at (420, 141, -132)
[10:34:50][INFO] Registered tree at (420, 141, -144)
[10:34:50][INFO] Registered tree at (420, 141, -132)
[10:34:50][INFO] Registered tree at (428, 144, -132)
[10:34:50][INFO] Registered tree at (420, 141, -144)
[10:34:50][INFO] Registered tree at (420, 141, -132)
[10:34:50][INFO] Registered tree at (428, 144, -132)
[10:34:50][INFO] Registered tree at (436, 147, -160)
[10:34:50][INFO] Registered tree at (420, 141, -144)
[10:34:50][INFO] Registered tree at (420, 141, -132)
[10:34:50][INFO] Registered tree at (428, 144, -132)
[10:34:50][INFO] Registered tree at (436, 147, -160)
[10:34:50][INFO] Registered tree at (436, 149, -148)
[10:34:50][INFO] Registered tree at (420, 141, -144)
[10:34:50][INFO] Registered tree at (420, 141, -132)
[10:34:50][INFO] Registered tree at (428, 144, -132)
[10:34:50][INFO] Registered tree at (436, 147, -160)
[10:34:50][INFO] Registered tree at (436, 149, -148)
[10:34:50][INFO] Registered tree at (436, 146, -132)
[10:34:50][INFO] Registered tree at (360, 140, -156)
[10:34:50][INFO] Registered tree at (360, 140, -156)
[10:34:50][INFO] Registered tree at (364, 138, -132)
[10:34:50][INFO] Registered tree at (396, 146, -152)
[10:34:50][INFO] Registered tree at (396, 146, -152)
[10:34:50][INFO] Registered tree at (400, 145, -156)
[10:34:50][INFO] Registered tree at (396, 146, -152)
[10:34:50][INFO] Registered tree at (400, 145, -156)
[10:34:50][INFO] Registered tree at (404, 142, -144)
[10:34:50][INFO] Registered tree at (396, 146, -152)
[10:34:50][INFO] Registered tree at (400, 145, -156)
[10:34:50][INFO] Registered tree at (404, 142, -144)
[10:34:50][INFO] Registered tree at (408, 136, -132)
[10:34:50][INFO] Registered tree at (448, 151, -148)
[10:34:50][INFO] Registered tree at (448, 151, -148)
[10:34:50][INFO] Registered tree at (448, 151, -144)
[10:34:50][INFO] Registered tree at (448, 151, -148)
[10:34:50][INFO] Registered tree at (448, 151, -144)
[10:34:50][INFO] Registered tree at (456, 150, -140)
[10:34:50][INFO] Registered tree at (448, 151, -148)
[10:34:50][INFO] Registered tree at (448, 151, -144)
[10:34:50][INFO] Registered tree at (456, 150, -140)
[10:34:50][INFO] Registered tree at (460, 151, -152)
[10:34:50][INFO] Registered tree at (448, 151, -148)
[10:34:50][INFO] Registered tree at (448, 151, -144)
[10:34:50][INFO] Registered tree at (456, 150, -140)
[10:34:50][INFO] Registered tree at (460, 151, -152)
[10:34:50][INFO] Registered tree at (468, 153, -140)
[10:34:50][INFO] Registered tree at (448, 151, -148)
[10:34:50][INFO] Registered tree at (448, 151, -144)
[10:34:50][INFO] Registered tree at (456, 150, -140)
[10:34:50][INFO] Registered tree at (460, 151, -152)
[10:34:50][INFO] Registered tree at (468, 153, -140)
[10:34:50][INFO] Registered tree at (468, 152, -136)
[10:34:50][INFO] Registered tree at (396, 146, -152)
[10:34:50][INFO] Registered tree at (396, 146, -152)
[10:34:50][INFO] Registered tree at (400, 145, -156)
[10:34:50][INFO] Registered tree at (396, 146, -152)
[10:34:50][INFO] Registered tree at (400, 145, -156)
[10:34:50][INFO] Registered tree at (404, 142, -144)
[10:34:50][INFO] Registered tree at (396, 146, -152)
[10:34:50][INFO] Registered tree at (400, 145, -156)
[10:34:50][INFO] Registered tree at (404, 142, -144)
[10:34:50][INFO] Registered tree at (408, 136, -132)
[10:34:50][INFO] Registered tree at (360, 140, -156)
[10:34:50][INFO] Registered tree at (360, 140, -156)
[10:34:50][INFO] Registered tree at (364, 138, -132)
[10:34:50][INFO] Registered tree at (360, 140, -156)
[10:34:50][INFO] Registered tree at (360, 140, -156)
[10:34:50][INFO] Registered tree at (364, 138, -132)
[10:34:50][INFO] Registered tree at (420, 141, -144)
[10:34:50][INFO] Registered tree at (420, 141, -144)
[10:34:50][INFO] Registered tree at (420, 141, -132)
[10:34:50][INFO] Registered tree at (420, 141, -144)
[10:34:50][INFO] Registered tree at (420, 141, -132)
[10:34:50][INFO] Registered tree at (428, 144, -132)
[10:34:50][INFO] Registered tree at (420, 141, -144)
[10:34:50][INFO] Registered tree at (420, 141, -132)
[10:34:50][INFO] Registered tree at (428, 144, -132)
[10:34:50][INFO] Registered tree at (436, 147, -160)
[10:34:50][INFO] Registered tree at (420, 141, -144)
[10:34:50][INFO] Registered tree at (420, 141, -132)
[10:34:50][INFO] Registered tree at (428, 144, -132)
[10:34:50][INFO] Registered tree at (436, 147, -160)
[10:34:50][INFO] Registered tree at (436, 149, -148)
[10:34:50][INFO] Registered tree at (420, 141, -144)
[10:34:50][INFO] Registered tree at (420, 141, -132)
[10:34:50][INFO] Registered tree at (428, 144, -132)
[10:34:50][INFO] Registered tree at (436, 147, -160)
[10:34:50][INFO] Registered tree at (436, 149, -148)
[10:34:50][INFO] Registered tree at (436, 146, -132)
[10:34:50][INFO] Registered tree at (420, 141, -144)
[10:34:50][INFO] Registered tree at (420, 141, -144)
[10:34:50][INFO] Registered tree at (420, 141, -132)
[10:34:50][INFO] Registered tree at (420, 141, -144)
[10:34:50][INFO] Registered tree at (420, 141, -132)
[10:34:50][INFO] Registered tree at (428, 144, -132)
[10:34:50][INFO] Registered tree at (420, 141, -144)
[10:34:50][INFO] Registered tree at (420, 141, -132)
[10:34:50][INFO] Registered tree at (428, 144, -132)
[10:34:50][INFO] Registered tree at (436, 147, -160)
[10:34:50][INFO] Registered tree at (420, 141, -144)
[10:34:50][INFO] Registered tree at (420, 141, -132)
[10:34:50][INFO] Registered tree at (428, 144, -132)
[10:34:50][INFO] Registered tree at (436, 147, -160)
[10:34:50][INFO] Registered tree at (436, 149, -148)
[10:34:50][INFO] Registered tree at (420, 141, -144)
[10:34:50][INFO] Registered tree at (420, 141, -132)
[10:34:50][INFO] Registered tree at (428, 144, -132)
[10:34:50][INFO] Registered tree at (436, 147, -160)
[10:34:50][INFO] Registered tree at (436, 149, -148)
[10:34:50][INFO] Registered tree at (436, 146, -132)
[10:34:50][INFO] Registered tree at (448, 151, -148)
[10:34:50][INFO] Registered tree at (448, 151, -148)
[10:34:50][INFO] Registered tree at (448, 151, -144)
[10:34:50][INFO] Registered tree at (448, 151, -148)
[10:34:50][INFO] Registered tree at (448, 151, -144)
[10:34:50][INFO] Registered tree at (456, 150, -140)
[10:34:50][INFO] Registered tree at (448, 151, -148)
[10:34:50][INFO] Registered tree at (448, 151, -144)
[10:34:50][INFO] Registered tree at (456, 150, -140)
[10:34:50][INFO] Registered tree at (460, 151, -152)
[10:34:50][INFO] Registered tree at (448, 151, -148)
[10:34:50][INFO] Registered tree at (448, 151, -144)
[10:34:50][INFO] Registered tree at (456, 150, -140)
[10:34:50][INFO] Registered tree at (460, 151, -152)
[10:34:50][INFO] Registered tree at (468, 153, -140)
[10:34:50][INFO] Registered tree at (448, 151, -148)
[10:34:50][INFO] Registered tree at (448, 151, -144)
[10:34:50][INFO] Registered tree at (456, 150, -140)
[10:34:50][INFO] Registered tree at (460, 151, -152)
[10:34:50][INFO] Registered tree at (468, 153, -140)
[10:34:50][INFO] Registered tree at (468, 152, -136)
[10:34:50][INFO] Registered tree at (448, 151, -148)
[10:34:50][INFO] Registered tree at (448, 151, -148)
[10:34:50][INFO] Registered tree at (448, 151, -144)
[10:34:50][INFO] Registered tree at (448, 151, -148)
[10:34:50][INFO] Registered tree at (448, 151, -144)
[10:34:50][INFO] Registered tree at (456, 150, -140)
[10:34:50][INFO] Registered tree at (448, 151, -148)
[10:34:50][INFO] Registered tree at (448, 151, -144)
[10:34:50][INFO] Registered tree at (456, 150, -140)
[10:34:50][INFO] Registered tree at (460, 151, -152)
[10:34:50][INFO] Registered tree at (448, 151, -148)
[10:34:50][INFO] Registered tree at (448, 151, -144)
[10:34:50][INFO] Registered tree at (456, 150, -140)
[10:34:50][INFO] Registered tree at (460, 151, -152)
[10:34:50][INFO] Registered tree at (468, 153, -140)
[10:34:50][INFO] Registered tree at (448, 151, -148)
[10:34:50][INFO] Registered tree at (448, 151, -144)
[10:34:50][INFO] Registered tree at (456, 150, -140)
[10:34:50][INFO] Registered tree at (460, 151, -152)
[10:34:50][INFO] Registered tree at (468, 153, -140)
[10:34:50][INFO] Registered tree at (468, 152, -136)
[10:34:50][INFO] Registered tree at (396, 146, -152)
[10:34:50][INFO] Registered tree at (396, 146, -152)
[10:34:50][INFO] Registered tree at (400, 145, -156)
[10:34:50][INFO] Registered tree at (396, 146, -152)
[10:34:50][INFO] Registered tree at (400, 145, -156)
[10:34:50][INFO] Registered tree at (404, 142, -144)
[10:34:50][INFO] Registered tree at (396, 146, -152)
[10:34:50][INFO] Registered tree at (400, 145, -156)
[10:34:50][INFO] Registered tree at (404, 142, -144)
[10:34:50][INFO] Registered tree at (408, 136, -132)
[10:34:50][INFO] Registered tree at (396, 146, -152)
[10:34:50][INFO] Registered tree at (396, 146, -152)
[10:34:50][INFO] Registered tree at (400, 145, -156)
[10:34:50][INFO] Registered tree at (396, 146, -152)
[10:34:50][INFO] Registered tree at (400, 145, -156)
[10:34:50][INFO] Registered tree at (404, 142, -144)
[10:34:50][INFO] Registered tree at (396, 146, -152)
[10:34:50][INFO] Registered tree at (400, 145, -156)
[10:34:50][INFO] Registered tree at (404, 142, -144)
[10:34:50][INFO] Registered tree at (408, 136, -132)
[10:34:50][INFO] Registered tree at (420, 141, -144)
[10:34:50][INFO] Registered tree at (420, 141, -144)
[10:34:50][INFO] Registered tree at (420, 141, -132)
[10:34:50][INFO] Registered tree at (420, 141, -144)
[10:34:50][INFO] Registered tree at (420, 141, -132)
[10:34:50][INFO] Registered tree at (428, 144, -132)
[10:34:50][INFO] Registered tree at (420, 141, -144)
[10:34:50][INFO] Registered tree at (420, 141, -132)
[10:34:50][INFO] Registered tree at (428, 144, -132)
[10:34:50][INFO] Registered tree at (436, 147, -160)
[10:34:50][INFO] Registered tree at (420, 141, -144)
[10:34:50][INFO] Registered tree at (420, 141, -132)
[10:34:50][INFO] Registered tree at (428, 144, -132)
[10:34:50][INFO] Registered tree at (436, 147, -160)
[10:34:50][INFO] Registered tree at (436, 149, -148)
[10:34:50][INFO] Registered tree at (420, 141, -144)
[10:34:50][INFO] Registered tree at (420, 141, -132)
[10:34:50][INFO] Registered tree at (428, 144, -132)
[10:34:50][INFO] Registered tree at (436, 147, -160)
[10:34:50][INFO] Registered tree at (436, 149, -148)
[10:34:50][INFO] Registered tree at (436, 146, -132)
[10:34:50][INFO] Registered tree at (360, 140, -156)
[10:34:50][INFO] Registered tree at (360, 140, -156)
[10:34:50][INFO] Registered tree at (364, 138, -132)
[10:34:50][INFO] Registered tree at (360, 140, -156)
[10:34:50][INFO] Registered tree at (360, 140, -156)
[10:34:50][INFO] Registered tree at (364, 138, -132)
[10:34:50][INFO] Registered tree at (420, 141, -144)
[10:34:50][INFO] Registered tree at (420, 141, -144)
[10:34:50][INFO] Registered tree at (420, 141, -132)
[10:34:50][INFO] Registered tree at (420, 141, -144)
[10:34:50][INFO] Registered tree at (420, 141, -132)
[10:34:50][INFO] Registered tree at (428, 144, -132)
[10:34:50][INFO] Registered tree at (420, 141, -144)
[10:34:50][INFO] Registered tree at (420, 141, -132)
[10:34:50][INFO] Registered tree at (428, 144, -132)
[10:34:50][INFO] Registered tree at (436, 147, -160)
[10:34:50][INFO] Registered tree at (420, 141, -144)
[10:34:50][INFO] Registered tree at (420, 141, -132)
[10:34:50][INFO] Registered tree at (428, 144, -132)
[10:34:50][INFO] Registered tree at (436, 147, -160)
[10:34:50][INFO] Registered tree at (436, 149, -148)
[10:34:50][INFO] Registered tree at (420, 141, -144)
[10:34:50][INFO] Registered tree at (420, 141, -132)
[10:34:50][INFO] Registered tree at (428, 144, -132)
[10:34:50][INFO] Registered tree at (436, 147, -160)
[10:34:50][INFO] Registered tree at (436, 149, -148)
[10:34:50][INFO] Registered tree at (436, 146, -132)
[10:34:50][INFO] Registered tree at (448, 151, -148)
[10:34:50][INFO] Registered tree at (448, 151, -148)
[10:34:50][INFO] Registered tree at (448, 151, -144)
[10:34:50][INFO] Registered tree at (448, 151, -148)
[10:34:50][INFO] Registered tree at (448, 151, -144)
[10:34:50][INFO] Registered tree at (456, 150, -140)
[10:34:50][INFO] Registered tree at (448, 151, -148)
[10:34:50][INFO] Registered tree at (448, 151, -144)
[10:34:50][INFO] Registered tree at (456, 150, -140)
[10:34:50][INFO] Registered tree at (460, 151, -152)
[10:34:50][INFO] Registered tree at (448, 151, -148)
[10:34:50][INFO] Registered tree at (448, 151, -144)
[10:34:50][INFO] Registered tree at (456, 150, -140)
[10:34:50][INFO] Registered tree at (460, 151, -152)
[10:34:50][INFO] Registered tree at (468, 153, -140)
[10:34:50][INFO] Registered tree at (448, 151, -148)
[10:34:50][INFO] Registered tree at (448, 151, -144)
[10:34:50][INFO] Registered tree at (456, 150, -140)
[10:34:50][INFO] Registered tree at (460, 151, -152)
[10:34:50][INFO] Registered tree at (468, 153, -140)
[10:34:50][INFO] Registered tree at (468, 152, -136)
[10:34:50][INFO] Registered tree at (448, 151, -148)
[10:34:50][INFO] Registered tree at (448, 151, -148)
[10:34:50][INFO] Registered tree at (448, 151, -144)
[10:34:50][INFO] Registered tree at (448, 151, -148)
[10:34:50][INFO] Registered tree at (448, 151, -144)
[10:34:50][INFO] Registered tree at (456, 150, -140)
[10:34:50][INFO] Registered tree at (448, 151, -148)
[10:34:50][INFO] Registered tree at (448, 151, -144)
[10:34:50][INFO] Registered tree at (456, 150, -140)
[10:34:50][INFO] Registered tree at (460, 151, -152)
[10:34:50][INFO] Registered tree at (448, 151, -148)
[10:34:50][INFO] Registered tree at (448, 151, -144)
[10:34:50][INFO] Registered tree at (456, 150, -140)
[10:34:50][INFO] Registered tree at (460, 151, -152)
[10:34:50][INFO] Registered tree at (468, 153, -140)
[10:34:50][INFO] Registered tree at (448, 151, -148)
[10:34:50][INFO] Registered tree at (448, 151, -144)
[10:34:50][INFO] Registered tree at (456, 150, -140)
[10:34:50][INFO] Registered tree at (460, 151, -152)
[10:34:50][INFO] Registered tree at (468, 153, -140)
[10:34:50][INFO] Registered tree at (468, 152, -136)
[10:34:50][INFO] Registered tree at (396, 146, -152)
[10:34:50][INFO] Registered tree at (396, 146, -152)
[10:34:50][INFO] Registered tree at (400, 145, -156)
[10:34:50][INFO] Registered tree at (396, 146, -152)
[10:34:50][INFO] Registered tree at (400, 145, -156)
[10:34:50][INFO] Registered tree at (404, 142, -144)
[10:34:50][INFO] Registered tree at (396, 146, -152)
[10:34:50][INFO] Registered tree at (400, 145, -156)
[10:34:50][INFO] Registered tree at (404, 142, -144)
[10:34:50][INFO] Registered tree at (408, 136, -132)
[10:34:50][INFO] Registered tree at (396, 146, -152)
[10:34:50][INFO] Registered tree at (396, 146, -152)
[10:34:50][INFO] Registered tree at (400, 145, -156)
[10:34:50][INFO] Registered tree at (396, 146, -152)
[10:34:50][INFO] Registered tree at (400, 145, -156)
[10:34:50][INFO] Registered tree at (404, 142, -144)
[10:34:50][INFO] Registered tree at (396, 146, -152)
[10:34:50][INFO] Registered tree at (400, 145, -156)
[10:34:50][INFO] Registered tree at (404, 142, -144)
[10:34:50][INFO] Registered tree at (408, 136, -132)
[10:34:50][INFO] Registered tree at (420, 141, -144)
[10:34:50][INFO] Registered tree at (420, 141, -144)
[10:34:50][INFO] Registered tree at (420, 141, -132)
[10:34:50][INFO] Registered tree at (420, 141, -144)
[10:34:50][INFO] Registered tree at (420, 141, -132)
[10:34:50][INFO] Registered tree at (428, 144, -132)
[10:34:50][INFO] Registered tree at (420, 141, -144)
[10:34:50][INFO] Registered tree at (420, 141, -132)
[10:34:50][INFO] Registered tree at (428, 144, -132)
[10:34:50][INFO] Registered tree at (436, 147, -160)
[10:34:50][INFO] Registered tree at (420, 141, -144)
[10:34:50][INFO] Registered tree at (420, 141, -132)
[10:34:50][INFO] Registered tree at (428, 144, -132)
[10:34:50][INFO] Registered tree at (436, 147, -160)
[10:34:50][INFO] Registered tree at (436, 149, -148)
[10:34:50][INFO] Registered tree at (420, 141, -144)
[10:34:50][INFO] Registered tree at (420, 141, -132)
[10:34:50][INFO] Registered tree at (428, 144, -132)
[10:34:50][INFO] Registered tree at (436, 147, -160)
[10:34:50][INFO] Registered tree at (436, 149, -148)
[10:34:50][INFO] Registered tree at (436, 146, -132)
[10:34:50][INFO] Registered tree at (420, 141, -144)
[10:34:50][INFO] Registered tree at (420, 141, -144)
[10:34:50][INFO] Registered tree at (420, 141, -132)
[10:34:50][INFO] Registered tree at (420, 141, -144)
[10:34:50][INFO] Registered tree at (420, 141, -132)
[10:34:50][INFO] Registered tree at (428, 144, -132)
[10:34:50][INFO] Registered tree at (420, 141, -144)
[10:34:50][INFO] Registered tree at (420, 141, -132)
[10:34:50][INFO] Registered tree at (428, 144, -132)
[10:34:50][INFO] Registered tree at (436, 147, -160)
[10:34:50][INFO] Registered tree at (420, 141, -144)
[10:34:50][INFO] Registered tree at (420, 141, -132)
[10:34:50][INFO] Registered tree at (428, 144, -132)
[10:34:50][INFO] Registered tree at (436, 147, -160)
[10:34:50][INFO] Registered tree at (436, 149, -148)
[10:34:50][INFO] Registered tree at (420, 141, -144)
[10:34:50][INFO] Registered tree at (420, 141, -132)
[10:34:50][INFO] Registered tree at (428, 144, -132)
[10:34:50][INFO] Registered tree at (436, 147, -160)
[10:34:50][INFO] Registered tree at (436, 149, -148)
[10:34:50][INFO] Registered tree at (436, 146, -132)
[10:34:50][INFO] Registered tree at (360, 140, -156)
[10:34:50][INFO] Registered tree at (360, 140, -156)
[10:34:50][INFO] Registered tree at (364, 138, -132)
[10:34:50][INFO] Registered tree at (360, 140, -156)
[10:34:50][INFO] Registered tree at (360, 140, -156)
[10:34:50][INFO] Registered tree at (364, 138, -132)
[10:34:50][INFO] Registered tree at (448, 151, -148)
[10:34:50][INFO] Registered tree at (448, 151, -148)
[10:34:50][INFO] Registered tree at (448, 151, -144)
[10:34:50][INFO] Registered tree at (448, 151, -148)
[10:34:50][INFO] Registered tree at (448, 151, -144)
[10:34:50][INFO] Registered tree at (456, 150, -140)
[10:34:50][INFO] Registered tree at (448, 151, -148)
[10:34:50][INFO] Registered tree at (448, 151, -144)
[10:34:50][INFO] Registered tree at (456, 150, -140)
[10:34:50][INFO] Registered tree at (460, 151, -152)
[10:34:50][INFO] Registered tree at (448, 151, -148)
[10:34:50][INFO] Registered tree at (448, 151, -144)
[10:34:50][INFO] Registered tree at (456, 150, -140)
[10:34:50][INFO] Registered tree at (460, 151, -152)
[10:34:50][INFO] Registered tree at (468, 153, -140)
[10:34:50][INFO] Registered tree at (448, 151, -148)
[10:34:50][INFO] Registered tree at (448, 151, -144)
[10:34:50][INFO] Registered tree at (456, 150, -140)
[10:34:50][INFO] Registered tree at (460, 151, -152)
[10:34:50][INFO] Registered tree at (468, 153, -140)
[10:34:50][INFO] Registered tree at (468, 152, -136)
[10:34:50][INFO] Registered tree at (448, 151, -148)
[10:34:50][INFO] Registered tree at (448, 151, -148)
[10:34:50][INFO] Registered tree at (448, 151, -144)
[10:34:50][INFO] Registered tree at (448, 151, -148)
[10:34:50][INFO] Registered tree at (448, 151, -144)
[10:34:50][INFO] Registered tree at (456, 150, -140)
[10:34:50][INFO] Registered tree at (448, 151, -148)
[10:34:50][INFO] Registered tree at (448, 151, -144)
[10:34:50][INFO] Registered tree at (456, 150, -140)
[10:34:50][INFO] Registered tree at (460, 151, -152)
[10:34:50][INFO] Registered tree at (448, 151, -148)
[10:34:50][INFO] Registered tree at (448, 151, -144)
[10:34:50][INFO] Registered tree at (456, 150, -140)
[10:34:50][INFO] Registered tree at (460, 151, -152)
[10:34:50][INFO] Registered tree at (468, 153, -140)
[10:34:50][INFO] Registered tree at (448, 151, -148)
[10:34:50][INFO] Registered tree at (448, 151, -144)
[10:34:50][INFO] Registered tree at (456, 150, -140)
[10:34:50][INFO] Registered tree at (460, 151, -152)
[10:34:50][INFO] Registered tree at (468, 153, -140)
[10:34:50][INFO] Registered tree at (468, 152, -136)
[10:34:50][INFO] Registered tree at (396, 146, -152)
[10:34:50][INFO] Registered tree at (396, 146, -152)
[10:34:50][INFO] Registered tree at (400, 145, -156)
[10:34:50][INFO] Registered tree at (396, 146, -152)
[10:34:50][INFO] Registered tree at (400, 145, -156)
[10:34:50][INFO] Registered tree at (404, 142, -144)
[10:34:50][INFO] Registered tree at (396, 146, -152)
[10:34:50][INFO] Registered tree at (400, 145, -156)
[10:34:50][INFO] Registered tree at (404, 142, -144)
[10:34:50][INFO] Registered tree at (408, 136, -132)
[10:34:50][INFO] Registered tree at (396, 146, -152)
[10:34:50][INFO] Registered tree at (396, 146, -152)
[10:34:50][INFO] Registered tree at (400, 145, -156)
[10:34:50][INFO] Registered tree at (396, 146, -152)
[10:34:50][INFO] Registered tree at (400, 145, -156)
[10:34:50][INFO] Registered tree at (404, 142, -144)
[10:34:50][INFO] Registered tree at (396, 146, -152)
[10:34:50][INFO] Registered tree at (400, 145, -156)
[10:34:50][INFO] Registered tree at (404, 142, -144)
[10:34:50][INFO] Registered tree at (408, 136, -132)
[10:34:50][INFO] Registered tree at (360, 140, -156)
[10:34:50][INFO] Registered tree at (360, 140, -156)
[10:34:50][INFO] Registered tree at (364, 138, -132)
[10:34:50][INFO] Registered tree at (360, 140, -156)
[10:34:50][INFO] Registered tree at (360, 140, -156)
[10:34:50][INFO] Registered tree at (364, 138, -132)
[10:34:50][INFO] Registered tree at (420, 141, -144)
[10:34:50][INFO] Registered tree at (420, 141, -144)
[10:34:50][INFO] Registered tree at (420, 141, -132)
[10:34:50][INFO] Registered tree at (420, 141, -144)
[10:34:50][INFO] Registered tree at (420, 141, -132)
[10:34:50][INFO] Registered tree at (428, 144, -132)
[10:34:50][INFO] Registered tree at (420, 141, -144)
[10:34:50][INFO] Registered tree at (420, 141, -132)
[10:34:50][INFO] Registered tree at (428, 144, -132)
[10:34:50][INFO] Registered tree at (436, 147, -160)
[10:34:50][INFO] Registered tree at (420, 141, -144)
[10:34:50][INFO] Registered tree at (420, 141, -132)
[10:34:50][INFO] Registered tree at (428, 144, -132)
[10:34:50][INFO] Registered tree at (436, 147, -160)
[10:34:50][INFO] Registered tree at (436, 149, -148)
[10:34:50][INFO] Registered tree at (420, 141, -144)
[10:34:50][INFO] Registered tree at (420, 141, -132)
[10:34:50][INFO] Registered tree at (428, 144, -132)
[10:34:50][INFO] Registered tree at (436, 147, -160)
[10:34:50][INFO] Registered tree at (436, 149, -148)
[10:34:50][INFO] Registered tree at (436, 146, -132)
[10:34:50][INFO] Registered tree at (420, 141, -144)
[10:34:50][INFO] Registered tree at (420, 141, -144)
[10:34:50][INFO] Registered tree at (420, 141, -132)
[10:34:50][INFO] Registered tree at (420, 141, -144)
[10:34:50][INFO] Registered tree at (420, 141, -132)
[10:34:50][INFO] Registered tree at (428, 144, -132)
[10:34:50][INFO] Registered tree at (420, 141, -144)
[10:34:50][INFO] Registered tree at (420, 141, -132)
[10:34:50][INFO] Registered tree at (428, 144, -132)
[10:34:50][INFO] Registered tree at (436, 147, -160)
[10:34:50][INFO] Registered tree at (420, 141, -144)
[10:34:50][INFO] Registered tree at (420, 141, -132)
[10:34:50][INFO] Registered tree at (428, 144, -132)
[10:34:50][INFO] Registered tree at (436, 147, -160)
[10:34:50][INFO] Registered tree at (436, 149, -148)
[10:34:50][INFO] Registered tree at (420, 141, -144)
[10:34:50][INFO] Registered tree at (420, 141, -132)
[10:34:50][INFO] Registered tree at (428, 144, -132)
[10:34:50][INFO] Registered tree at (436, 147, -160)
[10:34:50][INFO] Registered tree at (436, 149, -148)
[10:34:50][INFO] Registered tree at (436, 146, -132)
[10:34:50][INFO] Registered tree at (448, 151, -148)
[10:34:50][INFO] Registered tree at (448, 151, -148)
[10:34:50][INFO] Registered tree at (448, 151, -144)
[10:34:50][INFO] Registered tree at (448, 151, -148)
[10:34:50][INFO] Registered tree at (448, 151, -144)
[10:34:50][INFO] Registered tree at (456, 150, -140)
[10:34:50][INFO] Registered tree at (448, 151, -148)
[10:34:50][INFO] Registered tree at (448, 151, -144)
[10:34:50][INFO] Registered tree at (456, 150, -140)
[10:34:50][INFO] Registered tree at (460, 151, -152)
[10:34:50][INFO] Registered tree at (448, 151, -148)
[10:34:50][INFO] Registered tree at (448, 151, -144)
[10:34:50][INFO] Registered tree at (456, 150, -140)
[10:34:50][INFO] Registered tree at (460, 151, -152)
[10:34:50][INFO] Registered tree at (468, 153, -140)
[10:34:50][INFO] Registered tree at (448, 151, -148)
[10:34:50][INFO] Registered tree at (448, 151, -144)
[10:34:50][INFO] Registered tree at (456, 150, -140)
[10:34:50][INFO] Registered tree at (460, 151, -152)
[10:34:50][INFO] Registered tree at (468, 153, -140)
[10:34:50][INFO] Registered tree at (468, 152, -136)
[10:34:50][INFO] Registered tree at (448, 151, -148)
[10:34:50][INFO] Registered tree at (448, 151, -148)
[10:34:50][INFO] Registered tree at (448, 151, -144)
[10:34:50][INFO] Registered tree at (448, 151, -148)
[10:34:50][INFO] Registered tree at (448, 151, -144)
[10:34:50][INFO] Registered tree at (456, 150, -140)
[10:34:50][INFO] Registered tree at (448, 151, -148)
[10:34:50][INFO] Registered tree at (448, 151, -144)
[10:34:50][INFO] Registered tree at (456, 150, -140)
[10:34:50][INFO] Registered tree at (460, 151, -152)
[10:34:50][INFO] Registered tree at (448, 151, -148)
[10:34:50][INFO] Registered tree at (448, 151, -144)
[10:34:50][INFO] Registered tree at (456, 150, -140)
[10:34:50][INFO] Registered tree at (460, 151, -152)
[10:34:50][INFO] Registered tree at (468, 153, -140)
[10:34:50][INFO] Registered tree at (448, 151, -148)
[10:34:50][INFO] Registered tree at (448, 151, -144)
[10:34:50][INFO] Registered tree at (456, 150, -140)
[10:34:50][INFO] Registered tree at (460, 151, -152)
[10:34:50][INFO] Registered tree at (468, 153, -140)
[10:34:50][INFO] Registered tree at (468, 152, -136)
[10:34:50][INFO] Registered tree at (488, 145, -80)
[10:34:50][INFO] Registered tree at (488, 145, -80)
[10:34:50][INFO] Registered tree at (492, 145, -92)
[10:34:50][INFO] Registered tree at (484, 142, -40)
[10:34:50][INFO] Registered tree at (484, 148, -100)
[10:34:50][INFO] Registered tree at (484, 148, -100)
[10:34:50][INFO] Registered tree at (488, 151, -108)
[10:34:50][INFO] Registered tree at (484, 148, -100)
[10:34:50][INFO] Registered tree at (488, 151, -108)
[10:34:50][INFO] Registered tree at (508, 147, -124)
[10:34:50][INFO] Registered tree at (488, 145, -80)
[10:34:50][INFO] Registered tree at (488, 145, -80)
[10:34:50][INFO] Registered tree at (492, 145, -92)
[10:34:50][INFO] Registered tree at (484, 142, -12)
[10:34:50][INFO] Registered tree at (484, 142, -12)
[10:34:50][INFO] Registered tree at (484, 146, -4)
[10:34:50][INFO] Registered tree at (488, 145, -80)
[10:34:50][INFO] Registered tree at (488, 145, -80)
[10:34:50][INFO] Registered tree at (492, 145, -92)
[10:34:50][INFO] Registered tree at (480, 153, -136)
[10:34:50][INFO] Registered tree at (480, 153, -136)
[10:34:50][INFO] Registered tree at (496, 149, -156)
[10:34:50][INFO] Registered tree at (480, 153, -136)
[10:34:50][INFO] Registered tree at (496, 149, -156)
[10:34:50][INFO] Registered tree at (500, 150, -148)
[10:34:50][INFO] Registered tree at (480, 153, -136)
[10:34:50][INFO] Registered tree at (496, 149, -156)
[10:34:50][INFO] Registered tree at (500, 150, -148)
[10:34:50][INFO] Registered tree at (500, 151, -132)
[10:34:50][INFO] Registered tree at (480, 153, -136)
[10:34:50][INFO] Registered tree at (496, 149, -156)
[10:34:50][INFO] Registered tree at (500, 150, -148)
[10:34:50][INFO] Registered tree at (500, 151, -132)
[10:34:50][INFO] Registered tree at (508, 148, -156)
[10:34:50][INFO] Registered tree at (484, 142, -40)
[10:34:50][INFO] Registered tree at (484, 148, -100)
[10:34:50][INFO] Registered tree at (484, 148, -100)
[10:34:50][INFO] Registered tree at (488, 151, -108)
[10:34:50][INFO] Registered tree at (484, 148, -100)
[10:34:50][INFO] Registered tree at (488, 151, -108)
[10:34:50][INFO] Registered tree at (508, 147, -124)
[10:34:50][INFO] Registered tree at (484, 148, -100)
[10:34:50][INFO] Registered tree at (484, 148, -100)
[10:34:50][INFO] Registered tree at (488, 151, -108)
[10:34:50][INFO] Registered tree at (484, 148, -100)
[10:34:50][INFO] Registered tree at (488, 151, -108)
[10:34:50][INFO] Registered tree at (508, 147, -124)
[10:34:50][INFO] Registered tree at (484, 142, -40)
[10:34:50][INFO] Registered tree at (484, 142, -12)
[10:34:50][INFO] Registered tree at (484, 142, -12)
[10:34:50][INFO] Registered tree at (484, 146, -4)
[10:34:50][INFO] Registered tree at (480, 153, -136)
[10:34:50][INFO] Registered tree at (480, 153, -136)
[10:34:50][INFO] Registered tree at (496, 149, -156)
[10:34:50][INFO] Registered tree at (480, 153, -136)
[10:34:50][INFO] Registered tree at (496, 149, -156)
[10:34:50][INFO] Registered tree at (500, 150, -148)
[10:34:50][INFO] Registered tree at (480, 153, -136)
[10:34:50][INFO] Registered tree at (496, 149, -156)
[10:34:50][INFO] Registered tree at (500, 150, -148)
[10:34:50][INFO] Registered tree at (500, 151, -132)
[10:34:50][INFO] Registered tree at (480, 153, -136)
[10:34:50][INFO] Registered tree at (496, 149, -156)
[10:34:50][INFO] Registered tree at (500, 150, -148)
[10:34:50][INFO] Registered tree at (500, 151, -132)
[10:34:50][INFO] Registered tree at (508, 148, -156)
[10:34:50][INFO] Registered tree at (480, 153, -136)
[10:34:50][INFO] Registered tree at (480, 153, -136)
[10:34:50][INFO] Registered tree at (496, 149, -156)
[10:34:50][INFO] Registered tree at (480, 153, -136)
[10:34:50][INFO] Registered tree at (496, 149, -156)
[10:34:50][INFO] Registered tree at (500, 150, -148)
[10:34:50][INFO] Registered tree at (480, 153, -136)
[10:34:50][INFO] Registered tree at (496, 149, -156)
[10:34:50][INFO] Registered tree at (500, 150, -148)
[10:34:50][INFO] Registered tree at (500, 151, -132)
[10:34:50][INFO] Registered tree at (480, 153, -136)
[10:34:50][INFO] Registered tree at (496, 149, -156)
[10:34:50][INFO] Registered tree at (500, 150, -148)
[10:34:50][INFO] Registered tree at (500, 151, -132)
[10:34:50][INFO] Registered tree at (508, 148, -156)
[10:34:50][INFO] Registered tree at (484, 142, -12)
[10:34:50][INFO] Registered tree at (484, 142, -12)
[10:34:50][INFO] Registered tree at (484, 146, -4)
[10:34:50][INFO] Registered tree at (488, 145, -80)
[10:34:50][INFO] Registered tree at (488, 145, -80)
[10:34:50][INFO] Registered tree at (492, 145, -92)
[10:34:50][INFO] Registered tree at (488, 145, -80)
[10:34:50][INFO] Registered tree at (488, 145, -80)
[10:34:50][INFO] Registered tree at (492, 145, -92)
[10:34:50][INFO] Registered tree at (484, 148, -100)
[10:34:50][INFO] Registered tree at (484, 148, -100)
[10:34:50][INFO] Registered tree at (488, 151, -108)
[10:34:50][INFO] Registered tree at (484, 148, -100)
[10:34:50][INFO] Registered tree at (488, 151, -108)
[10:34:50][INFO] Registered tree at (508, 147, -124)
[10:34:50][INFO] Registered tree at (484, 142, -40)
[10:34:50][INFO] Registered tree at (484, 148, -100)
[10:34:50][INFO] Registered tree at (484, 148, -100)
[10:34:50][INFO] Registered tree at (488, 151, -108)
[10:34:50][INFO] Registered tree at (484, 148, -100)
[10:34:50][INFO] Registered tree at (488, 151, -108)
[10:34:50][INFO] Registered tree at (508, 147, -124)
[10:34:50][INFO] Registered tree at (484, 142, -40)
[10:34:50][INFO] Registered tree at (484, 142, -12)
[10:34:50][INFO] Registered tree at (484, 142, -12)
[10:34:50][INFO] Registered tree at (484, 146, -4)
[10:34:50][INFO] Registered tree at (480, 153, -136)
[10:34:50][INFO] Registered tree at (480, 153, -136)
[10:34:50][INFO] Registered tree at (496, 149, -156)
[10:34:50][INFO] Registered tree at (480, 153, -136)
[10:34:50][INFO] Registered tree at (496, 149, -156)
[10:34:50][INFO] Registered tree at (500, 150, -148)
[10:34:50][INFO] Registered tree at (480, 153, -136)
[10:34:50][INFO] Registered tree at (496, 149, -156)
[10:34:50][INFO] Registered tree at (500, 150, -148)
[10:34:50][INFO] Registered tree at (500, 151, -132)
[10:34:50][INFO] Registered tree at (480, 153, -136)
[10:34:50][INFO] Registered tree at (496, 149, -156)
[10:34:50][INFO] Registered tree at (500, 150, -148)
[10:34:50][INFO] Registered tree at (500, 151, -132)
[10:34:50][INFO] Registered tree at (508, 148, -156)
[10:34:50][INFO] Registered tree at (484, 142, -12)
[10:34:50][INFO] Registered tree at (484, 142, -12)
[10:34:50][INFO] Registered tree at (484, 146, -4)
[10:34:50][INFO] Registered tree at (480, 153, -136)
[10:34:50][INFO] Registered tree at (480, 153, -136)
[10:34:50][INFO] Registered tree at (496, 149, -156)
[10:34:50][INFO] Registered tree at (480, 153, -136)
[10:34:50][INFO] Registered tree at (496, 149, -156)
[10:34:50][INFO] Registered tree at (500, 150, -148)
[10:34:50][INFO] Registered tree at (480, 153, -136)
[10:34:50][INFO] Registered tree at (496, 149, -156)
[10:34:50][INFO] Registered tree at (500, 150, -148)
[10:34:50][INFO] Registered tree at (500, 151, -132)
[10:34:50][INFO] Registered tree at (480, 153, -136)
[10:34:50][INFO] Registered tree at (496, 149, -156)
[10:34:50][INFO] Registered tree at (500, 150, -148)
[10:34:50][INFO] Registered tree at (500, 151, -132)
[10:34:50][INFO] Registered tree at (508, 148, -156)
[10:34:50][INFO] Registered tree at (488, 145, -80)
[10:34:50][INFO] Registered tree at (488, 145, -80)
[10:34:50][INFO] Registered tree at (492, 145, -92)
[10:34:50][INFO] Registered tree at (488, 145, -80)
[10:34:50][INFO] Registered tree at (488, 145, -80)
[10:34:50][INFO] Registered tree at (492, 145, -92)
[10:34:50][INFO] Registered tree at (484, 142, -40)
[10:34:50][INFO] Registered tree at (484, 148, -100)
[10:34:50][INFO] Registered tree at (484, 148, -100)
[10:34:50][INFO] Registered tree at (488, 151, -108)
[10:34:50][INFO] Registered tree at (484, 148, -100)
[10:34:50][INFO] Registered tree at (488, 151, -108)
[10:34:50][INFO] Registered tree at (508, 147, -124)
[10:34:50][INFO] Registered tree at (484, 148, -100)
[10:34:50][INFO] Registered tree at (484, 148, -100)
[10:34:50][INFO] Registered tree at (488, 151, -108)
[10:34:50][INFO] Registered tree at (484, 148, -100)
[10:34:50][INFO] Registered tree at (488, 151, -108)
[10:34:50][INFO] Registered tree at (508, 147, -124)
[10:34:50][INFO] Registered tree at (484, 142, -40)
[10:34:50][INFO] Registered tree at (480, 153, -136)
[10:34:50][INFO] Registered tree at (480, 153, -136)
[10:34:50][INFO] Registered tree at (496, 149, -156)
[10:34:50][INFO] Registered tree at (480, 153, -136)
[10:34:50][INFO] Registered tree at (496, 149, -156)
[10:34:50][INFO] Registered tree at (500, 150, -148)
[10:34:50][INFO] Registered tree at (480, 153, -136)
[10:34:50][INFO] Registered tree at (496, 149, -156)
[10:34:50][INFO] Registered tree at (500, 150, -148)
[10:34:50][INFO] Registered tree at (500, 151, -132)
[10:34:50][INFO] Registered tree at (480, 153, -136)
[10:34:50][INFO] Registered tree at (496, 149, -156)
[10:34:50][INFO] Registered tree at (500, 150, -148)
[10:34:50][INFO] Registered tree at (500, 151, -132)
[10:34:50][INFO] Registered tree at (508, 148, -156)
[10:34:50][INFO] Registered tree at (484, 142, -12)
[10:34:50][INFO] Registered tree at (484, 142, -12)
[10:34:50][INFO] Registered tree at (484, 146, -4)
[10:34:50][INFO] Registered tree at (480, 153, -136)
[10:34:50][INFO] Registered tree at (480, 153, -136)
[10:34:50][INFO] Registered tree at (496, 149, -156)
[10:34:50][INFO] Registered tree at (480, 153, -136)
[10:34:50][INFO] Registered tree at (496, 149, -156)
[10:34:50][INFO] Registered tree at (500, 150, -148)
[10:34:50][INFO] Registered tree at (480, 153, -136)
[10:34:50][INFO] Registered tree at (496, 149, -156)
[10:34:50][INFO] Registered tree at (500, 150, -148)
[10:34:50][INFO] Registered tree at (500, 151, -132)
[10:34:50][INFO] Registered tree at (480, 153, -136)
[10:34:50][INFO] Registered tree at (496, 149, -156)
[10:34:50][INFO] Registered tree at (500, 150, -148)
[10:34:50][INFO] Registered tree at (500, 151, -132)
[10:34:50][INFO] Registered tree at (508, 148, -156)
[10:34:50][INFO] Registered tree at (484, 142, -12)
[10:34:50][INFO] Registered tree at (484, 142, -12)
[10:34:50][INFO] Registered tree at (484, 146, -4)
[10:34:50][INFO] Registered tree at (488, 145, -80)
[10:34:50][INFO] Registered tree at (488, 145, -80)
[10:34:50][INFO] Registered tree at (492, 145, -92)
[10:34:50][INFO] Registered tree at (488, 145, -80)
[10:34:50][INFO] Registered tree at (488, 145, -80)
[10:34:50][INFO] Registered tree at (492, 145, -92)
[10:34:50][INFO] Registered tree at (484, 148, -100)
[10:34:50][INFO] Registered tree at (484, 148, -100)
[10:34:50][INFO] Registered tree at (488, 151, -108)
[10:34:50][INFO] Registered tree at (484, 148, -100)
[10:34:50][INFO] Registered tree at (488, 151, -108)
[10:34:50][INFO] Registered tree at (508, 147, -124)
[10:34:50][INFO] Registered tree at (484, 142, -40)
[10:34:50][INFO] Registered tree at (484, 142, -40)
[10:34:50][INFO] Registered tree at (484, 148, -100)
[10:34:50][INFO] Registered tree at (484, 148, -100)
[10:34:50][INFO] Registered tree at (488, 151, -108)
[10:34:50][INFO] Registered tree at (484, 148, -100)
[10:34:50][INFO] Registered tree at (488, 151, -108)
[10:34:50][INFO] Registered tree at (508, 147, -124)
[10:34:50][INFO] Registered tree at (480, 153, -136)
[10:34:50][INFO] Registered tree at (480, 153, -136)
[10:34:50][INFO] Registered tree at (496, 149, -156)
[10:34:50][INFO] Registered tree at (480, 153, -136)
[10:34:50][INFO] Registered tree at (496, 149, -156)
[10:34:50][INFO] Registered tree at (500, 150, -148)
[10:34:50][INFO] Registered tree at (480, 153, -136)
[10:34:50][INFO] Registered tree at (496, 149, -156)
[10:34:50][INFO] Registered tree at (500, 150, -148)
[10:34:50][INFO] Registered tree at (500, 151, -132)
[10:34:50][INFO] Registered tree at (480, 153, -136)
[10:34:50][INFO] Registered tree at (496, 149, -156)
[10:34:50][INFO] Registered tree at (500, 150, -148)
[10:34:50][INFO] Registered tree at (500, 151, -132)
[10:34:50][INFO] Registered tree at (508, 148, -156)
[10:34:50][INFO] Registered tree at (480, 153, -136)
[10:34:50][INFO] Registered tree at (480, 153, -136)
[10:34:50][INFO] Registered tree at (496, 149, -156)
[10:34:50][INFO] Registered tree at (480, 153, -136)
[10:34:50][INFO] Registered tree at (496, 149, -156)
[10:34:50][INFO] Registered tree at (500, 150, -148)
[10:34:50][INFO] Registered tree at (480, 153, -136)
[10:34:50][INFO] Registered tree at (496, 149, -156)
[10:34:50][INFO] Registered tree at (500, 150, -148)
[10:34:50][INFO] Registered tree at (500, 151, -132)
[10:34:50][INFO] Registered tree at (480, 153, -136)
[10:34:50][INFO] Registered tree at (496, 149, -156)
[10:34:50][INFO] Registered tree at (500, 150, -148)
[10:34:50][INFO] Registered tree at (500, 151, -132)
[10:34:50][INFO] Registered tree at (508, 148, -156)
[10:34:50][INFO] Registered tree at (484, 142, -12)
[10:34:50][INFO] Registered tree at (484, 142, -12)
[10:34:50][INFO] Registered tree at (484, 146, -4)
[10:34:50][INFO] Registered tree at (484, 142, -12)
[10:34:50][INFO] Registered tree at (484, 142, -12)
[10:34:50][INFO] Registered tree at (484, 146, -4)
[10:34:51][INFO] Chopping tree at (428, -68)
[10:34:51][INFO] Chopping tree at (428, -68)
[10:34:52][INFO] Chopping tree at (428, -68)
[10:34:57][INFO] Registered tree at (516, 143, -88)
[10:34:57][INFO] Registered tree at (516, 143, -88)
[10:34:57][INFO] Registered tree at (528, 142, -68)
[10:34:57][INFO] Registered tree at (516, 143, -88)
[10:34:57][INFO] Registered tree at (528, 142, -68)
[10:34:57][INFO] Registered tree at (532, 142, -92)
[10:34:57][INFO] Registered tree at (516, 140, -36)
[10:34:57][INFO] Registered tree at (516, 143, -124)
[10:34:57][INFO] Registered tree at (516, 143, -124)
[10:34:57][INFO] Registered tree at (520, 149, -108)
[10:34:57][INFO] Registered tree at (516, 143, -124)
[10:34:57][INFO] Registered tree at (520, 149, -108)
[10:34:57][INFO] Registered tree at (528, 142, -128)
[10:34:57][INFO] Registered tree at (516, 143, -124)
[10:34:57][INFO] Registered tree at (520, 149, -108)
[10:34:57][INFO] Registered tree at (528, 142, -128)
[10:34:57][INFO] Registered tree at (536, 145, -124)
[10:34:57][INFO] Registered tree at (516, 143, -88)
[10:34:57][INFO] Registered tree at (516, 143, -88)
[10:34:57][INFO] Registered tree at (528, 142, -68)
[10:34:57][INFO] Registered tree at (516, 143, -88)
[10:34:57][INFO] Registered tree at (528, 142, -68)
[10:34:57][INFO] Registered tree at (532, 142, -92)
[10:34:57][INFO] Registered tree at (516, 144, -12)
[10:34:57][INFO] Registered tree at (516, 144, -12)
[10:34:57][INFO] Registered tree at (524, 142, -20)
[10:34:57][INFO] Registered tree at (516, 144, -12)
[10:34:57][INFO] Registered tree at (524, 142, -20)
[10:34:57][INFO] Registered tree at (532, 142, -28)
[10:34:57][INFO] Registered tree at (516, 144, -12)
[10:34:57][INFO] Registered tree at (524, 142, -20)
[10:34:57][INFO] Registered tree at (532, 142, -28)
[10:34:57][INFO] Registered tree at (540, 145, -32)
[10:34:57][INFO] Registered tree at (516, 143, -88)
[10:34:57][INFO] Registered tree at (516, 143, -88)
[10:34:57][INFO] Registered tree at (528, 142, -68)
[10:34:57][INFO] Registered tree at (516, 143, -88)
[10:34:57][INFO] Registered tree at (528, 142, -68)
[10:34:57][INFO] Registered tree at (532, 142, -92)
[10:34:57][INFO] Registered tree at (516, 147, -152)
[10:34:57][INFO] Registered tree at (516, 147, -152)
[10:34:57][INFO] Registered tree at (524, 145, -140)
[10:34:57][INFO] Registered tree at (516, 147, -152)
[10:34:57][INFO] Registered tree at (524, 145, -140)
[10:34:57][INFO] Registered tree at (524, 142, -132)
[10:34:57][INFO] Registered tree at (516, 147, -152)
[10:34:57][INFO] Registered tree at (524, 145, -140)
[10:34:57][INFO] Registered tree at (524, 142, -132)
[10:34:57][INFO] Registered tree at (528, 142, -132)
[10:34:57][INFO] Registered tree at (516, 140, -36)
[10:34:57][INFO] Registered tree at (516, 143, -124)
[10:34:57][INFO] Registered tree at (516, 143, -124)
[10:34:57][INFO] Registered tree at (520, 149, -108)
[10:34:57][INFO] Registered tree at (516, 143, -124)
[10:34:57][INFO] Registered tree at (520, 149, -108)
[10:34:57][INFO] Registered tree at (528, 142, -128)
[10:34:57][INFO] Registered tree at (516, 143, -124)
[10:34:57][INFO] Registered tree at (520, 149, -108)
[10:34:57][INFO] Registered tree at (528, 142, -128)
[10:34:57][INFO] Registered tree at (536, 145, -124)
[10:34:57][INFO] Registered tree at (516, 143, -124)
[10:34:57][INFO] Registered tree at (516, 143, -124)
[10:34:57][INFO] Registered tree at (520, 149, -108)
[10:34:57][INFO] Registered tree at (516, 143, -124)
[10:34:57][INFO] Registered tree at (520, 149, -108)
[10:34:57][INFO] Registered tree at (528, 142, -128)
[10:34:57][INFO] Registered tree at (516, 143, -124)
[10:34:57][INFO] Registered tree at (520, 149, -108)
[10:34:57][INFO] Registered tree at (528, 142, -128)
[10:34:57][INFO] Registered tree at (536, 145, -124)
[10:34:57][INFO] Registered tree at (516, 140, -36)
[10:34:57][INFO] Registered tree at (516, 144, -12)
[10:34:57][INFO] Registered tree at (516, 144, -12)
[10:34:57][INFO] Registered tree at (524, 142, -20)
[10:34:57][INFO] Registered tree at (516, 144, -12)
[10:34:57][INFO] Registered tree at (524, 142, -20)
[10:34:57][INFO] Registered tree at (532, 142, -28)
[10:34:57][INFO] Registered tree at (516, 144, -12)
[10:34:57][INFO] Registered tree at (524, 142, -20)
[10:34:57][INFO] Registered tree at (532, 142, -28)
[10:34:57][INFO] Registered tree at (540, 145, -32)
[10:34:57][INFO] Registered tree at (516, 147, -152)
[10:34:57][INFO] Registered tree at (516, 147, -152)
[10:34:57][INFO] Registered tree at (524, 145, -140)
[10:34:57][INFO] Registered tree at (516, 147, -152)
[10:34:57][INFO] Registered tree at (524, 145, -140)
[10:34:57][INFO] Registered tree at (524, 142, -132)
[10:34:57][INFO] Registered tree at (516, 147, -152)
[10:34:57][INFO] Registered tree at (524, 145, -140)
[10:34:57][INFO] Registered tree at (524, 142, -132)
[10:34:57][INFO] Registered tree at (528, 142, -132)
[10:34:57][INFO] Registered tree at (516, 147, -152)
[10:34:57][INFO] Registered tree at (516, 147, -152)
[10:34:57][INFO] Registered tree at (524, 145, -140)
[10:34:57][INFO] Registered tree at (516, 147, -152)
[10:34:57][INFO] Registered tree at (524, 145, -140)
[10:34:57][INFO] Registered tree at (524, 142, -132)
[10:34:57][INFO] Registered tree at (516, 147, -152)
[10:34:57][INFO] Registered tree at (524, 145, -140)
[10:34:57][INFO] Registered tree at (524, 142, -132)
[10:34:57][INFO] Registered tree at (528, 142, -132)
[10:34:57][INFO] Registered tree at (516, 144, -12)
[10:34:57][INFO] Registered tree at (516, 144, -12)
[10:34:57][INFO] Registered tree at (524, 142, -20)
[10:34:57][INFO] Registered tree at (516, 144, -12)
[10:34:57][INFO] Registered tree at (524, 142, -20)
[10:34:57][INFO] Registered tree at (532, 142, -28)
[10:34:57][INFO] Registered tree at (516, 144, -12)
[10:34:57][INFO] Registered tree at (524, 142, -20)
[10:34:57][INFO] Registered tree at (532, 142, -28)
[10:34:57][INFO] Registered tree at (540, 145, -32)
[10:34:57][INFO] Registered tree at (516, 143, -88)
[10:34:57][INFO] Registered tree at (516, 143, -88)
[10:34:57][INFO] Registered tree at (528, 142, -68)
[10:34:57][INFO] Registered tree at (516, 143, -88)
[10:34:57][INFO] Registered tree at (528, 142, -68)
[10:34:57][INFO] Registered tree at (532, 142, -92)
[10:34:57][INFO] Registered tree at (516, 143, -88)
[10:34:57][INFO] Registered tree at (516, 143, -88)
[10:34:57][INFO] Registered tree at (528, 142, -68)
[10:34:57][INFO] Registered tree at (516, 143, -88)
[10:34:57][INFO] Registered tree at (528, 142, -68)
[10:34:57][INFO] Registered tree at (532, 142, -92)
[10:34:57][INFO] Registered tree at (516, 143, -124)
[10:34:57][INFO] Registered tree at (516, 143, -124)
[10:34:57][INFO] Registered tree at (520, 149, -108)
[10:34:57][INFO] Registered tree at (516, 143, -124)
[10:34:57][INFO] Registered tree at (520, 149, -108)
[10:34:57][INFO] Registered tree at (528, 142, -128)
[10:34:57][INFO] Registered tree at (516, 143, -124)
[10:34:57][INFO] Registered tree at (520, 149, -108)
[10:34:57][INFO] Registered tree at (528, 142, -128)
[10:34:57][INFO] Registered tree at (536, 145, -124)
[10:34:57][INFO] Registered tree at (516, 140, -36)
[10:34:57][INFO] Registered tree at (516, 143, -124)
[10:34:57][INFO] Registered tree at (516, 143, -124)
[10:34:57][INFO] Registered tree at (520, 149, -108)
[10:34:57][INFO] Registered tree at (516, 143, -124)
[10:34:57][INFO] Registered tree at (520, 149, -108)
[10:34:57][INFO] Registered tree at (528, 142, -128)
[10:34:57][INFO] Registered tree at (516, 143, -124)
[10:34:57][INFO] Registered tree at (520, 149, -108)
[10:34:57][INFO] Registered tree at (528, 142, -128)
[10:34:57][INFO] Registered tree at (536, 145, -124)
[10:34:57][INFO] Registered tree at (516, 140, -36)
[10:34:57][INFO] Registered tree at (516, 144, -12)
[10:34:57][INFO] Registered tree at (516, 144, -12)
[10:34:57][INFO] Registered tree at (524, 142, -20)
[10:34:57][INFO] Registered tree at (516, 144, -12)
[10:34:57][INFO] Registered tree at (524, 142, -20)
[10:34:57][INFO] Registered tree at (532, 142, -28)
[10:34:57][INFO] Registered tree at (516, 144, -12)
[10:34:57][INFO] Registered tree at (524, 142, -20)
[10:34:57][INFO] Registered tree at (532, 142, -28)
[10:34:57][INFO] Registered tree at (540, 145, -32)
[10:34:57][INFO] Registered tree at (516, 147, -152)
[10:34:57][INFO] Registered tree at (516, 147, -152)
[10:34:57][INFO] Registered tree at (524, 145, -140)
[10:34:57][INFO] Registered tree at (516, 147, -152)
[10:34:57][INFO] Registered tree at (524, 145, -140)
[10:34:57][INFO] Registered tree at (524, 142, -132)
[10:34:57][INFO] Registered tree at (516, 147, -152)
[10:34:57][INFO] Registered tree at (524, 145, -140)
[10:34:57][INFO] Registered tree at (524, 142, -132)
[10:34:57][INFO] Registered tree at (528, 142, -132)
[10:34:57][INFO] Registered tree at (516, 144, -12)
[10:34:57][INFO] Registered tree at (516, 144, -12)
[10:34:57][INFO] Registered tree at (524, 142, -20)
[10:34:57][INFO] Registered tree at (516, 144, -12)
[10:34:57][INFO] Registered tree at (524, 142, -20)
[10:34:57][INFO] Registered tree at (532, 142, -28)
[10:34:57][INFO] Registered tree at (516, 144, -12)
[10:34:57][INFO] Registered tree at (524, 142, -20)
[10:34:57][INFO] Registered tree at (532, 142, -28)
[10:34:57][INFO] Registered tree at (540, 145, -32)
[10:34:57][INFO] Registered tree at (516, 147, -152)
[10:34:57][INFO] Registered tree at (516, 147, -152)
[10:34:57][INFO] Registered tree at (524, 145, -140)
[10:34:57][INFO] Registered tree at (516, 147, -152)
[10:34:57][INFO] Registered tree at (524, 145, -140)
[10:34:57][INFO] Registered tree at (524, 142, -132)
[10:34:57][INFO] Registered tree at (516, 147, -152)
[10:34:57][INFO] Registered tree at (524, 145, -140)
[10:34:57][INFO] Registered tree at (524, 142, -132)
[10:34:57][INFO] Registered tree at (528, 142, -132)
[10:34:57][INFO] Registered tree at (516, 143, -88)
[10:34:57][INFO] Registered tree at (516, 143, -88)
[10:34:57][INFO] Registered tree at (528, 142, -68)
[10:34:57][INFO] Registered tree at (516, 143, -88)
[10:34:57][INFO] Registered tree at (528, 142, -68)
[10:34:57][INFO] Registered tree at (532, 142, -92)
[10:34:57][INFO] Registered tree at (516, 143, -88)
[10:34:57][INFO] Registered tree at (516, 143, -88)
[10:34:57][INFO] Registered tree at (528, 142, -68)
[10:34:57][INFO] Registered tree at (516, 143, -88)
[10:34:57][INFO] Registered tree at (528, 142, -68)
[10:34:57][INFO] Registered tree at (532, 142, -92)
[10:34:57][INFO] Registered tree at (516, 140, -36)
[10:34:57][INFO] Registered tree at (516, 143, -124)
[10:34:57][INFO] Registered tree at (516, 143, -124)
[10:34:57][INFO] Registered tree at (520, 149, -108)
[10:34:57][INFO] Registered tree at (516, 143, -124)
[10:34:57][INFO] Registered tree at (520, 149, -108)
[10:34:57][INFO] Registered tree at (528, 142, -128)
[10:34:57][INFO] Registered tree at (516, 143, -124)
[10:34:57][INFO] Registered tree at (520, 149, -108)
[10:34:57][INFO] Registered tree at (528, 142, -128)
[10:34:57][INFO] Registered tree at (536, 145, -124)
[10:34:57][INFO] Registered tree at (516, 143, -124)
[10:34:57][INFO] Registered tree at (516, 143, -124)
[10:34:57][INFO] Registered tree at (520, 149, -108)
[10:34:57][INFO] Registered tree at (516, 143, -124)
[10:34:57][INFO] Registered tree at (520, 149, -108)
[10:34:57][INFO] Registered tree at (528, 142, -128)
[10:34:57][INFO] Registered tree at (516, 143, -124)
[10:34:57][INFO] Registered tree at (520, 149, -108)
[10:34:57][INFO] Registered tree at (528, 142, -128)
[10:34:57][INFO] Registered tree at (536, 145, -124)
[10:34:57][INFO] Registered tree at (516, 140, -36)
[10:34:57][INFO] Registered tree at (516, 147, -152)
[10:34:57][INFO] Registered tree at (516, 147, -152)
[10:34:57][INFO] Registered tree at (524, 145, -140)
[10:34:57][INFO] Registered tree at (516, 147, -152)
[10:34:57][INFO] Registered tree at (524, 145, -140)
[10:34:57][INFO] Registered tree at (524, 142, -132)
[10:34:57][INFO] Registered tree at (516, 147, -152)
[10:34:57][INFO] Registered tree at (524, 145, -140)
[10:34:57][INFO] Registered tree at (524, 142, -132)
[10:34:57][INFO] Registered tree at (528, 142, -132)
[10:34:57][INFO] Registered tree at (516, 144, -12)
[10:34:57][INFO] Registered tree at (516, 144, -12)
[10:34:57][INFO] Registered tree at (524, 142, -20)
[10:34:57][INFO] Registered tree at (516, 144, -12)
[10:34:57][INFO] Registered tree at (524, 142, -20)
[10:34:57][INFO] Registered tree at (532, 142, -28)
[10:34:57][INFO] Registered tree at (516, 144, -12)
[10:34:57][INFO] Registered tree at (524, 142, -20)
[10:34:57][INFO] Registered tree at (532, 142, -28)
[10:34:57][INFO] Registered tree at (540, 145, -32)
[10:34:57][INFO] Registered tree at (516, 147, -152)
[10:34:57][INFO] Registered tree at (516, 147, -152)
[10:34:57][INFO] Registered tree at (524, 145, -140)
[10:34:57][INFO] Registered tree at (516, 147, -152)
[10:34:57][INFO] Registered tree at (524, 145, -140)
[10:34:57][INFO] Registered tree at (524, 142, -132)
[10:34:57][INFO] Registered tree at (516, 147, -152)
[10:34:57][INFO] Registered tree at (524, 145, -140)
[10:34:57][INFO] Registered tree at (524, 142, -132)
[10:34:57][INFO] Registered tree at (528, 142, -132)
[10:34:57][INFO] Registered tree at (516, 144, -12)
[10:34:57][INFO] Registered tree at (516, 144, -12)
[10:34:57][INFO] Registered tree at (524, 142, -20)
[10:34:57][INFO] Registered tree at (516, 144, -12)
[10:34:57][INFO] Registered tree at (524, 142, -20)
[10:34:57][INFO] Registered tree at (532, 142, -28)
[10:34:57][INFO] Registered tree at (516, 144, -12)
[10:34:57][INFO] Registered tree at (524, 142, -20)
[10:34:57][INFO] Registered tree at (532, 142, -28)
[10:34:57][INFO] Registered tree at (540, 145, -32)
[10:34:57][INFO] Registered tree at (516, 143, -88)
[10:34:57][INFO] Registered tree at (516, 143, -88)
[10:34:57][INFO] Registered tree at (528, 142, -68)
[10:34:57][INFO] Registered tree at (516, 143, -88)
[10:34:57][INFO] Registered tree at (528, 142, -68)
[10:34:57][INFO] Registered tree at (532, 142, -92)
[10:34:57][INFO] Registered tree at (516, 143, -88)
[10:34:57][INFO] Registered tree at (516, 143, -88)
[10:34:57][INFO] Registered tree at (528, 142, -68)
[10:34:57][INFO] Registered tree at (516, 143, -88)
[10:34:57][INFO] Registered tree at (528, 142, -68)
[10:34:57][INFO] Registered tree at (532, 142, -92)
[10:34:57][INFO] Registered tree at (516, 143, -124)
[10:34:57][INFO] Registered tree at (516, 143, -124)
[10:34:57][INFO] Registered tree at (520, 149, -108)
[10:34:57][INFO] Registered tree at (516, 143, -124)
[10:34:57][INFO] Registered tree at (520, 149, -108)
[10:34:57][INFO] Registered tree at (528, 142, -128)
[10:34:57][INFO] Registered tree at (516, 143, -124)
[10:34:57][INFO] Registered tree at (520, 149, -108)
[10:34:57][INFO] Registered tree at (528, 142, -128)
[10:34:57][INFO] Registered tree at (536, 145, -124)
[10:34:57][INFO] Registered tree at (516, 140, -36)
[10:34:57][INFO] Registered tree at (516, 140, -36)
[10:34:57][INFO] Registered tree at (516, 143, -124)
[10:34:57][INFO] Registered tree at (516, 143, -124)
[10:34:57][INFO] Registered tree at (520, 149, -108)
[10:34:57][INFO] Registered tree at (516, 143, -124)
[10:34:57][INFO] Registered tree at (520, 149, -108)
[10:34:57][INFO] Registered tree at (528, 142, -128)
[10:34:57][INFO] Registered tree at (516, 143, -124)
[10:34:57][INFO] Registered tree at (520, 149, -108)
[10:34:57][INFO] Registered tree at (528, 142, -128)
[10:34:57][INFO] Registered tree at (536, 145, -124)
[10:34:57][INFO] Registered tree at (516, 147, -152)
[10:34:57][INFO] Registered tree at (516, 147, -152)
[10:34:57][INFO] Registered tree at (524, 145, -140)
[10:34:57][INFO] Registered tree at (516, 147, -152)
[10:34:57][INFO] Registered tree at (524, 145, -140)
[10:34:57][INFO] Registered tree at (524, 142, -132)
[10:34:57][INFO] Registered tree at (516, 147, -152)
[10:34:57][INFO] Registered tree at (524, 145, -140)
[10:34:57][INFO] Registered tree at (524, 142, -132)
[10:34:57][INFO] Registered tree at (528, 142, -132)
[10:34:57][INFO] Registered tree at (516, 147, -152)
[10:34:57][INFO] Registered tree at (516, 147, -152)
[10:34:57][INFO] Registered tree at (524, 145, -140)
[10:34:57][INFO] Registered tree at (516, 147, -152)
[10:34:57][INFO] Registered tree at (524, 145, -140)
[10:34:57][INFO] Registered tree at (524, 142, -132)
[10:34:57][INFO] Registered tree at (516, 147, -152)
[10:34:57][INFO] Registered tree at (524, 145, -140)
[10:34:57][INFO] Registered tree at (524, 142, -132)
[10:34:57][INFO] Registered tree at (528, 142, -132)
[10:34:57][INFO] Registered tree at (516, 144, -12)
[10:34:57][INFO] Registered tree at (516, 144, -12)
[10:34:57][INFO] Registered tree at (524, 142, -20)
[10:34:57][INFO] Registered tree at (516, 144, -12)
[10:34:57][INFO] Registered tree at (524, 142, -20)
[10:34:57][INFO] Registered tree at (532, 142, -28)
[10:34:57][INFO] Registered tree at (516, 144, -12)
[10:34:57][INFO] Registered tree at (524, 142, -20)
[10:34:57][INFO] Registered tree at (532, 142, -28)
[10:34:57][INFO] Registered tree at (540, 145, -32)
[10:34:57][INFO] Registered tree at (516, 144, -12)
[10:34:57][INFO] Registered tree at (516, 144, -12)
[10:34:57][INFO] Registered tree at (524, 142, -20)
[10:34:57][INFO] Registered tree at (516, 144, -12)
[10:34:57][INFO] Registered tree at (524, 142, -20)
[10:34:57][INFO] Registered tree at (532, 142, -28)
[10:34:57][INFO] Registered tree at (516, 144, -12)
[10:34:57][INFO] Registered tree at (524, 142, -20)
[10:34:57][INFO] Registered tree at (532, 142, -28)
[10:34:57][INFO] Registered tree at (540, 145, -32)
[10:34:58][INFO] Chopping tree at (452, -68)
[10:34:58][INFO] Chopping tree at (452, -68)
[10:34:59][INFO] Chopping tree at (452, -68)
[10:35:07][INFO] Registered tree at (548, 143, -92)
[10:35:07][INFO] Registered tree at (548, 143, -92)
[10:35:07][INFO] Registered tree at (552, 144, -88)
[10:35:07][INFO] Registered tree at (544, 146, -36)
[10:35:07][INFO] Registered tree at (544, 146, -36)
[10:35:07][INFO] Registered tree at (548, 144, -60)
[10:35:07][INFO] Registered tree at (544, 146, -36)
[10:35:07][INFO] Registered tree at (548, 144, -60)
[10:35:07][INFO] Registered tree at (556, 147, -36)
[10:35:07][INFO] Registered tree at (544, 146, -36)
[10:35:07][INFO] Registered tree at (548, 144, -60)
[10:35:07][INFO] Registered tree at (556, 147, -36)
[10:35:07][INFO] Registered tree at (564, 147, -56)
[10:35:07][INFO] Registered tree at (544, 142, -104)
[10:35:07][INFO] Registered tree at (544, 142, -104)
[10:35:07][INFO] Registered tree at (548, 142, -124)
[10:35:07][INFO] Registered tree at (544, 142, -104)
[10:35:07][INFO] Registered tree at (548, 142, -124)
[10:35:07][INFO] Registered tree at (556, 141, -124)
[10:35:07][INFO] Registered tree at (544, 142, -104)
[10:35:07][INFO] Registered tree at (548, 142, -124)
[10:35:07][INFO] Registered tree at (556, 141, -124)
[10:35:07][INFO] Registered tree at (556, 143, -116)
[10:35:07][INFO] Registered tree at (544, 142, -104)
[10:35:07][INFO] Registered tree at (548, 142, -124)
[10:35:07][INFO] Registered tree at (556, 141, -124)
[10:35:07][INFO] Registered tree at (556, 143, -116)
[10:35:07][INFO] Registered tree at (564, 141, -124)
[10:35:07][INFO] Registered tree at (544, 142, -104)
[10:35:07][INFO] Registered tree at (548, 142, -124)
[10:35:07][INFO] Registered tree at (556, 141, -124)
[10:35:07][INFO] Registered tree at (556, 143, -116)
[10:35:07][INFO] Registered tree at (564, 141, -124)
[10:35:07][INFO] Registered tree at (572, 142, -120)
[10:35:07][INFO] Registered tree at (548, 143, -92)
[10:35:07][INFO] Registered tree at (548, 143, -92)
[10:35:07][INFO] Registered tree at (552, 144, -88)
[10:35:07][INFO] Registered tree at (572, 152, -28)
[10:35:07][INFO] Registered tree at (548, 143, -92)
[10:35:07][INFO] Registered tree at (548, 143, -92)
[10:35:07][INFO] Registered tree at (552, 144, -88)
[10:35:07][INFO] Registered tree at (548, 146, -156)
[10:35:07][INFO] Registered tree at (548, 146, -156)
[10:35:07][INFO] Registered tree at (556, 138, -140)
[10:35:07][INFO] Registered tree at (548, 146, -156)
[10:35:07][INFO] Registered tree at (556, 138, -140)
[10:35:07][INFO] Registered tree at (564, 135, -144)
[10:35:07][INFO] Registered tree at (548, 146, -156)
[10:35:07][INFO] Registered tree at (556, 138, -140)
[10:35:07][INFO] Registered tree at (564, 135, -144)
[10:35:07][INFO] Registered tree at (564, 139, -132)
[10:35:07][INFO] Registered tree at (544, 146, -36)
[10:35:07][INFO] Registered tree at (544, 146, -36)
[10:35:07][INFO] Registered tree at (548, 144, -60)
[10:35:07][INFO] Registered tree at (544, 146, -36)
[10:35:07][INFO] Registered tree at (548, 144, -60)
[10:35:07][INFO] Registered tree at (556, 147, -36)
[10:35:07][INFO] Registered tree at (544, 146, -36)
[10:35:07][INFO] Registered tree at (548, 144, -60)
[10:35:07][INFO] Registered tree at (556, 147, -36)
[10:35:07][INFO] Registered tree at (564, 147, -56)
[10:35:07][INFO] Registered tree at (544, 142, -104)
[10:35:07][INFO] Registered tree at (544, 142, -104)
[10:35:07][INFO] Registered tree at (548, 142, -124)
[10:35:07][INFO] Registered tree at (544, 142, -104)
[10:35:07][INFO] Registered tree at (548, 142, -124)
[10:35:07][INFO] Registered tree at (556, 141, -124)
[10:35:07][INFO] Registered tree at (544, 142, -104)
[10:35:07][INFO] Registered tree at (548, 142, -124)
[10:35:07][INFO] Registered tree at (556, 141, -124)
[10:35:07][INFO] Registered tree at (556, 143, -116)
[10:35:07][INFO] Registered tree at (544, 142, -104)
[10:35:07][INFO] Registered tree at (548, 142, -124)
[10:35:07][INFO] Registered tree at (556, 141, -124)
[10:35:07][INFO] Registered tree at (556, 143, -116)
[10:35:07][INFO] Registered tree at (564, 141, -124)
[10:35:07][INFO] Registered tree at (544, 142, -104)
[10:35:07][INFO] Registered tree at (548, 142, -124)
[10:35:07][INFO] Registered tree at (556, 141, -124)
[10:35:07][INFO] Registered tree at (556, 143, -116)
[10:35:07][INFO] Registered tree at (564, 141, -124)
[10:35:07][INFO] Registered tree at (572, 142, -120)
[10:35:07][INFO] Registered tree at (544, 142, -104)
[10:35:07][INFO] Registered tree at (544, 142, -104)
[10:35:07][INFO] Registered tree at (548, 142, -124)
[10:35:07][INFO] Registered tree at (544, 142, -104)
[10:35:07][INFO] Registered tree at (548, 142, -124)
[10:35:07][INFO] Registered tree at (556, 141, -124)
[10:35:07][INFO] Registered tree at (544, 142, -104)
[10:35:07][INFO] Registered tree at (548, 142, -124)
[10:35:07][INFO] Registered tree at (556, 141, -124)
[10:35:07][INFO] Registered tree at (556, 143, -116)
[10:35:07][INFO] Registered tree at (544, 142, -104)
[10:35:07][INFO] Registered tree at (548, 142, -124)
[10:35:07][INFO] Registered tree at (556, 141, -124)
[10:35:07][INFO] Registered tree at (556, 143, -116)
[10:35:07][INFO] Registered tree at (564, 141, -124)
[10:35:07][INFO] Registered tree at (544, 142, -104)
[10:35:07][INFO] Registered tree at (548, 142, -124)
[10:35:07][INFO] Registered tree at (556, 141, -124)
[10:35:07][INFO] Registered tree at (556, 143, -116)
[10:35:07][INFO] Registered tree at (564, 141, -124)
[10:35:07][INFO] Registered tree at (572, 142, -120)
[10:35:07][INFO] Registered tree at (544, 146, -36)
[10:35:07][INFO] Registered tree at (544, 146, -36)
[10:35:07][INFO] Registered tree at (548, 144, -60)
[10:35:07][INFO] Registered tree at (544, 146, -36)
[10:35:07][INFO] Registered tree at (548, 144, -60)
[10:35:07][INFO] Registered tree at (556, 147, -36)
[10:35:07][INFO] Registered tree at (544, 146, -36)
[10:35:07][INFO] Registered tree at (548, 144, -60)
[10:35:07][INFO] Registered tree at (556, 147, -36)
[10:35:07][INFO] Registered tree at (564, 147, -56)
[10:35:07][INFO] Registered tree at (572, 152, -28)
[10:35:07][INFO] Registered tree at (548, 146, -156)
[10:35:07][INFO] Registered tree at (548, 146, -156)
[10:35:07][INFO] Registered tree at (556, 138, -140)
[10:35:07][INFO] Registered tree at (548, 146, -156)
[10:35:07][INFO] Registered tree at (556, 138, -140)
[10:35:07][INFO] Registered tree at (564, 135, -144)
[10:35:07][INFO] Registered tree at (548, 146, -156)
[10:35:07][INFO] Registered tree at (556, 138, -140)
[10:35:07][INFO] Registered tree at (564, 135, -144)
[10:35:07][INFO] Registered tree at (564, 139, -132)
[10:35:07][INFO] Registered tree at (548, 146, -156)
[10:35:07][INFO] Registered tree at (548, 146, -156)
[10:35:07][INFO] Registered tree at (556, 138, -140)
[10:35:07][INFO] Registered tree at (548, 146, -156)
[10:35:07][INFO] Registered tree at (556, 138, -140)
[10:35:07][INFO] Registered tree at (564, 135, -144)
[10:35:07][INFO] Registered tree at (548, 146, -156)
[10:35:07][INFO] Registered tree at (556, 138, -140)
[10:35:07][INFO] Registered tree at (564, 135, -144)
[10:35:07][INFO] Registered tree at (564, 139, -132)
[10:35:07][INFO] Registered tree at (572, 152, -28)
[10:35:07][INFO] Registered tree at (548, 143, -92)
[10:35:07][INFO] Registered tree at (548, 143, -92)
[10:35:07][INFO] Registered tree at (552, 144, -88)
[10:35:07][INFO] Registered tree at (548, 143, -92)
[10:35:07][INFO] Registered tree at (548, 143, -92)
[10:35:07][INFO] Registered tree at (552, 144, -88)
[10:35:07][INFO] Registered tree at (544, 142, -104)
[10:35:07][INFO] Registered tree at (544, 142, -104)
[10:35:07][INFO] Registered tree at (548, 142, -124)
[10:35:07][INFO] Registered tree at (544, 142, -104)
[10:35:07][INFO] Registered tree at (548, 142, -124)
[10:35:07][INFO] Registered tree at (556, 141, -124)
[10:35:07][INFO] Registered tree at (544, 142, -104)
[10:35:07][INFO] Registered tree at (548, 142, -124)
[10:35:07][INFO] Registered tree at (556, 141, -124)
[10:35:07][INFO] Registered tree at (556, 143, -116)
[10:35:07][INFO] Registered tree at (544, 142, -104)
[10:35:07][INFO] Registered tree at (548, 142, -124)
[10:35:07][INFO] Registered tree at (556, 141, -124)
[10:35:07][INFO] Registered tree at (556, 143, -116)
[10:35:07][INFO] Registered tree at (564, 141, -124)
[10:35:07][INFO] Registered tree at (544, 142, -104)
[10:35:07][INFO] Registered tree at (548, 142, -124)
[10:35:07][INFO] Registered tree at (556, 141, -124)
[10:35:07][INFO] Registered tree at (556, 143, -116)
[10:35:07][INFO] Registered tree at (564, 141, -124)
[10:35:07][INFO] Registered tree at (572, 142, -120)
[10:35:07][INFO] Registered tree at (544, 146, -36)
[10:35:07][INFO] Registered tree at (544, 146, -36)
[10:35:07][INFO] Registered tree at (548, 144, -60)
[10:35:07][INFO] Registered tree at (544, 146, -36)
[10:35:07][INFO] Registered tree at (548, 144, -60)
[10:35:07][INFO] Registered tree at (556, 147, -36)
[10:35:07][INFO] Registered tree at (544, 146, -36)
[10:35:07][INFO] Registered tree at (548, 144, -60)
[10:35:07][INFO] Registered tree at (556, 147, -36)
[10:35:07][INFO] Registered tree at (564, 147, -56)
[10:35:07][INFO] Registered tree at (544, 142, -104)
[10:35:07][INFO] Registered tree at (544, 142, -104)
[10:35:07][INFO] Registered tree at (548, 142, -124)
[10:35:07][INFO] Registered tree at (544, 142, -104)
[10:35:07][INFO] Registered tree at (548, 142, -124)
[10:35:07][INFO] Registered tree at (556, 141, -124)
[10:35:07][INFO] Registered tree at (544, 142, -104)
[10:35:07][INFO] Registered tree at (548, 142, -124)
[10:35:07][INFO] Registered tree at (556, 141, -124)
[10:35:07][INFO] Registered tree at (556, 143, -116)
[10:35:07][INFO] Registered tree at (544, 142, -104)
[10:35:07][INFO] Registered tree at (548, 142, -124)
[10:35:07][INFO] Registered tree at (556, 141, -124)
[10:35:07][INFO] Registered tree at (556, 143, -116)
[10:35:07][INFO] Registered tree at (564, 141, -124)
[10:35:07][INFO] Registered tree at (544, 142, -104)
[10:35:07][INFO] Registered tree at (548, 142, -124)
[10:35:07][INFO] Registered tree at (556, 141, -124)
[10:35:07][INFO] Registered tree at (556, 143, -116)
[10:35:07][INFO] Registered tree at (564, 141, -124)
[10:35:07][INFO] Registered tree at (572, 142, -120)
[10:35:07][INFO] Registered tree at (544, 146, -36)
[10:35:07][INFO] Registered tree at (544, 146, -36)
[10:35:07][INFO] Registered tree at (548, 144, -60)
[10:35:07][INFO] Registered tree at (544, 146, -36)
[10:35:07][INFO] Registered tree at (548, 144, -60)
[10:35:07][INFO] Registered tree at (556, 147, -36)
[10:35:07][INFO] Registered tree at (544, 146, -36)
[10:35:07][INFO] Registered tree at (548, 144, -60)
[10:35:07][INFO] Registered tree at (556, 147, -36)
[10:35:07][INFO] Registered tree at (564, 147, -56)
[10:35:07][INFO] Registered tree at (572, 152, -28)
[10:35:07][INFO] Registered tree at (548, 146, -156)
[10:35:07][INFO] Registered tree at (548, 146, -156)
[10:35:07][INFO] Registered tree at (556, 138, -140)
[10:35:07][INFO] Registered tree at (548, 146, -156)
[10:35:07][INFO] Registered tree at (556, 138, -140)
[10:35:07][INFO] Registered tree at (564, 135, -144)
[10:35:07][INFO] Registered tree at (548, 146, -156)
[10:35:07][INFO] Registered tree at (556, 138, -140)
[10:35:07][INFO] Registered tree at (564, 135, -144)
[10:35:07][INFO] Registered tree at (564, 139, -132)
[10:35:07][INFO] Registered tree at (572, 152, -28)
[10:35:07][INFO] Registered tree at (548, 146, -156)
[10:35:07][INFO] Registered tree at (548, 146, -156)
[10:35:07][INFO] Registered tree at (556, 138, -140)
[10:35:07][INFO] Registered tree at (548, 146, -156)
[10:35:07][INFO] Registered tree at (556, 138, -140)
[10:35:07][INFO] Registered tree at (564, 135, -144)
[10:35:07][INFO] Registered tree at (548, 146, -156)
[10:35:07][INFO] Registered tree at (556, 138, -140)
[10:35:07][INFO] Registered tree at (564, 135, -144)
[10:35:07][INFO] Registered tree at (564, 139, -132)
[10:35:07][INFO] Registered tree at (548, 143, -92)
[10:35:07][INFO] Registered tree at (548, 143, -92)
[10:35:07][INFO] Registered tree at (552, 144, -88)
[10:35:07][INFO] Registered tree at (548, 143, -92)
[10:35:07][INFO] Registered tree at (548, 143, -92)
[10:35:07][INFO] Registered tree at (552, 144, -88)
[10:35:07][INFO] Registered tree at (544, 146, -36)
[10:35:07][INFO] Registered tree at (544, 146, -36)
[10:35:07][INFO] Registered tree at (548, 144, -60)
[10:35:07][INFO] Registered tree at (544, 146, -36)
[10:35:07][INFO] Registered tree at (548, 144, -60)
[10:35:07][INFO] Registered tree at (556, 147, -36)
[10:35:07][INFO] Registered tree at (544, 146, -36)
[10:35:07][INFO] Registered tree at (548, 144, -60)
[10:35:07][INFO] Registered tree at (556, 147, -36)
[10:35:07][INFO] Registered tree at (564, 147, -56)
[10:35:07][INFO] Registered tree at (544, 142, -104)
[10:35:07][INFO] Registered tree at (544, 142, -104)
[10:35:07][INFO] Registered tree at (548, 142, -124)
[10:35:07][INFO] Registered tree at (544, 142, -104)
[10:35:07][INFO] Registered tree at (548, 142, -124)
[10:35:07][INFO] Registered tree at (556, 141, -124)
[10:35:07][INFO] Registered tree at (544, 142, -104)
[10:35:07][INFO] Registered tree at (548, 142, -124)
[10:35:07][INFO] Registered tree at (556, 141, -124)
[10:35:07][INFO] Registered tree at (556, 143, -116)
[10:35:07][INFO] Registered tree at (544, 142, -104)
[10:35:07][INFO] Registered tree at (548, 142, -124)
[10:35:07][INFO] Registered tree at (556, 141, -124)
[10:35:07][INFO] Registered tree at (556, 143, -116)
[10:35:07][INFO] Registered tree at (564, 141, -124)
[10:35:07][INFO] Registered tree at (544, 142, -104)
[10:35:07][INFO] Registered tree at (548, 142, -124)
[10:35:07][INFO] Registered tree at (556, 141, -124)
[10:35:07][INFO] Registered tree at (556, 143, -116)
[10:35:07][INFO] Registered tree at (564, 141, -124)
[10:35:07][INFO] Registered tree at (572, 142, -120)
[10:35:07][INFO] Registered tree at (544, 142, -104)
[10:35:07][INFO] Registered tree at (544, 142, -104)
[10:35:07][INFO] Registered tree at (548, 142, -124)
[10:35:07][INFO] Registered tree at (544, 142, -104)
[10:35:07][INFO] Registered tree at (548, 142, -124)
[10:35:07][INFO] Registered tree at (556, 141, -124)
[10:35:07][INFO] Registered tree at (544, 142, -104)
[10:35:07][INFO] Registered tree at (548, 142, -124)
[10:35:07][INFO] Registered tree at (556, 141, -124)
[10:35:07][INFO] Registered tree at (556, 143, -116)
[10:35:07][INFO] Registered tree at (544, 142, -104)
[10:35:07][INFO] Registered tree at (548, 142, -124)
[10:35:07][INFO] Registered tree at (556, 141, -124)
[10:35:07][INFO] Registered tree at (556, 143, -116)
[10:35:07][INFO] Registered tree at (564, 141, -124)
[10:35:07][INFO] Registered tree at (544, 142, -104)
[10:35:07][INFO] Registered tree at (548, 142, -124)
[10:35:07][INFO] Registered tree at (556, 141, -124)
[10:35:07][INFO] Registered tree at (556, 143, -116)
[10:35:07][INFO] Registered tree at (564, 141, -124)
[10:35:07][INFO] Registered tree at (572, 142, -120)
[10:35:07][INFO] Registered tree at (544, 146, -36)
[10:35:07][INFO] Registered tree at (544, 146, -36)
[10:35:07][INFO] Registered tree at (548, 144, -60)
[10:35:07][INFO] Registered tree at (544, 146, -36)
[10:35:07][INFO] Registered tree at (548, 144, -60)
[10:35:07][INFO] Registered tree at (556, 147, -36)
[10:35:07][INFO] Registered tree at (544, 146, -36)
[10:35:07][INFO] Registered tree at (548, 144, -60)
[10:35:07][INFO] Registered tree at (556, 147, -36)
[10:35:07][INFO] Registered tree at (564, 147, -56)
[10:35:07][INFO] Registered tree at (548, 146, -156)
[10:35:07][INFO] Registered tree at (548, 146, -156)
[10:35:07][INFO] Registered tree at (556, 138, -140)
[10:35:07][INFO] Registered tree at (548, 146, -156)
[10:35:07][INFO] Registered tree at (556, 138, -140)
[10:35:07][INFO] Registered tree at (564, 135, -144)
[10:35:07][INFO] Registered tree at (548, 146, -156)
[10:35:07][INFO] Registered tree at (556, 138, -140)
[10:35:07][INFO] Registered tree at (564, 135, -144)
[10:35:07][INFO] Registered tree at (564, 139, -132)
[10:35:07][INFO] Registered tree at (572, 152, -28)
[10:35:07][INFO] Registered tree at (548, 146, -156)
[10:35:07][INFO] Registered tree at (548, 146, -156)
[10:35:07][INFO] Registered tree at (556, 138, -140)
[10:35:07][INFO] Registered tree at (548, 146, -156)
[10:35:07][INFO] Registered tree at (556, 138, -140)
[10:35:07][INFO] Registered tree at (564, 135, -144)
[10:35:07][INFO] Registered tree at (548, 146, -156)
[10:35:07][INFO] Registered tree at (556, 138, -140)
[10:35:07][INFO] Registered tree at (564, 135, -144)
[10:35:07][INFO] Registered tree at (564, 139, -132)
[10:35:07][INFO] Registered tree at (572, 152, -28)
[10:35:07][INFO] Registered tree at (548, 143, -92)
[10:35:07][INFO] Registered tree at (548, 143, -92)
[10:35:07][INFO] Registered tree at (552, 144, -88)
[10:35:07][INFO] Registered tree at (548, 143, -92)
[10:35:07][INFO] Registered tree at (548, 143, -92)
[10:35:07][INFO] Registered tree at (552, 144, -88)
[10:35:07][INFO] Registered tree at (544, 142, -104)
[10:35:07][INFO] Registered tree at (544, 142, -104)
[10:35:07][INFO] Registered tree at (548, 142, -124)
[10:35:07][INFO] Registered tree at (544, 142, -104)
[10:35:07][INFO] Registered tree at (548, 142, -124)
[10:35:07][INFO] Registered tree at (556, 141, -124)
[10:35:07][INFO] Registered tree at (544, 142, -104)
[10:35:07][INFO] Registered tree at (548, 142, -124)
[10:35:07][INFO] Registered tree at (556, 141, -124)
[10:35:07][INFO] Registered tree at (556, 143, -116)
[10:35:07][INFO] Registered tree at (544, 142, -104)
[10:35:07][INFO] Registered tree at (548, 142, -124)
[10:35:07][INFO] Registered tree at (556, 141, -124)
[10:35:07][INFO] Registered tree at (556, 143, -116)
[10:35:07][INFO] Registered tree at (564, 141, -124)
[10:35:07][INFO] Registered tree at (544, 142, -104)
[10:35:07][INFO] Registered tree at (548, 142, -124)
[10:35:07][INFO] Registered tree at (556, 141, -124)
[10:35:07][INFO] Registered tree at (556, 143, -116)
[10:35:07][INFO] Registered tree at (564, 141, -124)
[10:35:07][INFO] Registered tree at (572, 142, -120)
[10:35:07][INFO] Registered tree at (544, 146, -36)
[10:35:07][INFO] Registered tree at (544, 146, -36)
[10:35:07][INFO] Registered tree at (548, 144, -60)
[10:35:07][INFO] Registered tree at (544, 146, -36)
[10:35:07][INFO] Registered tree at (548, 144, -60)
[10:35:07][INFO] Registered tree at (556, 147, -36)
[10:35:07][INFO] Registered tree at (544, 146, -36)
[10:35:07][INFO] Registered tree at (548, 144, -60)
[10:35:07][INFO] Registered tree at (556, 147, -36)
[10:35:07][INFO] Registered tree at (564, 147, -56)
[10:35:07][INFO] Registered tree at (544, 146, -36)
[10:35:07][INFO] Registered tree at (544, 146, -36)
[10:35:07][INFO] Registered tree at (548, 144, -60)
[10:35:07][INFO] Registered tree at (544, 146, -36)
[10:35:07][INFO] Registered tree at (548, 144, -60)
[10:35:07][INFO] Registered tree at (556, 147, -36)
[10:35:07][INFO] Registered tree at (544, 146, -36)
[10:35:07][INFO] Registered tree at (548, 144, -60)
[10:35:07][INFO] Registered tree at (556, 147, -36)
[10:35:07][INFO] Registered tree at (564, 147, -56)
[10:35:07][INFO] Registered tree at (544, 142, -104)
[10:35:07][INFO] Registered tree at (544, 142, -104)
[10:35:07][INFO] Registered tree at (548, 142, -124)
[10:35:07][INFO] Registered tree at (544, 142, -104)
[10:35:07][INFO] Registered tree at (548, 142, -124)
[10:35:07][INFO] Registered tree at (556, 141, -124)
[10:35:07][INFO] Registered tree at (544, 142, -104)
[10:35:07][INFO] Registered tree at (548, 142, -124)
[10:35:07][INFO] Registered tree at (556, 141, -124)
[10:35:07][INFO] Registered tree at (556, 143, -116)
[10:35:07][INFO] Registered tree at (544, 142, -104)
[10:35:07][INFO] Registered tree at (548, 142, -124)
[10:35:07][INFO] Registered tree at (556, 141, -124)
[10:35:07][INFO] Registered tree at (556, 143, -116)
[10:35:07][INFO] Registered tree at (564, 141, -124)
[10:35:07][INFO] Registered tree at (544, 142, -104)
[10:35:07][INFO] Registered tree at (548, 142, -124)
[10:35:07][INFO] Registered tree at (556, 141, -124)
[10:35:07][INFO] Registered tree at (556, 143, -116)
[10:35:07][INFO] Registered tree at (564, 141, -124)
[10:35:07][INFO] Registered tree at (572, 142, -120)
[10:35:07][INFO] Registered tree at (548, 146, -156)
[10:35:07][INFO] Registered tree at (548, 146, -156)
[10:35:07][INFO] Registered tree at (556, 138, -140)
[10:35:07][INFO] Registered tree at (548, 146, -156)
[10:35:07][INFO] Registered tree at (556, 138, -140)
[10:35:07][INFO] Registered tree at (564, 135, -144)
[10:35:07][INFO] Registered tree at (548, 146, -156)
[10:35:07][INFO] Registered tree at (556, 138, -140)
[10:35:07][INFO] Registered tree at (564, 135, -144)
[10:35:07][INFO] Registered tree at (564, 139, -132)
[10:35:07][INFO] Registered tree at (548, 146, -156)
[10:35:07][INFO] Registered tree at (548, 146, -156)
[10:35:07][INFO] Registered tree at (556, 138, -140)
[10:35:07][INFO] Registered tree at (548, 146, -156)
[10:35:07][INFO] Registered tree at (556, 138, -140)
[10:35:07][INFO] Registered tree at (564, 135, -144)
[10:35:07][INFO] Registered tree at (548, 146, -156)
[10:35:07][INFO] Registered tree at (556, 138, -140)
[10:35:07][INFO] Registered tree at (564, 135, -144)
[10:35:07][INFO] Registered tree at (564, 139, -132)
[10:35:07][INFO] Registered tree at (572, 152, -28)
[10:35:07][INFO] Registered tree at (572, 152, -28)
[10:35:08][INFO] Registered tree at (484, 148, 12)
[10:35:08][INFO] Registered tree at (484, 148, 12)
[10:35:08][INFO] Registered tree at (492, 149, 12)
[10:35:08][INFO] Registered tree at (516, 150, 20)
[10:35:08][INFO] Registered tree at (516, 150, 20)
[10:35:08][INFO] Registered tree at (520, 151, 12)
[10:35:08][INFO] Registered tree at (516, 150, 20)
[10:35:08][INFO] Registered tree at (520, 151, 12)
[10:35:08][INFO] Registered tree at (524, 147, 28)
[10:35:08][INFO] Registered tree at (516, 150, 20)
[10:35:08][INFO] Registered tree at (520, 151, 12)
[10:35:08][INFO] Registered tree at (524, 147, 28)
[10:35:08][INFO] Registered tree at (532, 150, 8)
[10:35:08][INFO] Registered tree at (484, 148, 12)
[10:35:08][INFO] Registered tree at (484, 148, 12)
[10:35:08][INFO] Registered tree at (492, 149, 12)
[10:35:08][INFO] Registered tree at (548, 149, 28)
[10:35:08][INFO] Registered tree at (548, 149, 28)
[10:35:08][INFO] Registered tree at (552, 149, 28)
[10:35:08][INFO] Registered tree at (548, 149, 28)
[10:35:08][INFO] Registered tree at (552, 149, 28)
[10:35:08][INFO] Registered tree at (564, 147, 4)
[10:35:08][INFO] Registered tree at (484, 148, 12)
[10:35:08][INFO] Registered tree at (484, 148, 12)
[10:35:08][INFO] Registered tree at (492, 149, 12)
[10:35:08][INFO] Registered tree at (516, 150, 20)
[10:35:08][INFO] Registered tree at (516, 150, 20)
[10:35:08][INFO] Registered tree at (520, 151, 12)
[10:35:08][INFO] Registered tree at (516, 150, 20)
[10:35:08][INFO] Registered tree at (520, 151, 12)
[10:35:08][INFO] Registered tree at (524, 147, 28)
[10:35:08][INFO] Registered tree at (516, 150, 20)
[10:35:08][INFO] Registered tree at (520, 151, 12)
[10:35:08][INFO] Registered tree at (524, 147, 28)
[10:35:08][INFO] Registered tree at (532, 150, 8)
[10:35:08][INFO] Registered tree at (516, 150, 20)
[10:35:08][INFO] Registered tree at (516, 150, 20)
[10:35:08][INFO] Registered tree at (520, 151, 12)
[10:35:08][INFO] Registered tree at (516, 150, 20)
[10:35:08][INFO] Registered tree at (520, 151, 12)
[10:35:08][INFO] Registered tree at (524, 147, 28)
[10:35:08][INFO] Registered tree at (516, 150, 20)
[10:35:08][INFO] Registered tree at (520, 151, 12)
[10:35:08][INFO] Registered tree at (524, 147, 28)
[10:35:08][INFO] Registered tree at (532, 150, 8)
[10:35:08][INFO] Registered tree at (548, 149, 28)
[10:35:08][INFO] Registered tree at (548, 149, 28)
[10:35:08][INFO] Registered tree at (552, 149, 28)
[10:35:08][INFO] Registered tree at (548, 149, 28)
[10:35:08][INFO] Registered tree at (552, 149, 28)
[10:35:08][INFO] Registered tree at (564, 147, 4)
[10:35:08][INFO] Registered tree at (548, 149, 28)
[10:35:08][INFO] Registered tree at (548, 149, 28)
[10:35:08][INFO] Registered tree at (552, 149, 28)
[10:35:08][INFO] Registered tree at (548, 149, 28)
[10:35:08][INFO] Registered tree at (552, 149, 28)
[10:35:08][INFO] Registered tree at (564, 147, 4)
[10:35:08][INFO] Registered tree at (484, 148, 12)
[10:35:08][INFO] Registered tree at (484, 148, 12)
[10:35:08][INFO] Registered tree at (492, 149, 12)
[10:35:08][INFO] Registered tree at (484, 148, 12)
[10:35:08][INFO] Registered tree at (484, 148, 12)
[10:35:08][INFO] Registered tree at (492, 149, 12)
[10:35:08][INFO] Registered tree at (516, 150, 20)
[10:35:08][INFO] Registered tree at (516, 150, 20)
[10:35:08][INFO] Registered tree at (520, 151, 12)
[10:35:08][INFO] Registered tree at (516, 150, 20)
[10:35:08][INFO] Registered tree at (520, 151, 12)
[10:35:08][INFO] Registered tree at (524, 147, 28)
[10:35:08][INFO] Registered tree at (516, 150, 20)
[10:35:08][INFO] Registered tree at (520, 151, 12)
[10:35:08][INFO] Registered tree at (524, 147, 28)
[10:35:08][INFO] Registered tree at (532, 150, 8)
[10:35:08][INFO] Registered tree at (516, 150, 20)
[10:35:08][INFO] Registered tree at (516, 150, 20)
[10:35:08][INFO] Registered tree at (520, 151, 12)
[10:35:08][INFO] Registered tree at (516, 150, 20)
[10:35:08][INFO] Registered tree at (520, 151, 12)
[10:35:08][INFO] Registered tree at (524, 147, 28)
[10:35:08][INFO] Registered tree at (516, 150, 20)
[10:35:08][INFO] Registered tree at (520, 151, 12)
[10:35:08][INFO] Registered tree at (524, 147, 28)
[10:35:08][INFO] Registered tree at (532, 150, 8)
[10:35:08][INFO] Registered tree at (548, 149, 28)
[10:35:08][INFO] Registered tree at (548, 149, 28)
[10:35:08][INFO] Registered tree at (552, 149, 28)
[10:35:08][INFO] Registered tree at (548, 149, 28)
[10:35:08][INFO] Registered tree at (552, 149, 28)
[10:35:08][INFO] Registered tree at (564, 147, 4)
[10:35:08][INFO] Registered tree at (548, 149, 28)
[10:35:08][INFO] Registered tree at (548, 149, 28)
[10:35:08][INFO] Registered tree at (552, 149, 28)
[10:35:08][INFO] Registered tree at (548, 149, 28)
[10:35:08][INFO] Registered tree at (552, 149, 28)
[10:35:08][INFO] Registered tree at (564, 147, 4)
[10:35:08][INFO] Registered tree at (484, 148, 12)
[10:35:08][INFO] Registered tree at (484, 148, 12)
[10:35:08][INFO] Registered tree at (492, 149, 12)
[10:35:08][INFO] Registered tree at (484, 148, 12)
[10:35:08][INFO] Registered tree at (484, 148, 12)
[10:35:08][INFO] Registered tree at (492, 149, 12)
[10:35:08][INFO] Registered tree at (516, 150, 20)
[10:35:08][INFO] Registered tree at (516, 150, 20)
[10:35:08][INFO] Registered tree at (520, 151, 12)
[10:35:08][INFO] Registered tree at (516, 150, 20)
[10:35:08][INFO] Registered tree at (520, 151, 12)
[10:35:08][INFO] Registered tree at (524, 147, 28)
[10:35:08][INFO] Registered tree at (516, 150, 20)
[10:35:08][INFO] Registered tree at (520, 151, 12)
[10:35:08][INFO] Registered tree at (524, 147, 28)
[10:35:08][INFO] Registered tree at (532, 150, 8)
[10:35:08][INFO] Registered tree at (516, 150, 20)
[10:35:08][INFO] Registered tree at (516, 150, 20)
[10:35:08][INFO] Registered tree at (520, 151, 12)
[10:35:08][INFO] Registered tree at (516, 150, 20)
[10:35:08][INFO] Registered tree at (520, 151, 12)
[10:35:08][INFO] Registered tree at (524, 147, 28)
[10:35:08][INFO] Registered tree at (516, 150, 20)
[10:35:08][INFO] Registered tree at (520, 151, 12)
[10:35:08][INFO] Registered tree at (524, 147, 28)
[10:35:08][INFO] Registered tree at (532, 150, 8)
[10:35:08][INFO] Registered tree at (548, 149, 28)
[10:35:08][INFO] Registered tree at (548, 149, 28)
[10:35:08][INFO] Registered tree at (552, 149, 28)
[10:35:08][INFO] Registered tree at (548, 149, 28)
[10:35:08][INFO] Registered tree at (552, 149, 28)
[10:35:08][INFO] Registered tree at (564, 147, 4)
[10:35:08][INFO] Registered tree at (548, 149, 28)
[10:35:08][INFO] Registered tree at (548, 149, 28)
[10:35:08][INFO] Registered tree at (552, 149, 28)
[10:35:08][INFO] Registered tree at (548, 149, 28)
[10:35:08][INFO] Registered tree at (552, 149, 28)
[10:35:08][INFO] Registered tree at (564, 147, 4)
[10:35:08][INFO] Registered tree at (484, 148, 12)
[10:35:08][INFO] Registered tree at (484, 148, 12)
[10:35:08][INFO] Registered tree at (492, 149, 12)
[10:35:08][INFO] Registered tree at (484, 148, 12)
[10:35:08][INFO] Registered tree at (484, 148, 12)
[10:35:08][INFO] Registered tree at (492, 149, 12)
[10:35:08][INFO] Registered tree at (516, 150, 20)
[10:35:08][INFO] Registered tree at (516, 150, 20)
[10:35:08][INFO] Registered tree at (520, 151, 12)
[10:35:08][INFO] Registered tree at (516, 150, 20)
[10:35:08][INFO] Registered tree at (520, 151, 12)
[10:35:08][INFO] Registered tree at (524, 147, 28)
[10:35:08][INFO] Registered tree at (516, 150, 20)
[10:35:08][INFO] Registered tree at (520, 151, 12)
[10:35:08][INFO] Registered tree at (524, 147, 28)
[10:35:08][INFO] Registered tree at (532, 150, 8)
[10:35:08][INFO] Registered tree at (516, 150, 20)
[10:35:08][INFO] Registered tree at (516, 150, 20)
[10:35:08][INFO] Registered tree at (520, 151, 12)
[10:35:08][INFO] Registered tree at (516, 150, 20)
[10:35:08][INFO] Registered tree at (520, 151, 12)
[10:35:08][INFO] Registered tree at (524, 147, 28)
[10:35:08][INFO] Registered tree at (516, 150, 20)
[10:35:08][INFO] Registered tree at (520, 151, 12)
[10:35:08][INFO] Registered tree at (524, 147, 28)
[10:35:08][INFO] Registered tree at (532, 150, 8)
[10:35:08][INFO] Registered tree at (548, 149, 28)
[10:35:08][INFO] Registered tree at (548, 149, 28)
[10:35:08][INFO] Registered tree at (552, 149, 28)
[10:35:08][INFO] Registered tree at (548, 149, 28)
[10:35:08][INFO] Registered tree at (552, 149, 28)
[10:35:08][INFO] Registered tree at (564, 147, 4)
[10:35:08][INFO] Registered tree at (548, 149, 28)
[10:35:08][INFO] Registered tree at (548, 149, 28)
[10:35:08][INFO] Registered tree at (552, 149, 28)
[10:35:08][INFO] Registered tree at (548, 149, 28)
[10:35:08][INFO] Registered tree at (552, 149, 28)
[10:35:08][INFO] Registered tree at (564, 147, 4)
[10:35:21][WARN] MoveReq: type guard failed
[10:35:24][WARN] MoveReq: type guard failed
[10:35:25][WARN] MoveReq: type guard failed
[10:36:21][INFO] Registered tree at (576, 152, -48)
[10:36:21][INFO] Registered tree at (576, 152, -48)
[10:36:21][INFO] Registered tree at (580, 151, -60)
[10:36:21][INFO] Registered tree at (576, 152, -48)
[10:36:21][INFO] Registered tree at (580, 151, -60)
[10:36:21][INFO] Registered tree at (592, 150, -48)
[10:36:21][INFO] Registered tree at (576, 152, -48)
[10:36:21][INFO] Registered tree at (580, 151, -60)
[10:36:21][INFO] Registered tree at (592, 150, -48)
[10:36:21][INFO] Registered tree at (600, 146, -40)
[10:36:21][INFO] Registered tree at (576, 150, -16)
[10:36:21][INFO] Registered tree at (576, 150, -16)
[10:36:21][INFO] Registered tree at (580, 147, -4)
[10:36:21][INFO] Registered tree at (576, 150, -16)
[10:36:21][INFO] Registered tree at (580, 147, -4)
[10:36:21][INFO] Registered tree at (584, 149, -20)
[10:36:21][INFO] Registered tree at (584, 149, -80)
[10:36:21][INFO] Registered tree at (576, 152, -48)
[10:36:21][INFO] Registered tree at (576, 152, -48)
[10:36:21][INFO] Registered tree at (580, 151, -60)
[10:36:21][INFO] Registered tree at (576, 152, -48)
[10:36:21][INFO] Registered tree at (580, 151, -60)
[10:36:21][INFO] Registered tree at (592, 150, -48)
[10:36:21][INFO] Registered tree at (576, 152, -48)
[10:36:21][INFO] Registered tree at (580, 151, -60)
[10:36:21][INFO] Registered tree at (592, 150, -48)
[10:36:21][INFO] Registered tree at (600, 146, -40)
[10:36:21][INFO] Registered tree at (588, 150, 20)
[10:36:21][INFO] Registered tree at (588, 150, 20)
[10:36:21][INFO] Registered tree at (588, 152, 28)
[10:36:21][INFO] Registered tree at (576, 152, -48)
[10:36:21][INFO] Registered tree at (576, 152, -48)
[10:36:21][INFO] Registered tree at (580, 151, -60)
[10:36:21][INFO] Registered tree at (576, 152, -48)
[10:36:21][INFO] Registered tree at (580, 151, -60)
[10:36:21][INFO] Registered tree at (592, 150, -48)
[10:36:21][INFO] Registered tree at (576, 152, -48)
[10:36:21][INFO] Registered tree at (580, 151, -60)
[10:36:21][INFO] Registered tree at (592, 150, -48)
[10:36:21][INFO] Registered tree at (600, 146, -40)
[10:36:21][INFO] Registered tree at (580, 140, -124)
[10:36:21][INFO] Registered tree at (580, 140, -124)
[10:36:21][INFO] Registered tree at (596, 143, -124)
[10:36:21][INFO] Registered tree at (576, 150, -16)
[10:36:21][INFO] Registered tree at (576, 150, -16)
[10:36:21][INFO] Registered tree at (580, 147, -4)
[10:36:21][INFO] Registered tree at (576, 150, -16)
[10:36:21][INFO] Registered tree at (580, 147, -4)
[10:36:21][INFO] Registered tree at (584, 149, -20)
[10:36:21][INFO] Registered tree at (584, 149, -80)
[10:36:21][INFO] Registered tree at (584, 149, -80)
[10:36:21][INFO] Registered tree at (576, 150, -16)
[10:36:21][INFO] Registered tree at (576, 150, -16)
[10:36:21][INFO] Registered tree at (580, 147, -4)
[10:36:21][INFO] Registered tree at (576, 150, -16)
[10:36:21][INFO] Registered tree at (580, 147, -4)
[10:36:21][INFO] Registered tree at (584, 149, -20)
[10:36:21][INFO] Registered tree at (588, 150, 20)
[10:36:21][INFO] Registered tree at (588, 150, 20)
[10:36:21][INFO] Registered tree at (588, 152, 28)
[10:36:21][INFO] Registered tree at (580, 140, -124)
[10:36:21][INFO] Registered tree at (580, 140, -124)
[10:36:21][INFO] Registered tree at (596, 143, -124)
[10:36:21][INFO] Registered tree at (580, 140, -124)
[10:36:21][INFO] Registered tree at (580, 140, -124)
[10:36:21][INFO] Registered tree at (596, 143, -124)
[10:36:21][INFO] Registered tree at (588, 150, 20)
[10:36:21][INFO] Registered tree at (588, 150, 20)
[10:36:21][INFO] Registered tree at (588, 152, 28)
[10:36:21][INFO] Registered tree at (576, 152, -48)
[10:36:21][INFO] Registered tree at (576, 152, -48)
[10:36:21][INFO] Registered tree at (580, 151, -60)
[10:36:21][INFO] Registered tree at (576, 152, -48)
[10:36:21][INFO] Registered tree at (580, 151, -60)
[10:36:21][INFO] Registered tree at (592, 150, -48)
[10:36:21][INFO] Registered tree at (576, 152, -48)
[10:36:21][INFO] Registered tree at (580, 151, -60)
[10:36:21][INFO] Registered tree at (592, 150, -48)
[10:36:21][INFO] Registered tree at (600, 146, -40)
[10:36:21][INFO] Registered tree at (576, 152, -48)
[10:36:21][INFO] Registered tree at (576, 152, -48)
[10:36:21][INFO] Registered tree at (580, 151, -60)
[10:36:21][INFO] Registered tree at (576, 152, -48)
[10:36:21][INFO] Registered tree at (580, 151, -60)
[10:36:21][INFO] Registered tree at (592, 150, -48)
[10:36:21][INFO] Registered tree at (576, 152, -48)
[10:36:21][INFO] Registered tree at (580, 151, -60)
[10:36:21][INFO] Registered tree at (592, 150, -48)
[10:36:21][INFO] Registered tree at (600, 146, -40)
[10:36:21][INFO] Registered tree at (584, 149, -80)
[10:36:21][INFO] Registered tree at (576, 150, -16)
[10:36:21][INFO] Registered tree at (576, 150, -16)
[10:36:21][INFO] Registered tree at (580, 147, -4)
[10:36:21][INFO] Registered tree at (576, 150, -16)
[10:36:21][INFO] Registered tree at (580, 147, -4)
[10:36:21][INFO] Registered tree at (584, 149, -20)
[10:36:21][INFO] Registered tree at (584, 149, -80)
[10:36:21][INFO] Registered tree at (576, 150, -16)
[10:36:21][INFO] Registered tree at (576, 150, -16)
[10:36:21][INFO] Registered tree at (580, 147, -4)
[10:36:21][INFO] Registered tree at (576, 150, -16)
[10:36:21][INFO] Registered tree at (580, 147, -4)
[10:36:21][INFO] Registered tree at (584, 149, -20)
[10:36:21][INFO] Registered tree at (588, 150, 20)
[10:36:21][INFO] Registered tree at (588, 150, 20)
[10:36:21][INFO] Registered tree at (588, 152, 28)
[10:36:21][INFO] Registered tree at (580, 140, -124)
[10:36:21][INFO] Registered tree at (580, 140, -124)
[10:36:21][INFO] Registered tree at (596, 143, -124)
[10:36:21][INFO] Registered tree at (588, 150, 20)
[10:36:21][INFO] Registered tree at (588, 150, 20)
[10:36:21][INFO] Registered tree at (588, 152, 28)
[10:36:21][INFO] Registered tree at (580, 140, -124)
[10:36:21][INFO] Registered tree at (580, 140, -124)
[10:36:21][INFO] Registered tree at (596, 143, -124)
[10:36:21][INFO] Registered tree at (576, 152, -48)
[10:36:21][INFO] Registered tree at (576, 152, -48)
[10:36:21][INFO] Registered tree at (580, 151, -60)
[10:36:21][INFO] Registered tree at (576, 152, -48)
[10:36:21][INFO] Registered tree at (580, 151, -60)
[10:36:21][INFO] Registered tree at (592, 150, -48)
[10:36:21][INFO] Registered tree at (576, 152, -48)
[10:36:21][INFO] Registered tree at (580, 151, -60)
[10:36:21][INFO] Registered tree at (592, 150, -48)
[10:36:21][INFO] Registered tree at (600, 146, -40)
[10:36:21][INFO] Registered tree at (576, 152, -48)
[10:36:21][INFO] Registered tree at (576, 152, -48)
[10:36:21][INFO] Registered tree at (580, 151, -60)
[10:36:21][INFO] Registered tree at (576, 152, -48)
[10:36:21][INFO] Registered tree at (580, 151, -60)
[10:36:21][INFO] Registered tree at (592, 150, -48)
[10:36:21][INFO] Registered tree at (576, 152, -48)
[10:36:21][INFO] Registered tree at (580, 151, -60)
[10:36:21][INFO] Registered tree at (592, 150, -48)
[10:36:21][INFO] Registered tree at (600, 146, -40)
[10:36:21][INFO] Registered tree at (576, 150, -16)
[10:36:21][INFO] Registered tree at (576, 150, -16)
[10:36:21][INFO] Registered tree at (580, 147, -4)
[10:36:21][INFO] Registered tree at (576, 150, -16)
[10:36:21][INFO] Registered tree at (580, 147, -4)
[10:36:21][INFO] Registered tree at (584, 149, -20)
[10:36:21][INFO] Registered tree at (584, 149, -80)
[10:36:21][INFO] Registered tree at (584, 149, -80)
[10:36:21][INFO] Registered tree at (576, 150, -16)
[10:36:21][INFO] Registered tree at (576, 150, -16)
[10:36:21][INFO] Registered tree at (580, 147, -4)
[10:36:21][INFO] Registered tree at (576, 150, -16)
[10:36:21][INFO] Registered tree at (580, 147, -4)
[10:36:21][INFO] Registered tree at (584, 149, -20)
[10:36:21][INFO] Registered tree at (580, 140, -124)
[10:36:21][INFO] Registered tree at (580, 140, -124)
[10:36:21][INFO] Registered tree at (596, 143, -124)
[10:36:21][INFO] Registered tree at (588, 150, 20)
[10:36:21][INFO] Registered tree at (588, 150, 20)
[10:36:21][INFO] Registered tree at (588, 152, 28)
[10:36:21][INFO] Registered tree at (580, 140, -124)
[10:36:21][INFO] Registered tree at (580, 140, -124)
[10:36:21][INFO] Registered tree at (596, 143, -124)
[10:36:21][INFO] Registered tree at (588, 150, 20)
[10:36:21][INFO] Registered tree at (588, 150, 20)
[10:36:21][INFO] Registered tree at (588, 152, 28)
[10:36:21][INFO] Registered tree at (576, 152, -48)
[10:36:21][INFO] Registered tree at (576, 152, -48)
[10:36:21][INFO] Registered tree at (580, 151, -60)
[10:36:21][INFO] Registered tree at (576, 152, -48)
[10:36:21][INFO] Registered tree at (580, 151, -60)
[10:36:21][INFO] Registered tree at (592, 150, -48)
[10:36:21][INFO] Registered tree at (576, 152, -48)
[10:36:21][INFO] Registered tree at (580, 151, -60)
[10:36:21][INFO] Registered tree at (592, 150, -48)
[10:36:21][INFO] Registered tree at (600, 146, -40)
[10:36:21][INFO] Registered tree at (576, 152, -48)
[10:36:21][INFO] Registered tree at (576, 152, -48)
[10:36:21][INFO] Registered tree at (580, 151, -60)
[10:36:21][INFO] Registered tree at (576, 152, -48)
[10:36:21][INFO] Registered tree at (580, 151, -60)
[10:36:21][INFO] Registered tree at (592, 150, -48)
[10:36:21][INFO] Registered tree at (576, 152, -48)
[10:36:21][INFO] Registered tree at (580, 151, -60)
[10:36:21][INFO] Registered tree at (592, 150, -48)
[10:36:21][INFO] Registered tree at (600, 146, -40)
[10:36:21][INFO] Registered tree at (584, 149, -80)
[10:36:21][INFO] Registered tree at (576, 150, -16)
[10:36:21][INFO] Registered tree at (576, 150, -16)
[10:36:21][INFO] Registered tree at (580, 147, -4)
[10:36:21][INFO] Registered tree at (576, 150, -16)
[10:36:21][INFO] Registered tree at (580, 147, -4)
[10:36:21][INFO] Registered tree at (584, 149, -20)
[10:36:21][INFO] Registered tree at (576, 150, -16)
[10:36:21][INFO] Registered tree at (576, 150, -16)
[10:36:21][INFO] Registered tree at (580, 147, -4)
[10:36:21][INFO] Registered tree at (576, 150, -16)
[10:36:21][INFO] Registered tree at (580, 147, -4)
[10:36:21][INFO] Registered tree at (584, 149, -20)
[10:36:21][INFO] Registered tree at (584, 149, -80)
[10:36:21][INFO] Registered tree at (580, 140, -124)
[10:36:21][INFO] Registered tree at (580, 140, -124)
[10:36:21][INFO] Registered tree at (596, 143, -124)
[10:36:21][INFO] Registered tree at (580, 140, -124)
[10:36:21][INFO] Registered tree at (580, 140, -124)
[10:36:21][INFO] Registered tree at (596, 143, -124)
[10:36:21][INFO] Registered tree at (588, 150, 20)
[10:36:21][INFO] Registered tree at (588, 150, 20)
[10:36:21][INFO] Registered tree at (588, 152, 28)
[10:36:21][INFO] Registered tree at (588, 150, 20)
[10:36:21][INFO] Registered tree at (588, 150, 20)
[10:36:21][INFO] Registered tree at (588, 152, 28)
[10:36:26][INFO] Registered tree at (580, 136, -156)
[10:36:26][INFO] Registered tree at (580, 136, -156)
[10:36:26][INFO] Registered tree at (580, 139, -132)
[10:36:26][INFO] Registered tree at (580, 136, -156)
[10:36:26][INFO] Registered tree at (580, 139, -132)
[10:36:26][INFO] Registered tree at (588, 141, -140)
[10:36:26][INFO] Registered tree at (580, 136, -156)
[10:36:26][INFO] Registered tree at (580, 136, -156)
[10:36:26][INFO] Registered tree at (580, 139, -132)
[10:36:26][INFO] Registered tree at (580, 136, -156)
[10:36:26][INFO] Registered tree at (580, 139, -132)
[10:36:26][INFO] Registered tree at (588, 141, -140)
[10:36:26][INFO] Registered tree at (580, 136, -156)
[10:36:26][INFO] Registered tree at (580, 136, -156)
[10:36:26][INFO] Registered tree at (580, 139, -132)
[10:36:26][INFO] Registered tree at (580, 136, -156)
[10:36:26][INFO] Registered tree at (580, 139, -132)
[10:36:26][INFO] Registered tree at (588, 141, -140)
[10:36:26][INFO] Registered tree at (580, 136, -156)
[10:36:26][INFO] Registered tree at (580, 136, -156)
[10:36:26][INFO] Registered tree at (580, 139, -132)
[10:36:26][INFO] Registered tree at (580, 136, -156)
[10:36:26][INFO] Registered tree at (580, 139, -132)
[10:36:26][INFO] Registered tree at (588, 141, -140)
[10:36:26][INFO] Registered tree at (580, 136, -156)
[10:36:26][INFO] Registered tree at (580, 136, -156)
[10:36:26][INFO] Registered tree at (580, 139, -132)
[10:36:26][INFO] Registered tree at (580, 136, -156)
[10:36:26][INFO] Registered tree at (580, 139, -132)
[10:36:26][INFO] Registered tree at (588, 141, -140)
[10:36:26][INFO] Registered tree at (580, 136, -156)
[10:36:26][INFO] Registered tree at (580, 136, -156)
[10:36:26][INFO] Registered tree at (580, 139, -132)
[10:36:26][INFO] Registered tree at (580, 136, -156)
[10:36:26][INFO] Registered tree at (580, 139, -132)
[10:36:26][INFO] Registered tree at (588, 141, -140)
[10:36:26][INFO] Registered tree at (580, 136, -156)
[10:36:26][INFO] Registered tree at (580, 136, -156)
[10:36:26][INFO] Registered tree at (580, 139, -132)
[10:36:26][INFO] Registered tree at (580, 136, -156)
[10:36:26][INFO] Registered tree at (580, 139, -132)
[10:36:26][INFO] Registered tree at (588, 141, -140)
[10:36:26][INFO] Registered tree at (580, 136, -156)
[10:36:26][INFO] Registered tree at (580, 136, -156)
[10:36:26][INFO] Registered tree at (580, 139, -132)
[10:36:26][INFO] Registered tree at (580, 136, -156)
[10:36:26][INFO] Registered tree at (580, 139, -132)
[10:36:26][INFO] Registered tree at (588, 141, -140)
[10:36:26][INFO] Registered tree at (580, 136, -156)
[10:36:26][INFO] Registered tree at (580, 136, -156)
[10:36:26][INFO] Registered tree at (580, 139, -132)
[10:36:26][INFO] Registered tree at (580, 136, -156)
[10:36:26][INFO] Registered tree at (580, 139, -132)
[10:36:26][INFO] Registered tree at (588, 141, -140)
[10:36:26][INFO] Registered tree at (612, 149, -88)
[10:36:26][INFO] Registered tree at (612, 149, -88)
[10:36:26][INFO] Registered tree at (612, 151, -76)
[10:36:26][INFO] Registered tree at (612, 149, -88)
[10:36:26][INFO] Registered tree at (612, 151, -76)
[10:36:26][INFO] Registered tree at (616, 148, -92)
[10:36:26][INFO] Registered tree at (612, 149, -88)
[10:36:26][INFO] Registered tree at (612, 151, -76)
[10:36:26][INFO] Registered tree at (616, 148, -92)
[10:36:26][INFO] Registered tree at (620, 147, -88)
[10:36:26][INFO] Registered tree at (612, 149, -88)
[10:36:26][INFO] Registered tree at (612, 151, -76)
[10:36:26][INFO] Registered tree at (616, 148, -92)
[10:36:26][INFO] Registered tree at (620, 147, -88)
[10:36:26][INFO] Registered tree at (628, 147, -84)
[10:36:26][INFO] Registered tree at (616, 143, -44)
[10:36:26][INFO] Registered tree at (616, 143, -44)
[10:36:26][INFO] Registered tree at (628, 148, -52)
[10:36:26][INFO] Registered tree at (616, 143, -44)
[10:36:26][INFO] Registered tree at (628, 148, -52)
[10:36:26][INFO] Registered tree at (632, 147, -48)
[10:36:26][INFO] Registered tree at (608, 152, -108)
[10:36:26][INFO] Registered tree at (608, 152, -108)
[10:36:26][INFO] Registered tree at (616, 150, -100)
[10:36:26][INFO] Registered tree at (608, 152, -108)
[10:36:26][INFO] Registered tree at (616, 150, -100)
[10:36:26][INFO] Registered tree at (620, 150, -128)
[10:36:26][INFO] Registered tree at (608, 152, -108)
[10:36:26][INFO] Registered tree at (616, 150, -100)
[10:36:26][INFO] Registered tree at (620, 150, -128)
[10:36:26][INFO] Registered tree at (628, 146, -116)
[10:36:26][INFO] Registered tree at (612, 149, -88)
[10:36:26][INFO] Registered tree at (612, 149, -88)
[10:36:26][INFO] Registered tree at (612, 151, -76)
[10:36:26][INFO] Registered tree at (612, 149, -88)
[10:36:26][INFO] Registered tree at (612, 151, -76)
[10:36:26][INFO] Registered tree at (616, 148, -92)
[10:36:26][INFO] Registered tree at (612, 149, -88)
[10:36:26][INFO] Registered tree at (612, 151, -76)
[10:36:26][INFO] Registered tree at (616, 148, -92)
[10:36:26][INFO] Registered tree at (620, 147, -88)
[10:36:26][INFO] Registered tree at (612, 149, -88)
[10:36:26][INFO] Registered tree at (612, 151, -76)
[10:36:26][INFO] Registered tree at (616, 148, -92)
[10:36:26][INFO] Registered tree at (620, 147, -88)
[10:36:26][INFO] Registered tree at (628, 147, -84)
[10:36:26][INFO] Registered tree at (608, 136, -4)
[10:36:26][INFO] Registered tree at (608, 136, -4)
[10:36:26][INFO] Registered tree at (624, 140, -32)
[10:36:26][INFO] Registered tree at (612, 149, -88)
[10:36:26][INFO] Registered tree at (612, 149, -88)
[10:36:26][INFO] Registered tree at (612, 151, -76)
[10:36:26][INFO] Registered tree at (612, 149, -88)
[10:36:26][INFO] Registered tree at (612, 151, -76)
[10:36:26][INFO] Registered tree at (616, 148, -92)
[10:36:26][INFO] Registered tree at (612, 149, -88)
[10:36:26][INFO] Registered tree at (612, 151, -76)
[10:36:26][INFO] Registered tree at (616, 148, -92)
[10:36:26][INFO] Registered tree at (620, 147, -88)
[10:36:26][INFO] Registered tree at (612, 149, -88)
[10:36:26][INFO] Registered tree at (612, 151, -76)
[10:36:26][INFO] Registered tree at (616, 148, -92)
[10:36:26][INFO] Registered tree at (620, 147, -88)
[10:36:26][INFO] Registered tree at (628, 147, -84)
[10:36:26][INFO] Registered tree at (612, 149, -148)
[10:36:26][INFO] Registered tree at (612, 149, -148)
[10:36:26][INFO] Registered tree at (612, 148, -144)
[10:36:26][INFO] Registered tree at (612, 149, -148)
[10:36:26][INFO] Registered tree at (612, 148, -144)
[10:36:26][INFO] Registered tree at (620, 150, -156)
[10:36:26][INFO] Registered tree at (612, 149, -148)
[10:36:26][INFO] Registered tree at (612, 148, -144)
[10:36:26][INFO] Registered tree at (620, 150, -156)
[10:36:26][INFO] Registered tree at (620, 147, -140)
[10:36:26][INFO] Registered tree at (612, 149, -148)
[10:36:26][INFO] Registered tree at (612, 148, -144)
[10:36:26][INFO] Registered tree at (620, 150, -156)
[10:36:26][INFO] Registered tree at (620, 147, -140)
[10:36:26][INFO] Registered tree at (624, 147, -148)
[10:36:26][INFO] Registered tree at (612, 149, -148)
[10:36:26][INFO] Registered tree at (612, 148, -144)
[10:36:26][INFO] Registered tree at (620, 150, -156)
[10:36:26][INFO] Registered tree at (620, 147, -140)
[10:36:26][INFO] Registered tree at (624, 147, -148)
[10:36:26][INFO] Registered tree at (636, 146, -156)
[10:36:26][INFO] Registered tree at (616, 143, -44)
[10:36:26][INFO] Registered tree at (616, 143, -44)
[10:36:26][INFO] Registered tree at (628, 148, -52)
[10:36:26][INFO] Registered tree at (616, 143, -44)
[10:36:26][INFO] Registered tree at (628, 148, -52)
[10:36:26][INFO] Registered tree at (632, 147, -48)
[10:36:26][INFO] Registered tree at (608, 152, -108)
[10:36:26][INFO] Registered tree at (608, 152, -108)
[10:36:26][INFO] Registered tree at (616, 150, -100)
[10:36:26][INFO] Registered tree at (608, 152, -108)
[10:36:26][INFO] Registered tree at (616, 150, -100)
[10:36:26][INFO] Registered tree at (620, 150, -128)
[10:36:26][INFO] Registered tree at (608, 152, -108)
[10:36:26][INFO] Registered tree at (616, 150, -100)
[10:36:26][INFO] Registered tree at (620, 150, -128)
[10:36:26][INFO] Registered tree at (628, 146, -116)
[10:36:26][INFO] Registered tree at (608, 152, -108)
[10:36:26][INFO] Registered tree at (608, 152, -108)
[10:36:26][INFO] Registered tree at (616, 150, -100)
[10:36:26][INFO] Registered tree at (608, 152, -108)
[10:36:26][INFO] Registered tree at (616, 150, -100)
[10:36:26][INFO] Registered tree at (620, 150, -128)
[10:36:26][INFO] Registered tree at (608, 152, -108)
[10:36:26][INFO] Registered tree at (616, 150, -100)
[10:36:26][INFO] Registered tree at (620, 150, -128)
[10:36:26][INFO] Registered tree at (628, 146, -116)
[10:36:26][INFO] Registered tree at (616, 143, -44)
[10:36:26][INFO] Registered tree at (616, 143, -44)
[10:36:26][INFO] Registered tree at (628, 148, -52)
[10:36:26][INFO] Registered tree at (616, 143, -44)
[10:36:26][INFO] Registered tree at (628, 148, -52)
[10:36:26][INFO] Registered tree at (632, 147, -48)
[10:36:26][INFO] Registered tree at (608, 136, -4)
[10:36:26][INFO] Registered tree at (608, 136, -4)
[10:36:26][INFO] Registered tree at (624, 140, -32)
[10:36:26][INFO] Registered tree at (612, 149, -148)
[10:36:26][INFO] Registered tree at (612, 149, -148)
[10:36:26][INFO] Registered tree at (612, 148, -144)
[10:36:26][INFO] Registered tree at (612, 149, -148)
[10:36:26][INFO] Registered tree at (612, 148, -144)
[10:36:26][INFO] Registered tree at (620, 150, -156)
[10:36:26][INFO] Registered tree at (612, 149, -148)
[10:36:26][INFO] Registered tree at (612, 148, -144)
[10:36:26][INFO] Registered tree at (620, 150, -156)
[10:36:26][INFO] Registered tree at (620, 147, -140)
[10:36:26][INFO] Registered tree at (612, 149, -148)
[10:36:26][INFO] Registered tree at (612, 148, -144)
[10:36:26][INFO] Registered tree at (620, 150, -156)
[10:36:26][INFO] Registered tree at (620, 147, -140)
[10:36:26][INFO] Registered tree at (624, 147, -148)
[10:36:26][INFO] Registered tree at (612, 149, -148)
[10:36:26][INFO] Registered tree at (612, 148, -144)
[10:36:26][INFO] Registered tree at (620, 150, -156)
[10:36:26][INFO] Registered tree at (620, 147, -140)
[10:36:26][INFO] Registered tree at (624, 147, -148)
[10:36:26][INFO] Registered tree at (636, 146, -156)
[10:36:26][INFO] Registered tree at (612, 149, -148)
[10:36:26][INFO] Registered tree at (612, 149, -148)
[10:36:26][INFO] Registered tree at (612, 148, -144)
[10:36:26][INFO] Registered tree at (612, 149, -148)
[10:36:26][INFO] Registered tree at (612, 148, -144)
[10:36:26][INFO] Registered tree at (620, 150, -156)
[10:36:26][INFO] Registered tree at (612, 149, -148)
[10:36:26][INFO] Registered tree at (612, 148, -144)
[10:36:26][INFO] Registered tree at (620, 150, -156)
[10:36:26][INFO] Registered tree at (620, 147, -140)
[10:36:26][INFO] Registered tree at (612, 149, -148)
[10:36:26][INFO] Registered tree at (612, 148, -144)
[10:36:26][INFO] Registered tree at (620, 150, -156)
[10:36:26][INFO] Registered tree at (620, 147, -140)
[10:36:26][INFO] Registered tree at (624, 147, -148)
[10:36:26][INFO] Registered tree at (612, 149, -148)
[10:36:26][INFO] Registered tree at (612, 148, -144)
[10:36:26][INFO] Registered tree at (620, 150, -156)
[10:36:26][INFO] Registered tree at (620, 147, -140)
[10:36:26][INFO] Registered tree at (624, 147, -148)
[10:36:26][INFO] Registered tree at (636, 146, -156)
[10:36:26][INFO] Registered tree at (608, 136, -4)
[10:36:26][INFO] Registered tree at (608, 136, -4)
[10:36:26][INFO] Registered tree at (624, 140, -32)
[10:36:26][INFO] Registered tree at (612, 149, -88)
[10:36:26][INFO] Registered tree at (612, 149, -88)
[10:36:26][INFO] Registered tree at (612, 151, -76)
[10:36:26][INFO] Registered tree at (612, 149, -88)
[10:36:26][INFO] Registered tree at (612, 151, -76)
[10:36:26][INFO] Registered tree at (616, 148, -92)
[10:36:26][INFO] Registered tree at (612, 149, -88)
[10:36:26][INFO] Registered tree at (612, 151, -76)
[10:36:26][INFO] Registered tree at (616, 148, -92)
[10:36:26][INFO] Registered tree at (620, 147, -88)
[10:36:26][INFO] Registered tree at (612, 149, -88)
[10:36:26][INFO] Registered tree at (612, 151, -76)
[10:36:26][INFO] Registered tree at (616, 148, -92)
[10:36:26][INFO] Registered tree at (620, 147, -88)
[10:36:26][INFO] Registered tree at (628, 147, -84)
[10:36:26][INFO] Registered tree at (612, 149, -88)
[10:36:26][INFO] Registered tree at (612, 149, -88)
[10:36:26][INFO] Registered tree at (612, 151, -76)
[10:36:26][INFO] Registered tree at (612, 149, -88)
[10:36:26][INFO] Registered tree at (612, 151, -76)
[10:36:26][INFO] Registered tree at (616, 148, -92)
[10:36:26][INFO] Registered tree at (612, 149, -88)
[10:36:26][INFO] Registered tree at (612, 151, -76)
[10:36:26][INFO] Registered tree at (616, 148, -92)
[10:36:26][INFO] Registered tree at (620, 147, -88)
[10:36:26][INFO] Registered tree at (612, 149, -88)
[10:36:26][INFO] Registered tree at (612, 151, -76)
[10:36:26][INFO] Registered tree at (616, 148, -92)
[10:36:26][INFO] Registered tree at (620, 147, -88)
[10:36:26][INFO] Registered tree at (628, 147, -84)
[10:36:26][INFO] Registered tree at (608, 152, -108)
[10:36:26][INFO] Registered tree at (608, 152, -108)
[10:36:26][INFO] Registered tree at (616, 150, -100)
[10:36:26][INFO] Registered tree at (608, 152, -108)
[10:36:26][INFO] Registered tree at (616, 150, -100)
[10:36:26][INFO] Registered tree at (620, 150, -128)
[10:36:26][INFO] Registered tree at (608, 152, -108)
[10:36:26][INFO] Registered tree at (616, 150, -100)
[10:36:26][INFO] Registered tree at (620, 150, -128)
[10:36:26][INFO] Registered tree at (628, 146, -116)
[10:36:26][INFO] Registered tree at (616, 143, -44)
[10:36:26][INFO] Registered tree at (616, 143, -44)
[10:36:26][INFO] Registered tree at (628, 148, -52)
[10:36:26][INFO] Registered tree at (616, 143, -44)
[10:36:26][INFO] Registered tree at (628, 148, -52)
[10:36:26][INFO] Registered tree at (632, 147, -48)
[10:36:26][INFO] Registered tree at (608, 152, -108)
[10:36:26][INFO] Registered tree at (608, 152, -108)
[10:36:26][INFO] Registered tree at (616, 150, -100)
[10:36:26][INFO] Registered tree at (608, 152, -108)
[10:36:26][INFO] Registered tree at (616, 150, -100)
[10:36:26][INFO] Registered tree at (620, 150, -128)
[10:36:26][INFO] Registered tree at (608, 152, -108)
[10:36:26][INFO] Registered tree at (616, 150, -100)
[10:36:26][INFO] Registered tree at (620, 150, -128)
[10:36:26][INFO] Registered tree at (628, 146, -116)
[10:36:26][INFO] Registered tree at (616, 143, -44)
[10:36:26][INFO] Registered tree at (616, 143, -44)
[10:36:26][INFO] Registered tree at (628, 148, -52)
[10:36:26][INFO] Registered tree at (616, 143, -44)
[10:36:26][INFO] Registered tree at (628, 148, -52)
[10:36:26][INFO] Registered tree at (632, 147, -48)
[10:36:26][INFO] Registered tree at (608, 136, -4)
[10:36:26][INFO] Registered tree at (608, 136, -4)
[10:36:26][INFO] Registered tree at (624, 140, -32)
[10:36:26][INFO] Registered tree at (612, 149, -148)
[10:36:26][INFO] Registered tree at (612, 149, -148)
[10:36:26][INFO] Registered tree at (612, 148, -144)
[10:36:26][INFO] Registered tree at (612, 149, -148)
[10:36:26][INFO] Registered tree at (612, 148, -144)
[10:36:26][INFO] Registered tree at (620, 150, -156)
[10:36:26][INFO] Registered tree at (612, 149, -148)
[10:36:26][INFO] Registered tree at (612, 148, -144)
[10:36:26][INFO] Registered tree at (620, 150, -156)
[10:36:26][INFO] Registered tree at (620, 147, -140)
[10:36:26][INFO] Registered tree at (612, 149, -148)
[10:36:26][INFO] Registered tree at (612, 148, -144)
[10:36:26][INFO] Registered tree at (620, 150, -156)
[10:36:26][INFO] Registered tree at (620, 147, -140)
[10:36:26][INFO] Registered tree at (624, 147, -148)
[10:36:26][INFO] Registered tree at (612, 149, -148)
[10:36:26][INFO] Registered tree at (612, 148, -144)
[10:36:26][INFO] Registered tree at (620, 150, -156)
[10:36:26][INFO] Registered tree at (620, 147, -140)
[10:36:26][INFO] Registered tree at (624, 147, -148)
[10:36:26][INFO] Registered tree at (636, 146, -156)
[10:36:26][INFO] Registered tree at (608, 136, -4)
[10:36:26][INFO] Registered tree at (608, 136, -4)
[10:36:26][INFO] Registered tree at (624, 140, -32)
[10:36:26][INFO] Registered tree at (612, 149, -148)
[10:36:26][INFO] Registered tree at (612, 149, -148)
[10:36:26][INFO] Registered tree at (612, 148, -144)
[10:36:26][INFO] Registered tree at (612, 149, -148)
[10:36:26][INFO] Registered tree at (612, 148, -144)
[10:36:26][INFO] Registered tree at (620, 150, -156)
[10:36:26][INFO] Registered tree at (612, 149, -148)
[10:36:26][INFO] Registered tree at (612, 148, -144)
[10:36:26][INFO] Registered tree at (620, 150, -156)
[10:36:26][INFO] Registered tree at (620, 147, -140)
[10:36:26][INFO] Registered tree at (612, 149, -148)
[10:36:26][INFO] Registered tree at (612, 148, -144)
[10:36:26][INFO] Registered tree at (620, 150, -156)
[10:36:26][INFO] Registered tree at (620, 147, -140)
[10:36:26][INFO] Registered tree at (624, 147, -148)
[10:36:26][INFO] Registered tree at (612, 149, -148)
[10:36:26][INFO] Registered tree at (612, 148, -144)
[10:36:26][INFO] Registered tree at (620, 150, -156)
[10:36:26][INFO] Registered tree at (620, 147, -140)
[10:36:26][INFO] Registered tree at (624, 147, -148)
[10:36:26][INFO] Registered tree at (636, 146, -156)
[10:36:26][INFO] Registered tree at (612, 149, -88)
[10:36:26][INFO] Registered tree at (612, 149, -88)
[10:36:26][INFO] Registered tree at (612, 151, -76)
[10:36:26][INFO] Registered tree at (612, 149, -88)
[10:36:26][INFO] Registered tree at (612, 151, -76)
[10:36:26][INFO] Registered tree at (616, 148, -92)
[10:36:26][INFO] Registered tree at (612, 149, -88)
[10:36:26][INFO] Registered tree at (612, 151, -76)
[10:36:26][INFO] Registered tree at (616, 148, -92)
[10:36:26][INFO] Registered tree at (620, 147, -88)
[10:36:26][INFO] Registered tree at (612, 149, -88)
[10:36:26][INFO] Registered tree at (612, 151, -76)
[10:36:26][INFO] Registered tree at (616, 148, -92)
[10:36:26][INFO] Registered tree at (620, 147, -88)
[10:36:26][INFO] Registered tree at (628, 147, -84)
[10:36:26][INFO] Registered tree at (612, 149, -88)
[10:36:26][INFO] Registered tree at (612, 149, -88)
[10:36:26][INFO] Registered tree at (612, 151, -76)
[10:36:26][INFO] Registered tree at (612, 149, -88)
[10:36:26][INFO] Registered tree at (612, 151, -76)
[10:36:26][INFO] Registered tree at (616, 148, -92)
[10:36:26][INFO] Registered tree at (612, 149, -88)
[10:36:26][INFO] Registered tree at (612, 151, -76)
[10:36:26][INFO] Registered tree at (616, 148, -92)
[10:36:26][INFO] Registered tree at (620, 147, -88)
[10:36:26][INFO] Registered tree at (612, 149, -88)
[10:36:26][INFO] Registered tree at (612, 151, -76)
[10:36:26][INFO] Registered tree at (616, 148, -92)
[10:36:26][INFO] Registered tree at (620, 147, -88)
[10:36:26][INFO] Registered tree at (628, 147, -84)
[10:36:26][INFO] Registered tree at (616, 143, -44)
[10:36:26][INFO] Registered tree at (616, 143, -44)
[10:36:26][INFO] Registered tree at (628, 148, -52)
[10:36:26][INFO] Registered tree at (616, 143, -44)
[10:36:26][INFO] Registered tree at (628, 148, -52)
[10:36:26][INFO] Registered tree at (632, 147, -48)
[10:36:26][INFO] Registered tree at (608, 152, -108)
[10:36:26][INFO] Registered tree at (608, 152, -108)
[10:36:26][INFO] Registered tree at (616, 150, -100)
[10:36:26][INFO] Registered tree at (608, 152, -108)
[10:36:26][INFO] Registered tree at (616, 150, -100)
[10:36:26][INFO] Registered tree at (620, 150, -128)
[10:36:26][INFO] Registered tree at (608, 152, -108)
[10:36:26][INFO] Registered tree at (616, 150, -100)
[10:36:26][INFO] Registered tree at (620, 150, -128)
[10:36:26][INFO] Registered tree at (628, 146, -116)
[10:36:26][INFO] Registered tree at (608, 152, -108)
[10:36:26][INFO] Registered tree at (608, 152, -108)
[10:36:26][INFO] Registered tree at (616, 150, -100)
[10:36:26][INFO] Registered tree at (608, 152, -108)
[10:36:26][INFO] Registered tree at (616, 150, -100)
[10:36:26][INFO] Registered tree at (620, 150, -128)
[10:36:26][INFO] Registered tree at (608, 152, -108)
[10:36:26][INFO] Registered tree at (616, 150, -100)
[10:36:26][INFO] Registered tree at (620, 150, -128)
[10:36:26][INFO] Registered tree at (628, 146, -116)
[10:36:26][INFO] Registered tree at (616, 143, -44)
[10:36:26][INFO] Registered tree at (616, 143, -44)
[10:36:26][INFO] Registered tree at (628, 148, -52)
[10:36:26][INFO] Registered tree at (616, 143, -44)
[10:36:26][INFO] Registered tree at (628, 148, -52)
[10:36:26][INFO] Registered tree at (632, 147, -48)
[10:36:26][INFO] Registered tree at (612, 149, -148)
[10:36:26][INFO] Registered tree at (612, 149, -148)
[10:36:26][INFO] Registered tree at (612, 148, -144)
[10:36:26][INFO] Registered tree at (612, 149, -148)
[10:36:26][INFO] Registered tree at (612, 148, -144)
[10:36:26][INFO] Registered tree at (620, 150, -156)
[10:36:26][INFO] Registered tree at (612, 149, -148)
[10:36:26][INFO] Registered tree at (612, 148, -144)
[10:36:26][INFO] Registered tree at (620, 150, -156)
[10:36:26][INFO] Registered tree at (620, 147, -140)
[10:36:26][INFO] Registered tree at (612, 149, -148)
[10:36:26][INFO] Registered tree at (612, 148, -144)
[10:36:26][INFO] Registered tree at (620, 150, -156)
[10:36:26][INFO] Registered tree at (620, 147, -140)
[10:36:26][INFO] Registered tree at (624, 147, -148)
[10:36:26][INFO] Registered tree at (612, 149, -148)
[10:36:26][INFO] Registered tree at (612, 148, -144)
[10:36:26][INFO] Registered tree at (620, 150, -156)
[10:36:26][INFO] Registered tree at (620, 147, -140)
[10:36:26][INFO] Registered tree at (624, 147, -148)
[10:36:26][INFO] Registered tree at (636, 146, -156)
[10:36:26][INFO] Registered tree at (608, 136, -4)
[10:36:26][INFO] Registered tree at (608, 136, -4)
[10:36:26][INFO] Registered tree at (624, 140, -32)
[10:36:26][INFO] Registered tree at (612, 149, -148)
[10:36:26][INFO] Registered tree at (612, 149, -148)
[10:36:26][INFO] Registered tree at (612, 148, -144)
[10:36:26][INFO] Registered tree at (612, 149, -148)
[10:36:26][INFO] Registered tree at (612, 148, -144)
[10:36:26][INFO] Registered tree at (620, 150, -156)
[10:36:26][INFO] Registered tree at (612, 149, -148)
[10:36:26][INFO] Registered tree at (612, 148, -144)
[10:36:26][INFO] Registered tree at (620, 150, -156)
[10:36:26][INFO] Registered tree at (620, 147, -140)
[10:36:26][INFO] Registered tree at (612, 149, -148)
[10:36:26][INFO] Registered tree at (612, 148, -144)
[10:36:26][INFO] Registered tree at (620, 150, -156)
[10:36:26][INFO] Registered tree at (620, 147, -140)
[10:36:26][INFO] Registered tree at (624, 147, -148)
[10:36:26][INFO] Registered tree at (612, 149, -148)
[10:36:26][INFO] Registered tree at (612, 148, -144)
[10:36:26][INFO] Registered tree at (620, 150, -156)
[10:36:26][INFO] Registered tree at (620, 147, -140)
[10:36:26][INFO] Registered tree at (624, 147, -148)
[10:36:26][INFO] Registered tree at (636, 146, -156)
[10:36:26][INFO] Registered tree at (608, 136, -4)
[10:36:26][INFO] Registered tree at (608, 136, -4)
[10:36:26][INFO] Registered tree at (624, 140, -32)
[10:36:26][INFO] Registered tree at (612, 149, -88)
[10:36:26][INFO] Registered tree at (612, 149, -88)
[10:36:26][INFO] Registered tree at (612, 151, -76)
[10:36:26][INFO] Registered tree at (612, 149, -88)
[10:36:26][INFO] Registered tree at (612, 151, -76)
[10:36:26][INFO] Registered tree at (616, 148, -92)
[10:36:26][INFO] Registered tree at (612, 149, -88)
[10:36:26][INFO] Registered tree at (612, 151, -76)
[10:36:26][INFO] Registered tree at (616, 148, -92)
[10:36:26][INFO] Registered tree at (620, 147, -88)
[10:36:26][INFO] Registered tree at (612, 149, -88)
[10:36:26][INFO] Registered tree at (612, 151, -76)
[10:36:26][INFO] Registered tree at (616, 148, -92)
[10:36:26][INFO] Registered tree at (620, 147, -88)
[10:36:26][INFO] Registered tree at (628, 147, -84)
[10:36:26][INFO] Registered tree at (612, 149, -88)
[10:36:26][INFO] Registered tree at (612, 149, -88)
[10:36:26][INFO] Registered tree at (612, 151, -76)
[10:36:26][INFO] Registered tree at (612, 149, -88)
[10:36:26][INFO] Registered tree at (612, 151, -76)
[10:36:26][INFO] Registered tree at (616, 148, -92)
[10:36:26][INFO] Registered tree at (612, 149, -88)
[10:36:26][INFO] Registered tree at (612, 151, -76)
[10:36:26][INFO] Registered tree at (616, 148, -92)
[10:36:26][INFO] Registered tree at (620, 147, -88)
[10:36:26][INFO] Registered tree at (612, 149, -88)
[10:36:26][INFO] Registered tree at (612, 151, -76)
[10:36:26][INFO] Registered tree at (616, 148, -92)
[10:36:26][INFO] Registered tree at (620, 147, -88)
[10:36:26][INFO] Registered tree at (628, 147, -84)
[10:36:26][INFO] Registered tree at (608, 152, -108)
[10:36:26][INFO] Registered tree at (608, 152, -108)
[10:36:26][INFO] Registered tree at (616, 150, -100)
[10:36:26][INFO] Registered tree at (608, 152, -108)
[10:36:26][INFO] Registered tree at (616, 150, -100)
[10:36:26][INFO] Registered tree at (620, 150, -128)
[10:36:26][INFO] Registered tree at (608, 152, -108)
[10:36:26][INFO] Registered tree at (616, 150, -100)
[10:36:26][INFO] Registered tree at (620, 150, -128)
[10:36:26][INFO] Registered tree at (628, 146, -116)
[10:36:26][INFO] Registered tree at (616, 143, -44)
[10:36:26][INFO] Registered tree at (616, 143, -44)
[10:36:26][INFO] Registered tree at (628, 148, -52)
[10:36:26][INFO] Registered tree at (616, 143, -44)
[10:36:26][INFO] Registered tree at (628, 148, -52)
[10:36:26][INFO] Registered tree at (632, 147, -48)
[10:36:26][INFO] Registered tree at (616, 143, -44)
[10:36:26][INFO] Registered tree at (616, 143, -44)
[10:36:26][INFO] Registered tree at (628, 148, -52)
[10:36:26][INFO] Registered tree at (616, 143, -44)
[10:36:26][INFO] Registered tree at (628, 148, -52)
[10:36:26][INFO] Registered tree at (632, 147, -48)
[10:36:26][INFO] Registered tree at (608, 152, -108)
[10:36:26][INFO] Registered tree at (608, 152, -108)
[10:36:26][INFO] Registered tree at (616, 150, -100)
[10:36:26][INFO] Registered tree at (608, 152, -108)
[10:36:26][INFO] Registered tree at (616, 150, -100)
[10:36:26][INFO] Registered tree at (620, 150, -128)
[10:36:26][INFO] Registered tree at (608, 152, -108)
[10:36:26][INFO] Registered tree at (616, 150, -100)
[10:36:26][INFO] Registered tree at (620, 150, -128)
[10:36:26][INFO] Registered tree at (628, 146, -116)
[10:36:26][INFO] Registered tree at (612, 149, -148)
[10:36:26][INFO] Registered tree at (612, 149, -148)
[10:36:26][INFO] Registered tree at (612, 148, -144)
[10:36:26][INFO] Registered tree at (612, 149, -148)
[10:36:26][INFO] Registered tree at (612, 148, -144)
[10:36:26][INFO] Registered tree at (620, 150, -156)
[10:36:26][INFO] Registered tree at (612, 149, -148)
[10:36:26][INFO] Registered tree at (612, 148, -144)
[10:36:26][INFO] Registered tree at (620, 150, -156)
[10:36:26][INFO] Registered tree at (620, 147, -140)
[10:36:26][INFO] Registered tree at (612, 149, -148)
[10:36:26][INFO] Registered tree at (612, 148, -144)
[10:36:26][INFO] Registered tree at (620, 150, -156)
[10:36:26][INFO] Registered tree at (620, 147, -140)
[10:36:26][INFO] Registered tree at (624, 147, -148)
[10:36:26][INFO] Registered tree at (612, 149, -148)
[10:36:26][INFO] Registered tree at (612, 148, -144)
[10:36:26][INFO] Registered tree at (620, 150, -156)
[10:36:26][INFO] Registered tree at (620, 147, -140)
[10:36:26][INFO] Registered tree at (624, 147, -148)
[10:36:26][INFO] Registered tree at (636, 146, -156)
[10:36:26][INFO] Registered tree at (612, 149, -148)
[10:36:26][INFO] Registered tree at (612, 149, -148)
[10:36:26][INFO] Registered tree at (612, 148, -144)
[10:36:26][INFO] Registered tree at (612, 149, -148)
[10:36:26][INFO] Registered tree at (612, 148, -144)
[10:36:26][INFO] Registered tree at (620, 150, -156)
[10:36:26][INFO] Registered tree at (612, 149, -148)
[10:36:26][INFO] Registered tree at (612, 148, -144)
[10:36:26][INFO] Registered tree at (620, 150, -156)
[10:36:26][INFO] Registered tree at (620, 147, -140)
[10:36:26][INFO] Registered tree at (612, 149, -148)
[10:36:26][INFO] Registered tree at (612, 148, -144)
[10:36:26][INFO] Registered tree at (620, 150, -156)
[10:36:26][INFO] Registered tree at (620, 147, -140)
[10:36:26][INFO] Registered tree at (624, 147, -148)
[10:36:26][INFO] Registered tree at (612, 149, -148)
[10:36:26][INFO] Registered tree at (612, 148, -144)
[10:36:26][INFO] Registered tree at (620, 150, -156)
[10:36:26][INFO] Registered tree at (620, 147, -140)
[10:36:26][INFO] Registered tree at (624, 147, -148)
[10:36:26][INFO] Registered tree at (636, 146, -156)
[10:36:26][INFO] Registered tree at (608, 136, -4)
[10:36:26][INFO] Registered tree at (608, 136, -4)
[10:36:26][INFO] Registered tree at (624, 140, -32)
[10:36:26][INFO] Registered tree at (608, 136, -4)
[10:36:26][INFO] Registered tree at (608, 136, -4)
[10:36:26][INFO] Registered tree at (624, 140, -32)
[10:36:34][INFO] Registered tree at (640, 146, -72)
[10:36:34][INFO] Registered tree at (640, 146, -72)
[10:36:34][INFO] Registered tree at (652, 145, -76)
[10:36:34][INFO] Registered tree at (640, 140, -36)
[10:36:34][INFO] Registered tree at (640, 140, -36)
[10:36:34][INFO] Registered tree at (648, 143, -48)
[10:36:34][INFO] Registered tree at (640, 140, -36)
[10:36:34][INFO] Registered tree at (648, 143, -48)
[10:36:34][INFO] Registered tree at (660, 147, -64)
[10:36:34][INFO] Registered tree at (640, 140, -36)
[10:36:34][INFO] Registered tree at (648, 143, -48)
[10:36:34][INFO] Registered tree at (660, 147, -64)
[10:36:34][INFO] Registered tree at (660, 145, -52)
[10:36:34][INFO] Registered tree at (640, 140, -36)
[10:36:34][INFO] Registered tree at (648, 143, -48)
[10:36:34][INFO] Registered tree at (660, 147, -64)
[10:36:34][INFO] Registered tree at (660, 145, -52)
[10:36:34][INFO] Registered tree at (660, 141, -44)
[10:36:34][INFO] Registered tree at (640, 140, -36)
[10:36:34][INFO] Registered tree at (648, 143, -48)
[10:36:34][INFO] Registered tree at (660, 147, -64)
[10:36:34][INFO] Registered tree at (660, 145, -52)
[10:36:34][INFO] Registered tree at (660, 141, -44)
[10:36:34][INFO] Registered tree at (660, 139, -36)
[10:36:34][INFO] Registered tree at (648, 142, -120)
[10:36:34][INFO] Registered tree at (648, 142, -120)
[10:36:34][INFO] Registered tree at (648, 145, -100)
[10:36:34][INFO] Registered tree at (648, 142, -120)
[10:36:34][INFO] Registered tree at (648, 145, -100)
[10:36:34][INFO] Registered tree at (652, 142, -112)
[10:36:34][INFO] Registered tree at (640, 146, -72)
[10:36:34][INFO] Registered tree at (640, 146, -72)
[10:36:34][INFO] Registered tree at (652, 145, -76)
[10:36:34][INFO] Registered tree at (644, 139, -16)
[10:36:34][INFO] Registered tree at (644, 139, -16)
[10:36:34][INFO] Registered tree at (652, 140, -24)
[10:36:34][INFO] Registered tree at (644, 139, -16)
[10:36:34][INFO] Registered tree at (652, 140, -24)
[10:36:34][INFO] Registered tree at (652, 139, -16)
[10:36:34][INFO] Registered tree at (640, 146, -72)
[10:36:34][INFO] Registered tree at (640, 146, -72)
[10:36:34][INFO] Registered tree at (652, 145, -76)
[10:36:34][INFO] Registered tree at (644, 142, -136)
[10:36:34][INFO] Registered tree at (644, 142, -136)
[10:36:34][INFO] Registered tree at (648, 142, -148)
[10:36:34][INFO] Registered tree at (640, 140, -36)
[10:36:34][INFO] Registered tree at (640, 140, -36)
[10:36:34][INFO] Registered tree at (648, 143, -48)
[10:36:34][INFO] Registered tree at (640, 140, -36)
[10:36:34][INFO] Registered tree at (648, 143, -48)
[10:36:34][INFO] Registered tree at (660, 147, -64)
[10:36:34][INFO] Registered tree at (640, 140, -36)
[10:36:34][INFO] Registered tree at (648, 143, -48)
[10:36:34][INFO] Registered tree at (660, 147, -64)
[10:36:34][INFO] Registered tree at (660, 145, -52)
[10:36:34][INFO] Registered tree at (640, 140, -36)
[10:36:34][INFO] Registered tree at (648, 143, -48)
[10:36:34][INFO] Registered tree at (660, 147, -64)
[10:36:34][INFO] Registered tree at (660, 145, -52)
[10:36:34][INFO] Registered tree at (660, 141, -44)
[10:36:34][INFO] Registered tree at (640, 140, -36)
[10:36:34][INFO] Registered tree at (648, 143, -48)
[10:36:34][INFO] Registered tree at (660, 147, -64)
[10:36:34][INFO] Registered tree at (660, 145, -52)
[10:36:34][INFO] Registered tree at (660, 141, -44)
[10:36:34][INFO] Registered tree at (660, 139, -36)
[10:36:34][INFO] Registered tree at (648, 142, -120)
[10:36:34][INFO] Registered tree at (648, 142, -120)
[10:36:34][INFO] Registered tree at (648, 145, -100)
[10:36:34][INFO] Registered tree at (648, 142, -120)
[10:36:34][INFO] Registered tree at (648, 145, -100)
[10:36:34][INFO] Registered tree at (652, 142, -112)
[10:36:34][INFO] Registered tree at (648, 142, -120)
[10:36:34][INFO] Registered tree at (648, 142, -120)
[10:36:34][INFO] Registered tree at (648, 145, -100)
[10:36:34][INFO] Registered tree at (648, 142, -120)
[10:36:34][INFO] Registered tree at (648, 145, -100)
[10:36:34][INFO] Registered tree at (652, 142, -112)
[10:36:34][INFO] Registered tree at (640, 140, -36)
[10:36:34][INFO] Registered tree at (640, 140, -36)
[10:36:34][INFO] Registered tree at (648, 143, -48)
[10:36:34][INFO] Registered tree at (640, 140, -36)
[10:36:34][INFO] Registered tree at (648, 143, -48)
[10:36:34][INFO] Registered tree at (660, 147, -64)
[10:36:34][INFO] Registered tree at (640, 140, -36)
[10:36:34][INFO] Registered tree at (648, 143, -48)
[10:36:34][INFO] Registered tree at (660, 147, -64)
[10:36:34][INFO] Registered tree at (660, 145, -52)
[10:36:34][INFO] Registered tree at (640, 140, -36)
[10:36:34][INFO] Registered tree at (648, 143, -48)
[10:36:34][INFO] Registered tree at (660, 147, -64)
[10:36:34][INFO] Registered tree at (660, 145, -52)
[10:36:34][INFO] Registered tree at (660, 141, -44)
[10:36:34][INFO] Registered tree at (640, 140, -36)
[10:36:34][INFO] Registered tree at (648, 143, -48)
[10:36:34][INFO] Registered tree at (660, 147, -64)
[10:36:34][INFO] Registered tree at (660, 145, -52)
[10:36:34][INFO] Registered tree at (660, 141, -44)
[10:36:34][INFO] Registered tree at (660, 139, -36)
[10:36:34][INFO] Registered tree at (644, 139, -16)
[10:36:34][INFO] Registered tree at (644, 139, -16)
[10:36:34][INFO] Registered tree at (652, 140, -24)
[10:36:34][INFO] Registered tree at (644, 139, -16)
[10:36:34][INFO] Registered tree at (652, 140, -24)
[10:36:34][INFO] Registered tree at (652, 139, -16)
[10:36:34][INFO] Registered tree at (644, 142, -136)
[10:36:34][INFO] Registered tree at (644, 142, -136)
[10:36:34][INFO] Registered tree at (648, 142, -148)
[10:36:34][INFO] Registered tree at (644, 142, -136)
[10:36:34][INFO] Registered tree at (644, 142, -136)
[10:36:34][INFO] Registered tree at (648, 142, -148)
[10:36:34][INFO] Registered tree at (644, 139, -16)
[10:36:34][INFO] Registered tree at (644, 139, -16)
[10:36:34][INFO] Registered tree at (652, 140, -24)
[10:36:34][INFO] Registered tree at (644, 139, -16)
[10:36:34][INFO] Registered tree at (652, 140, -24)
[10:36:34][INFO] Registered tree at (652, 139, -16)
[10:36:34][INFO] Registered tree at (640, 146, -72)
[10:36:34][INFO] Registered tree at (640, 146, -72)
[10:36:34][INFO] Registered tree at (652, 145, -76)
[10:36:34][INFO] Registered tree at (640, 146, -72)
[10:36:34][INFO] Registered tree at (640, 146, -72)
[10:36:34][INFO] Registered tree at (652, 145, -76)
[10:36:34][INFO] Registered tree at (648, 142, -120)
[10:36:34][INFO] Registered tree at (648, 142, -120)
[10:36:34][INFO] Registered tree at (648, 145, -100)
[10:36:34][INFO] Registered tree at (648, 142, -120)
[10:36:34][INFO] Registered tree at (648, 145, -100)
[10:36:34][INFO] Registered tree at (652, 142, -112)
[10:36:34][INFO] Registered tree at (640, 140, -36)
[10:36:34][INFO] Registered tree at (640, 140, -36)
[10:36:34][INFO] Registered tree at (648, 143, -48)
[10:36:34][INFO] Registered tree at (640, 140, -36)
[10:36:34][INFO] Registered tree at (648, 143, -48)
[10:36:34][INFO] Registered tree at (660, 147, -64)
[10:36:34][INFO] Registered tree at (640, 140, -36)
[10:36:34][INFO] Registered tree at (648, 143, -48)
[10:36:34][INFO] Registered tree at (660, 147, -64)
[10:36:34][INFO] Registered tree at (660, 145, -52)
[10:36:34][INFO] Registered tree at (640, 140, -36)
[10:36:34][INFO] Registered tree at (648, 143, -48)
[10:36:34][INFO] Registered tree at (660, 147, -64)
[10:36:34][INFO] Registered tree at (660, 145, -52)
[10:36:34][INFO] Registered tree at (660, 141, -44)
[10:36:34][INFO] Registered tree at (640, 140, -36)
[10:36:34][INFO] Registered tree at (648, 143, -48)
[10:36:34][INFO] Registered tree at (660, 147, -64)
[10:36:34][INFO] Registered tree at (660, 145, -52)
[10:36:34][INFO] Registered tree at (660, 141, -44)
[10:36:34][INFO] Registered tree at (660, 139, -36)
[10:36:34][INFO] Registered tree at (648, 142, -120)
[10:36:34][INFO] Registered tree at (648, 142, -120)
[10:36:34][INFO] Registered tree at (648, 145, -100)
[10:36:34][INFO] Registered tree at (648, 142, -120)
[10:36:34][INFO] Registered tree at (648, 145, -100)
[10:36:34][INFO] Registered tree at (652, 142, -112)
[10:36:34][INFO] Registered tree at (640, 140, -36)
[10:36:34][INFO] Registered tree at (640, 140, -36)
[10:36:34][INFO] Registered tree at (648, 143, -48)
[10:36:34][INFO] Registered tree at (640, 140, -36)
[10:36:34][INFO] Registered tree at (648, 143, -48)
[10:36:34][INFO] Registered tree at (660, 147, -64)
[10:36:34][INFO] Registered tree at (640, 140, -36)
[10:36:34][INFO] Registered tree at (648, 143, -48)
[10:36:34][INFO] Registered tree at (660, 147, -64)
[10:36:34][INFO] Registered tree at (660, 145, -52)
[10:36:34][INFO] Registered tree at (640, 140, -36)
[10:36:34][INFO] Registered tree at (648, 143, -48)
[10:36:34][INFO] Registered tree at (660, 147, -64)
[10:36:34][INFO] Registered tree at (660, 145, -52)
[10:36:34][INFO] Registered tree at (660, 141, -44)
[10:36:34][INFO] Registered tree at (640, 140, -36)
[10:36:34][INFO] Registered tree at (648, 143, -48)
[10:36:34][INFO] Registered tree at (660, 147, -64)
[10:36:34][INFO] Registered tree at (660, 145, -52)
[10:36:34][INFO] Registered tree at (660, 141, -44)
[10:36:34][INFO] Registered tree at (660, 139, -36)
[10:36:34][INFO] Registered tree at (644, 139, -16)
[10:36:34][INFO] Registered tree at (644, 139, -16)
[10:36:34][INFO] Registered tree at (652, 140, -24)
[10:36:34][INFO] Registered tree at (644, 139, -16)
[10:36:34][INFO] Registered tree at (652, 140, -24)
[10:36:34][INFO] Registered tree at (652, 139, -16)
[10:36:34][INFO] Registered tree at (644, 142, -136)
[10:36:34][INFO] Registered tree at (644, 142, -136)
[10:36:34][INFO] Registered tree at (648, 142, -148)
[10:36:34][INFO] Registered tree at (644, 139, -16)
[10:36:34][INFO] Registered tree at (644, 139, -16)
[10:36:34][INFO] Registered tree at (652, 140, -24)
[10:36:34][INFO] Registered tree at (644, 139, -16)
[10:36:34][INFO] Registered tree at (652, 140, -24)
[10:36:34][INFO] Registered tree at (652, 139, -16)
[10:36:34][INFO] Registered tree at (644, 142, -136)
[10:36:34][INFO] Registered tree at (644, 142, -136)
[10:36:34][INFO] Registered tree at (648, 142, -148)
[10:36:34][INFO] Registered tree at (640, 146, -72)
[10:36:34][INFO] Registered tree at (640, 146, -72)
[10:36:34][INFO] Registered tree at (652, 145, -76)
[10:36:34][INFO] Registered tree at (640, 146, -72)
[10:36:34][INFO] Registered tree at (640, 146, -72)
[10:36:34][INFO] Registered tree at (652, 145, -76)
[10:36:34][INFO] Registered tree at (640, 140, -36)
[10:36:34][INFO] Registered tree at (640, 140, -36)
[10:36:34][INFO] Registered tree at (648, 143, -48)
[10:36:34][INFO] Registered tree at (640, 140, -36)
[10:36:34][INFO] Registered tree at (648, 143, -48)
[10:36:34][INFO] Registered tree at (660, 147, -64)
[10:36:34][INFO] Registered tree at (640, 140, -36)
[10:36:34][INFO] Registered tree at (648, 143, -48)
[10:36:34][INFO] Registered tree at (660, 147, -64)
[10:36:34][INFO] Registered tree at (660, 145, -52)
[10:36:34][INFO] Registered tree at (640, 140, -36)
[10:36:34][INFO] Registered tree at (648, 143, -48)
[10:36:34][INFO] Registered tree at (660, 147, -64)
[10:36:34][INFO] Registered tree at (660, 145, -52)
[10:36:34][INFO] Registered tree at (660, 141, -44)
[10:36:34][INFO] Registered tree at (640, 140, -36)
[10:36:34][INFO] Registered tree at (648, 143, -48)
[10:36:34][INFO] Registered tree at (660, 147, -64)
[10:36:34][INFO] Registered tree at (660, 145, -52)
[10:36:34][INFO] Registered tree at (660, 141, -44)
[10:36:34][INFO] Registered tree at (660, 139, -36)
[10:36:34][INFO] Registered tree at (648, 142, -120)
[10:36:34][INFO] Registered tree at (648, 142, -120)
[10:36:34][INFO] Registered tree at (648, 145, -100)
[10:36:34][INFO] Registered tree at (648, 142, -120)
[10:36:34][INFO] Registered tree at (648, 145, -100)
[10:36:34][INFO] Registered tree at (652, 142, -112)
[10:36:35][INFO] Registered tree at (648, 142, -120)
[10:36:35][INFO] Registered tree at (648, 142, -120)
[10:36:35][INFO] Registered tree at (648, 145, -100)
[10:36:35][INFO] Registered tree at (648, 142, -120)
[10:36:35][INFO] Registered tree at (648, 145, -100)
[10:36:35][INFO] Registered tree at (652, 142, -112)
[10:36:35][INFO] Registered tree at (640, 140, -36)
[10:36:35][INFO] Registered tree at (640, 140, -36)
[10:36:35][INFO] Registered tree at (648, 143, -48)
[10:36:35][INFO] Registered tree at (640, 140, -36)
[10:36:35][INFO] Registered tree at (648, 143, -48)
[10:36:35][INFO] Registered tree at (660, 147, -64)
[10:36:35][INFO] Registered tree at (640, 140, -36)
[10:36:35][INFO] Registered tree at (648, 143, -48)
[10:36:35][INFO] Registered tree at (660, 147, -64)
[10:36:35][INFO] Registered tree at (660, 145, -52)
[10:36:35][INFO] Registered tree at (640, 140, -36)
[10:36:35][INFO] Registered tree at (648, 143, -48)
[10:36:35][INFO] Registered tree at (660, 147, -64)
[10:36:35][INFO] Registered tree at (660, 145, -52)
[10:36:35][INFO] Registered tree at (660, 141, -44)
[10:36:35][INFO] Registered tree at (640, 140, -36)
[10:36:35][INFO] Registered tree at (648, 143, -48)
[10:36:35][INFO] Registered tree at (660, 147, -64)
[10:36:35][INFO] Registered tree at (660, 145, -52)
[10:36:35][INFO] Registered tree at (660, 141, -44)
[10:36:35][INFO] Registered tree at (660, 139, -36)
[10:36:35][INFO] Registered tree at (644, 142, -136)
[10:36:35][INFO] Registered tree at (644, 142, -136)
[10:36:35][INFO] Registered tree at (648, 142, -148)
[10:36:35][INFO] Registered tree at (644, 139, -16)
[10:36:35][INFO] Registered tree at (644, 139, -16)
[10:36:35][INFO] Registered tree at (652, 140, -24)
[10:36:35][INFO] Registered tree at (644, 139, -16)
[10:36:35][INFO] Registered tree at (652, 140, -24)
[10:36:35][INFO] Registered tree at (652, 139, -16)
[10:36:35][INFO] Registered tree at (644, 142, -136)
[10:36:35][INFO] Registered tree at (644, 142, -136)
[10:36:35][INFO] Registered tree at (648, 142, -148)
[10:36:35][INFO] Registered tree at (644, 139, -16)
[10:36:35][INFO] Registered tree at (644, 139, -16)
[10:36:35][INFO] Registered tree at (652, 140, -24)
[10:36:35][INFO] Registered tree at (644, 139, -16)
[10:36:35][INFO] Registered tree at (652, 140, -24)
[10:36:35][INFO] Registered tree at (652, 139, -16)
[10:36:35][INFO] Registered tree at (640, 146, -72)
[10:36:35][INFO] Registered tree at (640, 146, -72)
[10:36:35][INFO] Registered tree at (652, 145, -76)
[10:36:35][INFO] Registered tree at (640, 146, -72)
[10:36:35][INFO] Registered tree at (640, 146, -72)
[10:36:35][INFO] Registered tree at (652, 145, -76)
[10:36:35][INFO] Registered tree at (648, 142, -120)
[10:36:35][INFO] Registered tree at (648, 142, -120)
[10:36:35][INFO] Registered tree at (648, 145, -100)
[10:36:35][INFO] Registered tree at (648, 142, -120)
[10:36:35][INFO] Registered tree at (648, 145, -100)
[10:36:35][INFO] Registered tree at (652, 142, -112)
[10:36:35][INFO] Registered tree at (640, 140, -36)
[10:36:35][INFO] Registered tree at (640, 140, -36)
[10:36:35][INFO] Registered tree at (648, 143, -48)
[10:36:35][INFO] Registered tree at (640, 140, -36)
[10:36:35][INFO] Registered tree at (648, 143, -48)
[10:36:35][INFO] Registered tree at (660, 147, -64)
[10:36:35][INFO] Registered tree at (640, 140, -36)
[10:36:35][INFO] Registered tree at (648, 143, -48)
[10:36:35][INFO] Registered tree at (660, 147, -64)
[10:36:35][INFO] Registered tree at (660, 145, -52)
[10:36:35][INFO] Registered tree at (640, 140, -36)
[10:36:35][INFO] Registered tree at (648, 143, -48)
[10:36:35][INFO] Registered tree at (660, 147, -64)
[10:36:35][INFO] Registered tree at (660, 145, -52)
[10:36:35][INFO] Registered tree at (660, 141, -44)
[10:36:35][INFO] Registered tree at (640, 140, -36)
[10:36:35][INFO] Registered tree at (648, 143, -48)
[10:36:35][INFO] Registered tree at (660, 147, -64)
[10:36:35][INFO] Registered tree at (660, 145, -52)
[10:36:35][INFO] Registered tree at (660, 141, -44)
[10:36:35][INFO] Registered tree at (660, 139, -36)
[10:36:35][INFO] Registered tree at (640, 140, -36)
[10:36:35][INFO] Registered tree at (640, 140, -36)
[10:36:35][INFO] Registered tree at (648, 143, -48)
[10:36:35][INFO] Registered tree at (640, 140, -36)
[10:36:35][INFO] Registered tree at (648, 143, -48)
[10:36:35][INFO] Registered tree at (660, 147, -64)
[10:36:35][INFO] Registered tree at (640, 140, -36)
[10:36:35][INFO] Registered tree at (648, 143, -48)
[10:36:35][INFO] Registered tree at (660, 147, -64)
[10:36:35][INFO] Registered tree at (660, 145, -52)
[10:36:35][INFO] Registered tree at (640, 140, -36)
[10:36:35][INFO] Registered tree at (648, 143, -48)
[10:36:35][INFO] Registered tree at (660, 147, -64)
[10:36:35][INFO] Registered tree at (660, 145, -52)
[10:36:35][INFO] Registered tree at (660, 141, -44)
[10:36:35][INFO] Registered tree at (640, 140, -36)
[10:36:35][INFO] Registered tree at (648, 143, -48)
[10:36:35][INFO] Registered tree at (660, 147, -64)
[10:36:35][INFO] Registered tree at (660, 145, -52)
[10:36:35][INFO] Registered tree at (660, 141, -44)
[10:36:35][INFO] Registered tree at (660, 139, -36)
[10:36:35][INFO] Registered tree at (648, 142, -120)
[10:36:35][INFO] Registered tree at (648, 142, -120)
[10:36:35][INFO] Registered tree at (648, 145, -100)
[10:36:35][INFO] Registered tree at (648, 142, -120)
[10:36:35][INFO] Registered tree at (648, 145, -100)
[10:36:35][INFO] Registered tree at (652, 142, -112)
[10:36:35][INFO] Registered tree at (644, 142, -136)
[10:36:35][INFO] Registered tree at (644, 142, -136)
[10:36:35][INFO] Registered tree at (648, 142, -148)
[10:36:35][INFO] Registered tree at (644, 142, -136)
[10:36:35][INFO] Registered tree at (644, 142, -136)
[10:36:35][INFO] Registered tree at (648, 142, -148)
[10:36:35][INFO] Registered tree at (644, 139, -16)
[10:36:35][INFO] Registered tree at (644, 139, -16)
[10:36:35][INFO] Registered tree at (652, 140, -24)
[10:36:35][INFO] Registered tree at (644, 139, -16)
[10:36:35][INFO] Registered tree at (652, 140, -24)
[10:36:35][INFO] Registered tree at (652, 139, -16)
[10:36:35][INFO] Registered tree at (644, 139, -16)
[10:36:35][INFO] Registered tree at (644, 139, -16)
[10:36:35][INFO] Registered tree at (652, 140, -24)
[10:36:35][INFO] Registered tree at (644, 139, -16)
[10:36:35][INFO] Registered tree at (652, 140, -24)
[10:36:35][INFO] Registered tree at (652, 139, -16)
[10:36:35][INFO] Registered tree at (620, 137, 4)
[10:36:35][INFO] Registered tree at (620, 137, 4)
[10:36:35][INFO] Registered tree at (620, 141, 16)
[10:36:35][INFO] Registered tree at (620, 137, 4)
[10:36:35][INFO] Registered tree at (620, 141, 16)
[10:36:35][INFO] Registered tree at (628, 138, 12)
[10:36:35][INFO] Registered tree at (620, 137, 4)
[10:36:35][INFO] Registered tree at (620, 141, 16)
[10:36:35][INFO] Registered tree at (628, 138, 12)
[10:36:35][INFO] Registered tree at (628, 143, 28)
[10:36:35][INFO] Registered tree at (620, 137, 4)
[10:36:35][INFO] Registered tree at (620, 141, 16)
[10:36:35][INFO] Registered tree at (628, 138, 12)
[10:36:35][INFO] Registered tree at (628, 143, 28)
[10:36:35][INFO] Registered tree at (632, 138, 0)
[10:36:35][INFO] Registered tree at (620, 137, 4)
[10:36:35][INFO] Registered tree at (620, 141, 16)
[10:36:35][INFO] Registered tree at (628, 138, 12)
[10:36:35][INFO] Registered tree at (628, 143, 28)
[10:36:35][INFO] Registered tree at (632, 138, 0)
[10:36:35][INFO] Registered tree at (632, 140, 20)
[10:36:35][INFO] Registered tree at (620, 137, 4)
[10:36:35][INFO] Registered tree at (620, 141, 16)
[10:36:35][INFO] Registered tree at (628, 138, 12)
[10:36:35][INFO] Registered tree at (628, 143, 28)
[10:36:35][INFO] Registered tree at (632, 138, 0)
[10:36:35][INFO] Registered tree at (632, 140, 20)
[10:36:35][INFO] Registered tree at (632, 142, 28)
[10:36:35][INFO] Registered tree at (620, 137, 4)
[10:36:35][INFO] Registered tree at (620, 137, 4)
[10:36:35][INFO] Registered tree at (620, 141, 16)
[10:36:35][INFO] Registered tree at (620, 137, 4)
[10:36:35][INFO] Registered tree at (620, 141, 16)
[10:36:35][INFO] Registered tree at (628, 138, 12)
[10:36:35][INFO] Registered tree at (620, 137, 4)
[10:36:35][INFO] Registered tree at (620, 141, 16)
[10:36:35][INFO] Registered tree at (628, 138, 12)
[10:36:35][INFO] Registered tree at (628, 143, 28)
[10:36:35][INFO] Registered tree at (620, 137, 4)
[10:36:35][INFO] Registered tree at (620, 141, 16)
[10:36:35][INFO] Registered tree at (628, 138, 12)
[10:36:35][INFO] Registered tree at (628, 143, 28)
[10:36:35][INFO] Registered tree at (632, 138, 0)
[10:36:35][INFO] Registered tree at (620, 137, 4)
[10:36:35][INFO] Registered tree at (620, 141, 16)
[10:36:35][INFO] Registered tree at (628, 138, 12)
[10:36:35][INFO] Registered tree at (628, 143, 28)
[10:36:35][INFO] Registered tree at (632, 138, 0)
[10:36:35][INFO] Registered tree at (632, 140, 20)
[10:36:35][INFO] Registered tree at (620, 137, 4)
[10:36:35][INFO] Registered tree at (620, 141, 16)
[10:36:35][INFO] Registered tree at (628, 138, 12)
[10:36:35][INFO] Registered tree at (628, 143, 28)
[10:36:35][INFO] Registered tree at (632, 138, 0)
[10:36:35][INFO] Registered tree at (632, 140, 20)
[10:36:35][INFO] Registered tree at (632, 142, 28)
[10:36:35][INFO] Registered tree at (620, 137, 4)
[10:36:35][INFO] Registered tree at (620, 137, 4)
[10:36:35][INFO] Registered tree at (620, 141, 16)
[10:36:35][INFO] Registered tree at (620, 137, 4)
[10:36:35][INFO] Registered tree at (620, 141, 16)
[10:36:35][INFO] Registered tree at (628, 138, 12)
[10:36:35][INFO] Registered tree at (620, 137, 4)
[10:36:35][INFO] Registered tree at (620, 141, 16)
[10:36:35][INFO] Registered tree at (628, 138, 12)
[10:36:35][INFO] Registered tree at (628, 143, 28)
[10:36:35][INFO] Registered tree at (620, 137, 4)
[10:36:35][INFO] Registered tree at (620, 141, 16)
[10:36:35][INFO] Registered tree at (628, 138, 12)
[10:36:35][INFO] Registered tree at (628, 143, 28)
[10:36:35][INFO] Registered tree at (632, 138, 0)
[10:36:35][INFO] Registered tree at (620, 137, 4)
[10:36:35][INFO] Registered tree at (620, 141, 16)
[10:36:35][INFO] Registered tree at (628, 138, 12)
[10:36:35][INFO] Registered tree at (628, 143, 28)
[10:36:35][INFO] Registered tree at (632, 138, 0)
[10:36:35][INFO] Registered tree at (632, 140, 20)
[10:36:35][INFO] Registered tree at (620, 137, 4)
[10:36:35][INFO] Registered tree at (620, 141, 16)
[10:36:35][INFO] Registered tree at (628, 138, 12)
[10:36:35][INFO] Registered tree at (628, 143, 28)
[10:36:35][INFO] Registered tree at (632, 138, 0)
[10:36:35][INFO] Registered tree at (632, 140, 20)
[10:36:35][INFO] Registered tree at (632, 142, 28)
[10:36:35][INFO] Registered tree at (620, 137, 4)
[10:36:35][INFO] Registered tree at (620, 137, 4)
[10:36:35][INFO] Registered tree at (620, 141, 16)
[10:36:35][INFO] Registered tree at (620, 137, 4)
[10:36:35][INFO] Registered tree at (620, 141, 16)
[10:36:35][INFO] Registered tree at (628, 138, 12)
[10:36:35][INFO] Registered tree at (620, 137, 4)
[10:36:35][INFO] Registered tree at (620, 141, 16)
[10:36:35][INFO] Registered tree at (628, 138, 12)
[10:36:35][INFO] Registered tree at (628, 143, 28)
[10:36:35][INFO] Registered tree at (620, 137, 4)
[10:36:35][INFO] Registered tree at (620, 141, 16)
[10:36:35][INFO] Registered tree at (628, 138, 12)
[10:36:35][INFO] Registered tree at (628, 143, 28)
[10:36:35][INFO] Registered tree at (632, 138, 0)
[10:36:35][INFO] Registered tree at (620, 137, 4)
[10:36:35][INFO] Registered tree at (620, 141, 16)
[10:36:35][INFO] Registered tree at (628, 138, 12)
[10:36:35][INFO] Registered tree at (628, 143, 28)
[10:36:35][INFO] Registered tree at (632, 138, 0)
[10:36:35][INFO] Registered tree at (632, 140, 20)
[10:36:35][INFO] Registered tree at (620, 137, 4)
[10:36:35][INFO] Registered tree at (620, 141, 16)
[10:36:35][INFO] Registered tree at (628, 138, 12)
[10:36:35][INFO] Registered tree at (628, 143, 28)
[10:36:35][INFO] Registered tree at (632, 138, 0)
[10:36:35][INFO] Registered tree at (632, 140, 20)
[10:36:35][INFO] Registered tree at (632, 142, 28)
[10:36:35][INFO] Registered tree at (620, 137, 4)
[10:36:35][INFO] Registered tree at (620, 137, 4)
[10:36:35][INFO] Registered tree at (620, 141, 16)
[10:36:35][INFO] Registered tree at (620, 137, 4)
[10:36:35][INFO] Registered tree at (620, 141, 16)
[10:36:35][INFO] Registered tree at (628, 138, 12)
[10:36:35][INFO] Registered tree at (620, 137, 4)
[10:36:35][INFO] Registered tree at (620, 141, 16)
[10:36:35][INFO] Registered tree at (628, 138, 12)
[10:36:35][INFO] Registered tree at (628, 143, 28)
[10:36:35][INFO] Registered tree at (620, 137, 4)
[10:36:35][INFO] Registered tree at (620, 141, 16)
[10:36:35][INFO] Registered tree at (628, 138, 12)
[10:36:35][INFO] Registered tree at (628, 143, 28)
[10:36:35][INFO] Registered tree at (632, 138, 0)
[10:36:35][INFO] Registered tree at (620, 137, 4)
[10:36:35][INFO] Registered tree at (620, 141, 16)
[10:36:35][INFO] Registered tree at (628, 138, 12)
[10:36:35][INFO] Registered tree at (628, 143, 28)
[10:36:35][INFO] Registered tree at (632, 138, 0)
[10:36:35][INFO] Registered tree at (632, 140, 20)
[10:36:35][INFO] Registered tree at (620, 137, 4)
[10:36:35][INFO] Registered tree at (620, 141, 16)
[10:36:35][INFO] Registered tree at (628, 138, 12)
[10:36:35][INFO] Registered tree at (628, 143, 28)
[10:36:35][INFO] Registered tree at (632, 138, 0)
[10:36:35][INFO] Registered tree at (632, 140, 20)
[10:36:35][INFO] Registered tree at (632, 142, 28)
[10:36:35][INFO] Registered tree at (620, 137, 4)
[10:36:35][INFO] Registered tree at (620, 137, 4)
[10:36:35][INFO] Registered tree at (620, 141, 16)
[10:36:35][INFO] Registered tree at (620, 137, 4)
[10:36:35][INFO] Registered tree at (620, 141, 16)
[10:36:35][INFO] Registered tree at (628, 138, 12)
[10:36:35][INFO] Registered tree at (620, 137, 4)
[10:36:35][INFO] Registered tree at (620, 141, 16)
[10:36:35][INFO] Registered tree at (628, 138, 12)
[10:36:35][INFO] Registered tree at (628, 143, 28)
[10:36:35][INFO] Registered tree at (620, 137, 4)
[10:36:35][INFO] Registered tree at (620, 141, 16)
[10:36:35][INFO] Registered tree at (628, 138, 12)
[10:36:35][INFO] Registered tree at (628, 143, 28)
[10:36:35][INFO] Registered tree at (632, 138, 0)
[10:36:35][INFO] Registered tree at (620, 137, 4)
[10:36:35][INFO] Registered tree at (620, 141, 16)
[10:36:35][INFO] Registered tree at (628, 138, 12)
[10:36:35][INFO] Registered tree at (628, 143, 28)
[10:36:35][INFO] Registered tree at (632, 138, 0)
[10:36:35][INFO] Registered tree at (632, 140, 20)
[10:36:35][INFO] Registered tree at (620, 137, 4)
[10:36:35][INFO] Registered tree at (620, 141, 16)
[10:36:35][INFO] Registered tree at (628, 138, 12)
[10:36:35][INFO] Registered tree at (628, 143, 28)
[10:36:35][INFO] Registered tree at (632, 138, 0)
[10:36:35][INFO] Registered tree at (632, 140, 20)
[10:36:35][INFO] Registered tree at (632, 142, 28)
[10:36:35][INFO] Registered tree at (620, 137, 4)
[10:36:35][INFO] Registered tree at (620, 137, 4)
[10:36:35][INFO] Registered tree at (620, 141, 16)
[10:36:35][INFO] Registered tree at (620, 137, 4)
[10:36:35][INFO] Registered tree at (620, 141, 16)
[10:36:35][INFO] Registered tree at (628, 138, 12)
[10:36:35][INFO] Registered tree at (620, 137, 4)
[10:36:35][INFO] Registered tree at (620, 141, 16)
[10:36:35][INFO] Registered tree at (628, 138, 12)
[10:36:35][INFO] Registered tree at (628, 143, 28)
[10:36:35][INFO] Registered tree at (620, 137, 4)
[10:36:35][INFO] Registered tree at (620, 141, 16)
[10:36:35][INFO] Registered tree at (628, 138, 12)
[10:36:35][INFO] Registered tree at (628, 143, 28)
[10:36:35][INFO] Registered tree at (632, 138, 0)
[10:36:35][INFO] Registered tree at (620, 137, 4)
[10:36:35][INFO] Registered tree at (620, 141, 16)
[10:36:35][INFO] Registered tree at (628, 138, 12)
[10:36:35][INFO] Registered tree at (628, 143, 28)
[10:36:35][INFO] Registered tree at (632, 138, 0)
[10:36:35][INFO] Registered tree at (632, 140, 20)
[10:36:35][INFO] Registered tree at (620, 137, 4)
[10:36:35][INFO] Registered tree at (620, 141, 16)
[10:36:35][INFO] Registered tree at (628, 138, 12)
[10:36:35][INFO] Registered tree at (628, 143, 28)
[10:36:35][INFO] Registered tree at (632, 138, 0)
[10:36:35][INFO] Registered tree at (632, 140, 20)
[10:36:35][INFO] Registered tree at (632, 142, 28)
[10:36:35][INFO] Registered tree at (620, 137, 4)
[10:36:35][INFO] Registered tree at (620, 137, 4)
[10:36:35][INFO] Registered tree at (620, 141, 16)
[10:36:35][INFO] Registered tree at (620, 137, 4)
[10:36:35][INFO] Registered tree at (620, 141, 16)
[10:36:35][INFO] Registered tree at (628, 138, 12)
[10:36:35][INFO] Registered tree at (620, 137, 4)
[10:36:35][INFO] Registered tree at (620, 141, 16)
[10:36:35][INFO] Registered tree at (628, 138, 12)
[10:36:35][INFO] Registered tree at (628, 143, 28)
[10:36:35][INFO] Registered tree at (620, 137, 4)
[10:36:35][INFO] Registered tree at (620, 141, 16)
[10:36:35][INFO] Registered tree at (628, 138, 12)
[10:36:35][INFO] Registered tree at (628, 143, 28)
[10:36:35][INFO] Registered tree at (632, 138, 0)
[10:36:35][INFO] Registered tree at (620, 137, 4)
[10:36:35][INFO] Registered tree at (620, 141, 16)
[10:36:35][INFO] Registered tree at (628, 138, 12)
[10:36:35][INFO] Registered tree at (628, 143, 28)
[10:36:35][INFO] Registered tree at (632, 138, 0)
[10:36:35][INFO] Registered tree at (632, 140, 20)
[10:36:35][INFO] Registered tree at (620, 137, 4)
[10:36:35][INFO] Registered tree at (620, 141, 16)
[10:36:35][INFO] Registered tree at (628, 138, 12)
[10:36:35][INFO] Registered tree at (628, 143, 28)
[10:36:35][INFO] Registered tree at (632, 138, 0)
[10:36:35][INFO] Registered tree at (632, 140, 20)
[10:36:35][INFO] Registered tree at (632, 142, 28)
[10:36:35][INFO] Registered tree at (620, 137, 4)
[10:36:35][INFO] Registered tree at (620, 137, 4)
[10:36:35][INFO] Registered tree at (620, 141, 16)
[10:36:35][INFO] Registered tree at (620, 137, 4)
[10:36:35][INFO] Registered tree at (620, 141, 16)
[10:36:35][INFO] Registered tree at (628, 138, 12)
[10:36:35][INFO] Registered tree at (620, 137, 4)
[10:36:35][INFO] Registered tree at (620, 141, 16)
[10:36:35][INFO] Registered tree at (628, 138, 12)
[10:36:35][INFO] Registered tree at (628, 143, 28)
[10:36:35][INFO] Registered tree at (620, 137, 4)
[10:36:35][INFO] Registered tree at (620, 141, 16)
[10:36:35][INFO] Registered tree at (628, 138, 12)
[10:36:35][INFO] Registered tree at (628, 143, 28)
[10:36:35][INFO] Registered tree at (632, 138, 0)
[10:36:35][INFO] Registered tree at (620, 137, 4)
[10:36:35][INFO] Registered tree at (620, 141, 16)
[10:36:35][INFO] Registered tree at (628, 138, 12)
[10:36:35][INFO] Registered tree at (628, 143, 28)
[10:36:35][INFO] Registered tree at (632, 138, 0)
[10:36:35][INFO] Registered tree at (632, 140, 20)
[10:36:35][INFO] Registered tree at (620, 137, 4)
[10:36:35][INFO] Registered tree at (620, 141, 16)
[10:36:35][INFO] Registered tree at (628, 138, 12)
[10:36:35][INFO] Registered tree at (628, 143, 28)
[10:36:35][INFO] Registered tree at (632, 138, 0)
[10:36:35][INFO] Registered tree at (632, 140, 20)
[10:36:35][INFO] Registered tree at (632, 142, 28)
[10:36:36][INFO] Chopping tree at (580, -60)
[10:36:36][INFO] Chopping tree at (580, -60)
[10:36:37][INFO] Chopping tree at (580, -60)
[10:36:40][INFO] Chopping tree at (576, -48)
[10:36:41][INFO] Chopping tree at (576, -48)
[10:36:41][INFO] Chopping tree at (576, -48)
[10:36:47][INFO] Registered tree at (580, 151, 40)
[10:36:47][INFO] Registered tree at (612, 149, 36)
[10:36:47][INFO] Registered tree at (612, 149, 36)
[10:36:47][INFO] Registered tree at (612, 148, 40)
[10:36:47][INFO] Registered tree at (612, 149, 36)
[10:36:47][INFO] Registered tree at (612, 148, 40)
[10:36:47][INFO] Registered tree at (612, 148, 52)
[10:36:47][INFO] Registered tree at (612, 149, 36)
[10:36:47][INFO] Registered tree at (612, 148, 40)
[10:36:47][INFO] Registered tree at (612, 148, 52)
[10:36:47][INFO] Registered tree at (616, 149, 32)
[10:36:47][INFO] Registered tree at (612, 149, 36)
[10:36:47][INFO] Registered tree at (612, 148, 40)
[10:36:47][INFO] Registered tree at (612, 148, 52)
[10:36:47][INFO] Registered tree at (616, 149, 32)
[10:36:47][INFO] Registered tree at (620, 148, 48)
[10:36:47][INFO] Registered tree at (612, 149, 36)
[10:36:47][INFO] Registered tree at (612, 148, 40)
[10:36:47][INFO] Registered tree at (612, 148, 52)
[10:36:47][INFO] Registered tree at (616, 149, 32)
[10:36:47][INFO] Registered tree at (620, 148, 48)
[10:36:47][INFO] Registered tree at (628, 146, 36)
[10:36:47][INFO] Registered tree at (612, 149, 36)
[10:36:47][INFO] Registered tree at (612, 148, 40)
[10:36:47][INFO] Registered tree at (612, 148, 52)
[10:36:47][INFO] Registered tree at (616, 149, 32)
[10:36:47][INFO] Registered tree at (620, 148, 48)
[10:36:47][INFO] Registered tree at (628, 146, 36)
[10:36:47][INFO] Registered tree at (628, 150, 60)
[10:36:47][INFO] Registered tree at (612, 149, 36)
[10:36:47][INFO] Registered tree at (612, 148, 40)
[10:36:47][INFO] Registered tree at (612, 148, 52)
[10:36:47][INFO] Registered tree at (616, 149, 32)
[10:36:47][INFO] Registered tree at (620, 148, 48)
[10:36:47][INFO] Registered tree at (628, 146, 36)
[10:36:47][INFO] Registered tree at (628, 150, 60)
[10:36:47][INFO] Registered tree at (632, 148, 52)
[10:36:47][INFO] Registered tree at (612, 149, 36)
[10:36:47][INFO] Registered tree at (612, 148, 40)
[10:36:47][INFO] Registered tree at (612, 148, 52)
[10:36:47][INFO] Registered tree at (616, 149, 32)
[10:36:47][INFO] Registered tree at (620, 148, 48)
[10:36:47][INFO] Registered tree at (628, 146, 36)
[10:36:47][INFO] Registered tree at (628, 150, 60)
[10:36:47][INFO] Registered tree at (632, 148, 52)
[10:36:47][INFO] Registered tree at (636, 143, 32)
[10:36:47][INFO] Registered tree at (580, 151, 40)
[10:36:47][INFO] Registered tree at (640, 143, 36)
[10:36:47][INFO] Registered tree at (640, 143, 36)
[10:36:47][INFO] Registered tree at (652, 146, 52)
[10:36:47][INFO] Registered tree at (640, 143, 36)
[10:36:47][INFO] Registered tree at (652, 146, 52)
[10:36:47][INFO] Registered tree at (660, 139, 44)
[10:36:47][INFO] Registered tree at (580, 151, 40)
[10:36:47][INFO] Registered tree at (612, 149, 36)
[10:36:47][INFO] Registered tree at (612, 149, 36)
[10:36:47][INFO] Registered tree at (612, 148, 40)
[10:36:47][INFO] Registered tree at (612, 149, 36)
[10:36:47][INFO] Registered tree at (612, 148, 40)
[10:36:47][INFO] Registered tree at (612, 148, 52)
[10:36:47][INFO] Registered tree at (612, 149, 36)
[10:36:47][INFO] Registered tree at (612, 148, 40)
[10:36:47][INFO] Registered tree at (612, 148, 52)
[10:36:47][INFO] Registered tree at (616, 149, 32)
[10:36:47][INFO] Registered tree at (612, 149, 36)
[10:36:47][INFO] Registered tree at (612, 148, 40)
[10:36:47][INFO] Registered tree at (612, 148, 52)
[10:36:47][INFO] Registered tree at (616, 149, 32)
[10:36:47][INFO] Registered tree at (620, 148, 48)
[10:36:47][INFO] Registered tree at (612, 149, 36)
[10:36:47][INFO] Registered tree at (612, 148, 40)
[10:36:47][INFO] Registered tree at (612, 148, 52)
[10:36:47][INFO] Registered tree at (616, 149, 32)
[10:36:47][INFO] Registered tree at (620, 148, 48)
[10:36:47][INFO] Registered tree at (628, 146, 36)
[10:36:47][INFO] Registered tree at (612, 149, 36)
[10:36:47][INFO] Registered tree at (612, 148, 40)
[10:36:47][INFO] Registered tree at (612, 148, 52)
[10:36:47][INFO] Registered tree at (616, 149, 32)
[10:36:47][INFO] Registered tree at (620, 148, 48)
[10:36:47][INFO] Registered tree at (628, 146, 36)
[10:36:47][INFO] Registered tree at (628, 150, 60)
[10:36:47][INFO] Registered tree at (612, 149, 36)
[10:36:47][INFO] Registered tree at (612, 148, 40)
[10:36:47][INFO] Registered tree at (612, 148, 52)
[10:36:47][INFO] Registered tree at (616, 149, 32)
[10:36:47][INFO] Registered tree at (620, 148, 48)
[10:36:47][INFO] Registered tree at (628, 146, 36)
[10:36:47][INFO] Registered tree at (628, 150, 60)
[10:36:47][INFO] Registered tree at (632, 148, 52)
[10:36:47][INFO] Registered tree at (612, 149, 36)
[10:36:47][INFO] Registered tree at (612, 148, 40)
[10:36:47][INFO] Registered tree at (612, 148, 52)
[10:36:47][INFO] Registered tree at (616, 149, 32)
[10:36:47][INFO] Registered tree at (620, 148, 48)
[10:36:47][INFO] Registered tree at (628, 146, 36)
[10:36:47][INFO] Registered tree at (628, 150, 60)
[10:36:47][INFO] Registered tree at (632, 148, 52)
[10:36:47][INFO] Registered tree at (636, 143, 32)
[10:36:47][INFO] Registered tree at (612, 149, 36)
[10:36:47][INFO] Registered tree at (612, 149, 36)
[10:36:47][INFO] Registered tree at (612, 148, 40)
[10:36:47][INFO] Registered tree at (612, 149, 36)
[10:36:47][INFO] Registered tree at (612, 148, 40)
[10:36:47][INFO] Registered tree at (612, 148, 52)
[10:36:47][INFO] Registered tree at (612, 149, 36)
[10:36:47][INFO] Registered tree at (612, 148, 40)
[10:36:47][INFO] Registered tree at (612, 148, 52)
[10:36:47][INFO] Registered tree at (616, 149, 32)
[10:36:47][INFO] Registered tree at (612, 149, 36)
[10:36:47][INFO] Registered tree at (612, 148, 40)
[10:36:47][INFO] Registered tree at (612, 148, 52)
[10:36:47][INFO] Registered tree at (616, 149, 32)
[10:36:47][INFO] Registered tree at (620, 148, 48)
[10:36:47][INFO] Registered tree at (612, 149, 36)
[10:36:47][INFO] Registered tree at (612, 148, 40)
[10:36:47][INFO] Registered tree at (612, 148, 52)
[10:36:47][INFO] Registered tree at (616, 149, 32)
[10:36:47][INFO] Registered tree at (620, 148, 48)
[10:36:47][INFO] Registered tree at (628, 146, 36)
[10:36:47][INFO] Registered tree at (612, 149, 36)
[10:36:47][INFO] Registered tree at (612, 148, 40)
[10:36:47][INFO] Registered tree at (612, 148, 52)
[10:36:47][INFO] Registered tree at (616, 149, 32)
[10:36:47][INFO] Registered tree at (620, 148, 48)
[10:36:47][INFO] Registered tree at (628, 146, 36)
[10:36:47][INFO] Registered tree at (628, 150, 60)
[10:36:47][INFO] Registered tree at (612, 149, 36)
[10:36:47][INFO] Registered tree at (612, 148, 40)
[10:36:47][INFO] Registered tree at (612, 148, 52)
[10:36:47][INFO] Registered tree at (616, 149, 32)
[10:36:47][INFO] Registered tree at (620, 148, 48)
[10:36:47][INFO] Registered tree at (628, 146, 36)
[10:36:47][INFO] Registered tree at (628, 150, 60)
[10:36:47][INFO] Registered tree at (632, 148, 52)
[10:36:47][INFO] Registered tree at (612, 149, 36)
[10:36:47][INFO] Registered tree at (612, 148, 40)
[10:36:47][INFO] Registered tree at (612, 148, 52)
[10:36:47][INFO] Registered tree at (616, 149, 32)
[10:36:47][INFO] Registered tree at (620, 148, 48)
[10:36:47][INFO] Registered tree at (628, 146, 36)
[10:36:47][INFO] Registered tree at (628, 150, 60)
[10:36:47][INFO] Registered tree at (632, 148, 52)
[10:36:47][INFO] Registered tree at (636, 143, 32)
[10:36:47][INFO] Registered tree at (640, 143, 36)
[10:36:47][INFO] Registered tree at (640, 143, 36)
[10:36:47][INFO] Registered tree at (652, 146, 52)
[10:36:47][INFO] Registered tree at (640, 143, 36)
[10:36:47][INFO] Registered tree at (652, 146, 52)
[10:36:47][INFO] Registered tree at (660, 139, 44)
[10:36:47][INFO] Registered tree at (640, 143, 36)
[10:36:47][INFO] Registered tree at (640, 143, 36)
[10:36:47][INFO] Registered tree at (652, 146, 52)
[10:36:47][INFO] Registered tree at (640, 143, 36)
[10:36:47][INFO] Registered tree at (652, 146, 52)
[10:36:47][INFO] Registered tree at (660, 139, 44)
[10:36:47][INFO] Registered tree at (580, 151, 40)
[10:36:47][INFO] Registered tree at (580, 151, 40)
[10:36:47][INFO] Registered tree at (612, 149, 36)
[10:36:47][INFO] Registered tree at (612, 149, 36)
[10:36:47][INFO] Registered tree at (612, 148, 40)
[10:36:47][INFO] Registered tree at (612, 149, 36)
[10:36:47][INFO] Registered tree at (612, 148, 40)
[10:36:47][INFO] Registered tree at (612, 148, 52)
[10:36:47][INFO] Registered tree at (612, 149, 36)
[10:36:47][INFO] Registered tree at (612, 148, 40)
[10:36:47][INFO] Registered tree at (612, 148, 52)
[10:36:47][INFO] Registered tree at (616, 149, 32)
[10:36:47][INFO] Registered tree at (612, 149, 36)
[10:36:47][INFO] Registered tree at (612, 148, 40)
[10:36:47][INFO] Registered tree at (612, 148, 52)
[10:36:47][INFO] Registered tree at (616, 149, 32)
[10:36:47][INFO] Registered tree at (620, 148, 48)
[10:36:47][INFO] Registered tree at (612, 149, 36)
[10:36:47][INFO] Registered tree at (612, 148, 40)
[10:36:47][INFO] Registered tree at (612, 148, 52)
[10:36:47][INFO] Registered tree at (616, 149, 32)
[10:36:47][INFO] Registered tree at (620, 148, 48)
[10:36:47][INFO] Registered tree at (628, 146, 36)
[10:36:47][INFO] Registered tree at (612, 149, 36)
[10:36:47][INFO] Registered tree at (612, 148, 40)
[10:36:47][INFO] Registered tree at (612, 148, 52)
[10:36:47][INFO] Registered tree at (616, 149, 32)
[10:36:47][INFO] Registered tree at (620, 148, 48)
[10:36:47][INFO] Registered tree at (628, 146, 36)
[10:36:47][INFO] Registered tree at (628, 150, 60)
[10:36:47][INFO] Registered tree at (612, 149, 36)
[10:36:47][INFO] Registered tree at (612, 148, 40)
[10:36:47][INFO] Registered tree at (612, 148, 52)
[10:36:47][INFO] Registered tree at (616, 149, 32)
[10:36:47][INFO] Registered tree at (620, 148, 48)
[10:36:47][INFO] Registered tree at (628, 146, 36)
[10:36:47][INFO] Registered tree at (628, 150, 60)
[10:36:47][INFO] Registered tree at (632, 148, 52)
[10:36:47][INFO] Registered tree at (612, 149, 36)
[10:36:47][INFO] Registered tree at (612, 148, 40)
[10:36:47][INFO] Registered tree at (612, 148, 52)
[10:36:47][INFO] Registered tree at (616, 149, 32)
[10:36:47][INFO] Registered tree at (620, 148, 48)
[10:36:47][INFO] Registered tree at (628, 146, 36)
[10:36:47][INFO] Registered tree at (628, 150, 60)
[10:36:47][INFO] Registered tree at (632, 148, 52)
[10:36:47][INFO] Registered tree at (636, 143, 32)
[10:36:47][INFO] Registered tree at (612, 149, 36)
[10:36:47][INFO] Registered tree at (612, 149, 36)
[10:36:47][INFO] Registered tree at (612, 148, 40)
[10:36:47][INFO] Registered tree at (612, 149, 36)
[10:36:47][INFO] Registered tree at (612, 148, 40)
[10:36:47][INFO] Registered tree at (612, 148, 52)
[10:36:47][INFO] Registered tree at (612, 149, 36)
[10:36:47][INFO] Registered tree at (612, 148, 40)
[10:36:47][INFO] Registered tree at (612, 148, 52)
[10:36:47][INFO] Registered tree at (616, 149, 32)
[10:36:47][INFO] Registered tree at (612, 149, 36)
[10:36:47][INFO] Registered tree at (612, 148, 40)
[10:36:47][INFO] Registered tree at (612, 148, 52)
[10:36:47][INFO] Registered tree at (616, 149, 32)
[10:36:47][INFO] Registered tree at (620, 148, 48)
[10:36:47][INFO] Registered tree at (612, 149, 36)
[10:36:47][INFO] Registered tree at (612, 148, 40)
[10:36:47][INFO] Registered tree at (612, 148, 52)
[10:36:47][INFO] Registered tree at (616, 149, 32)
[10:36:47][INFO] Registered tree at (620, 148, 48)
[10:36:47][INFO] Registered tree at (628, 146, 36)
[10:36:47][INFO] Registered tree at (612, 149, 36)
[10:36:47][INFO] Registered tree at (612, 148, 40)
[10:36:47][INFO] Registered tree at (612, 148, 52)
[10:36:47][INFO] Registered tree at (616, 149, 32)
[10:36:47][INFO] Registered tree at (620, 148, 48)
[10:36:47][INFO] Registered tree at (628, 146, 36)
[10:36:47][INFO] Registered tree at (628, 150, 60)
[10:36:47][INFO] Registered tree at (612, 149, 36)
[10:36:47][INFO] Registered tree at (612, 148, 40)
[10:36:47][INFO] Registered tree at (612, 148, 52)
[10:36:47][INFO] Registered tree at (616, 149, 32)
[10:36:47][INFO] Registered tree at (620, 148, 48)
[10:36:47][INFO] Registered tree at (628, 146, 36)
[10:36:47][INFO] Registered tree at (628, 150, 60)
[10:36:47][INFO] Registered tree at (632, 148, 52)
[10:36:47][INFO] Registered tree at (612, 149, 36)
[10:36:47][INFO] Registered tree at (612, 148, 40)
[10:36:47][INFO] Registered tree at (612, 148, 52)
[10:36:47][INFO] Registered tree at (616, 149, 32)
[10:36:47][INFO] Registered tree at (620, 148, 48)
[10:36:47][INFO] Registered tree at (628, 146, 36)
[10:36:47][INFO] Registered tree at (628, 150, 60)
[10:36:47][INFO] Registered tree at (632, 148, 52)
[10:36:47][INFO] Registered tree at (636, 143, 32)
[10:36:47][INFO] Registered tree at (640, 143, 36)
[10:36:47][INFO] Registered tree at (640, 143, 36)
[10:36:47][INFO] Registered tree at (652, 146, 52)
[10:36:47][INFO] Registered tree at (640, 143, 36)
[10:36:47][INFO] Registered tree at (652, 146, 52)
[10:36:47][INFO] Registered tree at (660, 139, 44)
[10:36:47][INFO] Registered tree at (640, 143, 36)
[10:36:47][INFO] Registered tree at (640, 143, 36)
[10:36:47][INFO] Registered tree at (652, 146, 52)
[10:36:47][INFO] Registered tree at (640, 143, 36)
[10:36:47][INFO] Registered tree at (652, 146, 52)
[10:36:47][INFO] Registered tree at (660, 139, 44)
[10:36:47][INFO] Registered tree at (580, 151, 40)
[10:36:47][INFO] Registered tree at (580, 151, 40)
[10:36:47][INFO] Registered tree at (612, 149, 36)
[10:36:47][INFO] Registered tree at (612, 149, 36)
[10:36:47][INFO] Registered tree at (612, 148, 40)
[10:36:47][INFO] Registered tree at (612, 149, 36)
[10:36:47][INFO] Registered tree at (612, 148, 40)
[10:36:47][INFO] Registered tree at (612, 148, 52)
[10:36:47][INFO] Registered tree at (612, 149, 36)
[10:36:47][INFO] Registered tree at (612, 148, 40)
[10:36:47][INFO] Registered tree at (612, 148, 52)
[10:36:47][INFO] Registered tree at (616, 149, 32)
[10:36:47][INFO] Registered tree at (612, 149, 36)
[10:36:47][INFO] Registered tree at (612, 148, 40)
[10:36:47][INFO] Registered tree at (612, 148, 52)
[10:36:47][INFO] Registered tree at (616, 149, 32)
[10:36:47][INFO] Registered tree at (620, 148, 48)
[10:36:47][INFO] Registered tree at (612, 149, 36)
[10:36:47][INFO] Registered tree at (612, 148, 40)
[10:36:47][INFO] Registered tree at (612, 148, 52)
[10:36:47][INFO] Registered tree at (616, 149, 32)
[10:36:47][INFO] Registered tree at (620, 148, 48)
[10:36:47][INFO] Registered tree at (628, 146, 36)
[10:36:47][INFO] Registered tree at (612, 149, 36)
[10:36:47][INFO] Registered tree at (612, 148, 40)
[10:36:47][INFO] Registered tree at (612, 148, 52)
[10:36:47][INFO] Registered tree at (616, 149, 32)
[10:36:47][INFO] Registered tree at (620, 148, 48)
[10:36:47][INFO] Registered tree at (628, 146, 36)
[10:36:47][INFO] Registered tree at (628, 150, 60)
[10:36:47][INFO] Registered tree at (612, 149, 36)
[10:36:47][INFO] Registered tree at (612, 148, 40)
[10:36:47][INFO] Registered tree at (612, 148, 52)
[10:36:47][INFO] Registered tree at (616, 149, 32)
[10:36:47][INFO] Registered tree at (620, 148, 48)
[10:36:47][INFO] Registered tree at (628, 146, 36)
[10:36:47][INFO] Registered tree at (628, 150, 60)
[10:36:47][INFO] Registered tree at (632, 148, 52)
[10:36:47][INFO] Registered tree at (612, 149, 36)
[10:36:47][INFO] Registered tree at (612, 148, 40)
[10:36:47][INFO] Registered tree at (612, 148, 52)
[10:36:47][INFO] Registered tree at (616, 149, 32)
[10:36:47][INFO] Registered tree at (620, 148, 48)
[10:36:47][INFO] Registered tree at (628, 146, 36)
[10:36:47][INFO] Registered tree at (628, 150, 60)
[10:36:47][INFO] Registered tree at (632, 148, 52)
[10:36:47][INFO] Registered tree at (636, 143, 32)
[10:36:47][INFO] Registered tree at (612, 149, 36)
[10:36:47][INFO] Registered tree at (612, 149, 36)
[10:36:47][INFO] Registered tree at (612, 148, 40)
[10:36:47][INFO] Registered tree at (612, 149, 36)
[10:36:47][INFO] Registered tree at (612, 148, 40)
[10:36:47][INFO] Registered tree at (612, 148, 52)
[10:36:47][INFO] Registered tree at (612, 149, 36)
[10:36:47][INFO] Registered tree at (612, 148, 40)
[10:36:47][INFO] Registered tree at (612, 148, 52)
[10:36:47][INFO] Registered tree at (616, 149, 32)
[10:36:47][INFO] Registered tree at (612, 149, 36)
[10:36:47][INFO] Registered tree at (612, 148, 40)
[10:36:47][INFO] Registered tree at (612, 148, 52)
[10:36:47][INFO] Registered tree at (616, 149, 32)
[10:36:47][INFO] Registered tree at (620, 148, 48)
[10:36:47][INFO] Registered tree at (612, 149, 36)
[10:36:47][INFO] Registered tree at (612, 148, 40)
[10:36:47][INFO] Registered tree at (612, 148, 52)
[10:36:47][INFO] Registered tree at (616, 149, 32)
[10:36:47][INFO] Registered tree at (620, 148, 48)
[10:36:47][INFO] Registered tree at (628, 146, 36)
[10:36:47][INFO] Registered tree at (612, 149, 36)
[10:36:47][INFO] Registered tree at (612, 148, 40)
[10:36:47][INFO] Registered tree at (612, 148, 52)
[10:36:47][INFO] Registered tree at (616, 149, 32)
[10:36:47][INFO] Registered tree at (620, 148, 48)
[10:36:47][INFO] Registered tree at (628, 146, 36)
[10:36:47][INFO] Registered tree at (628, 150, 60)
[10:36:47][INFO] Registered tree at (612, 149, 36)
[10:36:47][INFO] Registered tree at (612, 148, 40)
[10:36:47][INFO] Registered tree at (612, 148, 52)
[10:36:47][INFO] Registered tree at (616, 149, 32)
[10:36:47][INFO] Registered tree at (620, 148, 48)
[10:36:47][INFO] Registered tree at (628, 146, 36)
[10:36:47][INFO] Registered tree at (628, 150, 60)
[10:36:47][INFO] Registered tree at (632, 148, 52)
[10:36:47][INFO] Registered tree at (612, 149, 36)
[10:36:47][INFO] Registered tree at (612, 148, 40)
[10:36:47][INFO] Registered tree at (612, 148, 52)
[10:36:47][INFO] Registered tree at (616, 149, 32)
[10:36:47][INFO] Registered tree at (620, 148, 48)
[10:36:47][INFO] Registered tree at (628, 146, 36)
[10:36:47][INFO] Registered tree at (628, 150, 60)
[10:36:47][INFO] Registered tree at (632, 148, 52)
[10:36:47][INFO] Registered tree at (636, 143, 32)
[10:36:47][INFO] Registered tree at (640, 143, 36)
[10:36:47][INFO] Registered tree at (640, 143, 36)
[10:36:47][INFO] Registered tree at (652, 146, 52)
[10:36:47][INFO] Registered tree at (640, 143, 36)
[10:36:47][INFO] Registered tree at (652, 146, 52)
[10:36:47][INFO] Registered tree at (660, 139, 44)
[10:36:47][INFO] Registered tree at (640, 143, 36)
[10:36:47][INFO] Registered tree at (640, 143, 36)
[10:36:47][INFO] Registered tree at (652, 146, 52)
[10:36:47][INFO] Registered tree at (640, 143, 36)
[10:36:47][INFO] Registered tree at (652, 146, 52)
[10:36:47][INFO] Registered tree at (660, 139, 44)
[10:36:47][INFO] Registered tree at (580, 151, 40)
[10:36:47][INFO] Registered tree at (580, 151, 40)
[10:36:47][INFO] Registered tree at (612, 149, 36)
[10:36:47][INFO] Registered tree at (612, 149, 36)
[10:36:47][INFO] Registered tree at (612, 148, 40)
[10:36:47][INFO] Registered tree at (612, 149, 36)
[10:36:47][INFO] Registered tree at (612, 148, 40)
[10:36:47][INFO] Registered tree at (612, 148, 52)
[10:36:47][INFO] Registered tree at (612, 149, 36)
[10:36:47][INFO] Registered tree at (612, 148, 40)
[10:36:47][INFO] Registered tree at (612, 148, 52)
[10:36:47][INFO] Registered tree at (616, 149, 32)
[10:36:47][INFO] Registered tree at (612, 149, 36)
[10:36:47][INFO] Registered tree at (612, 148, 40)
[10:36:47][INFO] Registered tree at (612, 148, 52)
[10:36:47][INFO] Registered tree at (616, 149, 32)
[10:36:47][INFO] Registered tree at (620, 148, 48)
[10:36:47][INFO] Registered tree at (612, 149, 36)
[10:36:47][INFO] Registered tree at (612, 148, 40)
[10:36:47][INFO] Registered tree at (612, 148, 52)
[10:36:47][INFO] Registered tree at (616, 149, 32)
[10:36:47][INFO] Registered tree at (620, 148, 48)
[10:36:47][INFO] Registered tree at (628, 146, 36)
[10:36:47][INFO] Registered tree at (612, 149, 36)
[10:36:47][INFO] Registered tree at (612, 148, 40)
[10:36:47][INFO] Registered tree at (612, 148, 52)
[10:36:47][INFO] Registered tree at (616, 149, 32)
[10:36:47][INFO] Registered tree at (620, 148, 48)
[10:36:47][INFO] Registered tree at (628, 146, 36)
[10:36:47][INFO] Registered tree at (628, 150, 60)
[10:36:47][INFO] Registered tree at (612, 149, 36)
[10:36:47][INFO] Registered tree at (612, 148, 40)
[10:36:47][INFO] Registered tree at (612, 148, 52)
[10:36:47][INFO] Registered tree at (616, 149, 32)
[10:36:47][INFO] Registered tree at (620, 148, 48)
[10:36:47][INFO] Registered tree at (628, 146, 36)
[10:36:47][INFO] Registered tree at (628, 150, 60)
[10:36:47][INFO] Registered tree at (632, 148, 52)
[10:36:47][INFO] Registered tree at (612, 149, 36)
[10:36:47][INFO] Registered tree at (612, 148, 40)
[10:36:47][INFO] Registered tree at (612, 148, 52)
[10:36:47][INFO] Registered tree at (616, 149, 32)
[10:36:47][INFO] Registered tree at (620, 148, 48)
[10:36:47][INFO] Registered tree at (628, 146, 36)
[10:36:47][INFO] Registered tree at (628, 150, 60)
[10:36:47][INFO] Registered tree at (632, 148, 52)
[10:36:47][INFO] Registered tree at (636, 143, 32)
[10:36:47][INFO] Registered tree at (612, 149, 36)
[10:36:47][INFO] Registered tree at (612, 149, 36)
[10:36:47][INFO] Registered tree at (612, 148, 40)
[10:36:47][INFO] Registered tree at (612, 149, 36)
[10:36:47][INFO] Registered tree at (612, 148, 40)
[10:36:47][INFO] Registered tree at (612, 148, 52)
[10:36:47][INFO] Registered tree at (612, 149, 36)
[10:36:47][INFO] Registered tree at (612, 148, 40)
[10:36:47][INFO] Registered tree at (612, 148, 52)
[10:36:47][INFO] Registered tree at (616, 149, 32)
[10:36:47][INFO] Registered tree at (612, 149, 36)
[10:36:47][INFO] Registered tree at (612, 148, 40)
[10:36:47][INFO] Registered tree at (612, 148, 52)
[10:36:47][INFO] Registered tree at (616, 149, 32)
[10:36:47][INFO] Registered tree at (620, 148, 48)
[10:36:47][INFO] Registered tree at (612, 149, 36)
[10:36:47][INFO] Registered tree at (612, 148, 40)
[10:36:47][INFO] Registered tree at (612, 148, 52)
[10:36:47][INFO] Registered tree at (616, 149, 32)
[10:36:47][INFO] Registered tree at (620, 148, 48)
[10:36:47][INFO] Registered tree at (628, 146, 36)
[10:36:47][INFO] Registered tree at (612, 149, 36)
[10:36:47][INFO] Registered tree at (612, 148, 40)
[10:36:47][INFO] Registered tree at (612, 148, 52)
[10:36:47][INFO] Registered tree at (616, 149, 32)
[10:36:47][INFO] Registered tree at (620, 148, 48)
[10:36:47][INFO] Registered tree at (628, 146, 36)
[10:36:47][INFO] Registered tree at (628, 150, 60)
[10:36:47][INFO] Registered tree at (612, 149, 36)
[10:36:47][INFO] Registered tree at (612, 148, 40)
[10:36:47][INFO] Registered tree at (612, 148, 52)
[10:36:47][INFO] Registered tree at (616, 149, 32)
[10:36:47][INFO] Registered tree at (620, 148, 48)
[10:36:47][INFO] Registered tree at (628, 146, 36)
[10:36:47][INFO] Registered tree at (628, 150, 60)
[10:36:47][INFO] Registered tree at (632, 148, 52)
[10:36:47][INFO] Registered tree at (612, 149, 36)
[10:36:47][INFO] Registered tree at (612, 148, 40)
[10:36:47][INFO] Registered tree at (612, 148, 52)
[10:36:47][INFO] Registered tree at (616, 149, 32)
[10:36:47][INFO] Registered tree at (620, 148, 48)
[10:36:47][INFO] Registered tree at (628, 146, 36)
[10:36:47][INFO] Registered tree at (628, 150, 60)
[10:36:47][INFO] Registered tree at (632, 148, 52)
[10:36:47][INFO] Registered tree at (636, 143, 32)
[10:36:47][INFO] Registered tree at (640, 143, 36)
[10:36:47][INFO] Registered tree at (640, 143, 36)
[10:36:47][INFO] Registered tree at (652, 146, 52)
[10:36:47][INFO] Registered tree at (640, 143, 36)
[10:36:47][INFO] Registered tree at (652, 146, 52)
[10:36:47][INFO] Registered tree at (660, 139, 44)
[10:36:47][INFO] Registered tree at (640, 143, 36)
[10:36:47][INFO] Registered tree at (640, 143, 36)
[10:36:47][INFO] Registered tree at (652, 146, 52)
[10:36:47][INFO] Registered tree at (640, 143, 36)
[10:36:47][INFO] Registered tree at (652, 146, 52)
[10:36:47][INFO] Registered tree at (660, 139, 44)
[10:36:47][INFO] Registered tree at (492, 151, 40)
[10:36:47][INFO] Registered tree at (492, 151, 40)
[10:36:47][INFO] Registered tree at (492, 151, 40)
[10:36:47][INFO] Registered tree at (492, 151, 40)
[10:36:47][INFO] Registered tree at (492, 151, 40)
[10:36:47][INFO] Registered tree at (492, 151, 40)
[10:36:47][INFO] Registered tree at (492, 151, 40)
[10:36:47][INFO] Registered tree at (492, 151, 40)
[10:36:47][INFO] Registered tree at (492, 151, 40)
[10:36:47][INFO] Chopping tree at (572, -28)
[10:36:48][INFO] Chopping tree at (572, -28)
[10:36:49][INFO] Chopping tree at (572, -28)
[10:36:56][INFO] Chopping tree at (576, -16)
[10:36:57][INFO] Chopping tree at (576, -16)
[10:36:58][INFO] Chopping tree at (576, -16)
[10:37:01][INFO] Peer disconnected
[10:37:01][INFO] Player left: Guest (id=1)
[10:37:01][INFO] Peer connected (awaiting auth)
[10:37:01][INFO] Player authenticated: Guest (id=2)
[10:37:01][INFO] Registered tree at (556, 145, 68)
[10:37:01][INFO] Registered tree at (512, 142, 68)
[10:37:01][INFO] Registered tree at (512, 142, 68)
[10:37:01][INFO] Registered tree at (532, 144, 84)
[10:37:01][INFO] Registered tree at (600, 149, 68)
[10:37:01][INFO] Registered tree at (556, 145, 68)
[10:37:01][INFO] Registered tree at (556, 145, 68)
[10:37:01][INFO] Registered tree at (484, 141, 68)
[10:37:01][INFO] Registered tree at (484, 141, 68)
[10:37:01][INFO] Registered tree at (488, 140, 76)
[10:37:01][INFO] Registered tree at (484, 141, 68)
[10:37:01][INFO] Registered tree at (488, 140, 76)
[10:37:01][INFO] Registered tree at (492, 140, 80)
[10:37:01][INFO] Registered tree at (484, 141, 68)
[10:37:01][INFO] Registered tree at (488, 140, 76)
[10:37:01][INFO] Registered tree at (492, 140, 80)
[10:37:01][INFO] Registered tree at (492, 138, 92)
[10:37:01][INFO] Registered tree at (484, 141, 68)
[10:37:01][INFO] Registered tree at (488, 140, 76)
[10:37:01][INFO] Registered tree at (492, 140, 80)
[10:37:01][INFO] Registered tree at (492, 138, 92)
[10:37:01][INFO] Registered tree at (496, 141, 84)
[10:37:01][INFO] Registered tree at (608, 151, 64)
[10:37:01][INFO] Registered tree at (608, 151, 64)
[10:37:01][INFO] Registered tree at (612, 150, 76)
[10:37:01][INFO] Registered tree at (512, 142, 68)
[10:37:01][INFO] Registered tree at (512, 142, 68)
[10:37:01][INFO] Registered tree at (532, 144, 84)
[10:37:01][INFO] Registered tree at (600, 149, 68)
[10:37:01][INFO] Registered tree at (512, 142, 68)
[10:37:01][INFO] Registered tree at (512, 142, 68)
[10:37:01][INFO] Registered tree at (532, 144, 84)
[10:37:01][INFO] Registered tree at (600, 149, 68)
[10:37:01][INFO] Registered tree at (684, 136, -16)
[10:37:01][INFO] Registered tree at (548, 141, 108)
[10:37:01][INFO] Registered tree at (548, 141, 108)
[10:37:01][INFO] Registered tree at (556, 139, 124)
[10:37:01][INFO] Registered tree at (484, 141, 68)
[10:37:01][INFO] Registered tree at (484, 141, 68)
[10:37:01][INFO] Registered tree at (488, 140, 76)
[10:37:01][INFO] Registered tree at (484, 141, 68)
[10:37:01][INFO] Registered tree at (488, 140, 76)
[10:37:01][INFO] Registered tree at (492, 140, 80)
[10:37:01][INFO] Registered tree at (484, 141, 68)
[10:37:01][INFO] Registered tree at (488, 140, 76)
[10:37:01][INFO] Registered tree at (492, 140, 80)
[10:37:01][INFO] Registered tree at (492, 138, 92)
[10:37:01][INFO] Registered tree at (484, 141, 68)
[10:37:01][INFO] Registered tree at (488, 140, 76)
[10:37:01][INFO] Registered tree at (492, 140, 80)
[10:37:01][INFO] Registered tree at (492, 138, 92)
[10:37:01][INFO] Registered tree at (496, 141, 84)
[10:37:01][INFO] Registered tree at (580, 142, 96)
[10:37:01][INFO] Registered tree at (580, 142, 96)
[10:37:01][INFO] Registered tree at (580, 140, 116)
[10:37:01][INFO] Registered tree at (580, 142, 96)
[10:37:01][INFO] Registered tree at (580, 140, 116)
[10:37:01][INFO] Registered tree at (588, 140, 116)
[10:37:01][INFO] Registered tree at (580, 142, 96)
[10:37:01][INFO] Registered tree at (580, 140, 116)
[10:37:01][INFO] Registered tree at (588, 140, 116)
[10:37:01][INFO] Registered tree at (596, 140, 108)
[10:37:01][INFO] Registered tree at (580, 142, 96)
[10:37:01][INFO] Registered tree at (580, 140, 116)
[10:37:01][INFO] Registered tree at (588, 140, 116)
[10:37:01][INFO] Registered tree at (596, 140, 108)
[10:37:01][INFO] Registered tree at (596, 140, 120)
[10:37:01][INFO] Registered tree at (484, 141, 68)
[10:37:01][INFO] Registered tree at (484, 141, 68)
[10:37:01][INFO] Registered tree at (488, 140, 76)
[10:37:01][INFO] Registered tree at (484, 141, 68)
[10:37:01][INFO] Registered tree at (488, 140, 76)
[10:37:01][INFO] Registered tree at (492, 140, 80)
[10:37:01][INFO] Registered tree at (484, 141, 68)
[10:37:01][INFO] Registered tree at (488, 140, 76)
[10:37:01][INFO] Registered tree at (492, 140, 80)
[10:37:01][INFO] Registered tree at (492, 138, 92)
[10:37:01][INFO] Registered tree at (484, 141, 68)
[10:37:01][INFO] Registered tree at (488, 140, 76)
[10:37:01][INFO] Registered tree at (492, 140, 80)
[10:37:01][INFO] Registered tree at (492, 138, 92)
[10:37:01][INFO] Registered tree at (496, 141, 84)
[10:37:01][INFO] Registered tree at (696, 142, 16)
[10:37:01][INFO] Registered tree at (524, 144, 108)
[10:37:01][INFO] Registered tree at (524, 144, 108)
[10:37:01][INFO] Registered tree at (528, 143, 100)
[10:37:01][INFO] Registered tree at (524, 144, 108)
[10:37:01][INFO] Registered tree at (528, 143, 100)
[10:37:01][INFO] Registered tree at (532, 143, 108)
[10:37:01][INFO] Registered tree at (524, 144, 108)
[10:37:01][INFO] Registered tree at (528, 143, 100)
[10:37:01][INFO] Registered tree at (532, 143, 108)
[10:37:01][INFO] Registered tree at (536, 144, 104)
[10:37:01][INFO] Registered tree at (676, 147, -60)
[10:37:01][INFO] Registered tree at (676, 147, -60)
[10:37:01][INFO] Registered tree at (676, 146, -52)
[10:37:01][INFO] Registered tree at (676, 147, -60)
[10:37:01][INFO] Registered tree at (676, 146, -52)
[10:37:01][INFO] Registered tree at (680, 146, -44)
[10:37:01][INFO] Registered tree at (676, 147, -60)
[10:37:01][INFO] Registered tree at (676, 146, -52)
[10:37:01][INFO] Registered tree at (680, 146, -44)
[10:37:01][INFO] Registered tree at (684, 146, -52)
[10:37:01][INFO] Registered tree at (676, 147, -60)
[10:37:01][INFO] Registered tree at (676, 146, -52)
[10:37:01][INFO] Registered tree at (680, 146, -44)
[10:37:01][INFO] Registered tree at (684, 146, -52)
[10:37:01][INFO] Registered tree at (692, 147, -48)
[10:37:01][INFO] Registered tree at (608, 151, 64)
[10:37:01][INFO] Registered tree at (608, 151, 64)
[10:37:01][INFO] Registered tree at (612, 150, 76)
[10:37:01][INFO] Registered tree at (608, 151, 64)
[10:37:01][INFO] Registered tree at (608, 151, 64)
[10:37:01][INFO] Registered tree at (612, 150, 76)
[10:37:01][INFO] Registered tree at (640, 147, 80)
[10:37:01][INFO] Registered tree at (640, 147, 80)
[10:37:01][INFO] Registered tree at (652, 146, 64)
[10:37:01][INFO] Registered tree at (640, 147, 80)
[10:37:01][INFO] Registered tree at (652, 146, 64)
[10:37:01][INFO] Registered tree at (652, 144, 84)
[10:37:01][INFO] Registered tree at (640, 147, 80)
[10:37:01][INFO] Registered tree at (652, 146, 64)
[10:37:01][INFO] Registered tree at (652, 144, 84)
[10:37:01][INFO] Registered tree at (660, 141, 68)
[10:37:01][INFO] Registered tree at (640, 147, 80)
[10:37:01][INFO] Registered tree at (652, 146, 64)
[10:37:01][INFO] Registered tree at (652, 144, 84)
[10:37:01][INFO] Registered tree at (660, 141, 68)
[10:37:01][INFO] Registered tree at (660, 140, 76)
[10:37:01][INFO] Registered tree at (640, 147, 80)
[10:37:01][INFO] Registered tree at (652, 146, 64)
[10:37:01][INFO] Registered tree at (652, 144, 84)
[10:37:01][INFO] Registered tree at (660, 141, 68)
[10:37:01][INFO] Registered tree at (660, 140, 76)
[10:37:01][INFO] Registered tree at (664, 143, 92)
[10:37:01][INFO] Registered tree at (452, 135, 68)
[10:37:01][INFO] Registered tree at (452, 135, 68)
[10:37:01][INFO] Registered tree at (468, 133, 92)
[10:37:01][INFO] Registered tree at (452, 135, 68)
[10:37:01][INFO] Registered tree at (468, 133, 92)
[10:37:01][INFO] Registered tree at (472, 133, 88)
[10:37:01][INFO] Registered tree at (676, 142, -80)
[10:37:01][INFO] Registered tree at (676, 142, -80)
[10:37:01][INFO] Registered tree at (680, 145, -68)
[10:37:01][INFO] Registered tree at (676, 142, -80)
[10:37:01][INFO] Registered tree at (680, 145, -68)
[10:37:01][INFO] Registered tree at (684, 145, -92)
[10:37:01][INFO] Registered tree at (676, 142, -80)
[10:37:01][INFO] Registered tree at (680, 145, -68)
[10:37:01][INFO] Registered tree at (684, 145, -92)
[10:37:01][INFO] Registered tree at (692, 145, -88)
[10:37:01][INFO] Registered tree at (548, 141, 108)
[10:37:01][INFO] Registered tree at (548, 141, 108)
[10:37:01][INFO] Registered tree at (556, 139, 124)
[10:37:01][INFO] Registered tree at (620, 146, 112)
[10:37:01][INFO] Registered tree at (620, 146, 112)
[10:37:01][INFO] Registered tree at (628, 144, 96)
[10:37:01][INFO] Registered tree at (620, 146, 112)
[10:37:01][INFO] Registered tree at (628, 144, 96)
[10:37:01][INFO] Registered tree at (628, 143, 104)
[10:37:01][INFO] Registered tree at (684, 136, -16)
[10:37:01][INFO] Registered tree at (676, 139, 60)
[10:37:01][INFO] Registered tree at (676, 139, 60)
[10:37:01][INFO] Registered tree at (680, 141, 32)
[10:37:01][INFO] Registered tree at (676, 139, 60)
[10:37:01][INFO] Registered tree at (680, 141, 32)
[10:37:01][INFO] Registered tree at (680, 138, 52)
[10:37:01][INFO] Registered tree at (676, 139, 60)
[10:37:01][INFO] Registered tree at (680, 141, 32)
[10:37:01][INFO] Registered tree at (680, 138, 52)
[10:37:01][INFO] Registered tree at (688, 141, 36)
[10:37:01][INFO] Registered tree at (684, 136, -16)
[10:37:02][INFO] Registered tree at (548, 141, 108)
[10:37:02][INFO] Registered tree at (548, 141, 108)
[10:37:02][INFO] Registered tree at (556, 139, 124)
[10:37:02][INFO] Registered tree at (488, 145, 120)
[10:37:02][INFO] Registered tree at (580, 142, 96)
[10:37:02][INFO] Registered tree at (580, 142, 96)
[10:37:02][INFO] Registered tree at (580, 140, 116)
[10:37:02][INFO] Registered tree at (580, 142, 96)
[10:37:02][INFO] Registered tree at (580, 140, 116)
[10:37:02][INFO] Registered tree at (588, 140, 116)
[10:37:02][INFO] Registered tree at (580, 142, 96)
[10:37:02][INFO] Registered tree at (580, 140, 116)
[10:37:02][INFO] Registered tree at (588, 140, 116)
[10:37:02][INFO] Registered tree at (596, 140, 108)
[10:37:02][INFO] Registered tree at (580, 142, 96)
[10:37:02][INFO] Registered tree at (580, 140, 116)
[10:37:02][INFO] Registered tree at (588, 140, 116)
[10:37:02][INFO] Registered tree at (596, 140, 108)
[10:37:02][INFO] Registered tree at (596, 140, 120)
[10:37:02][INFO] Registered tree at (676, 147, -60)
[10:37:02][INFO] Registered tree at (676, 147, -60)
[10:37:02][INFO] Registered tree at (676, 146, -52)
[10:37:02][INFO] Registered tree at (676, 147, -60)
[10:37:02][INFO] Registered tree at (676, 146, -52)
[10:37:02][INFO] Registered tree at (680, 146, -44)
[10:37:02][INFO] Registered tree at (676, 147, -60)
[10:37:02][INFO] Registered tree at (676, 146, -52)
[10:37:02][INFO] Registered tree at (680, 146, -44)
[10:37:02][INFO] Registered tree at (684, 146, -52)
[10:37:02][INFO] Registered tree at (676, 147, -60)
[10:37:02][INFO] Registered tree at (676, 146, -52)
[10:37:02][INFO] Registered tree at (680, 146, -44)
[10:37:02][INFO] Registered tree at (684, 146, -52)
[10:37:02][INFO] Registered tree at (692, 147, -48)
[10:37:02][INFO] Registered tree at (524, 144, 108)
[10:37:02][INFO] Registered tree at (524, 144, 108)
[10:37:02][INFO] Registered tree at (528, 143, 100)
[10:37:02][INFO] Registered tree at (524, 144, 108)
[10:37:02][INFO] Registered tree at (528, 143, 100)
[10:37:02][INFO] Registered tree at (532, 143, 108)
[10:37:02][INFO] Registered tree at (524, 144, 108)
[10:37:02][INFO] Registered tree at (528, 143, 100)
[10:37:02][INFO] Registered tree at (532, 143, 108)
[10:37:02][INFO] Registered tree at (536, 144, 104)
[10:37:02][INFO] Registered tree at (696, 142, 16)
[10:37:02][INFO] Registered tree at (696, 142, 16)
[10:37:02][INFO] Registered tree at (580, 142, 96)
[10:37:02][INFO] Registered tree at (580, 142, 96)
[10:37:02][INFO] Registered tree at (580, 140, 116)
[10:37:02][INFO] Registered tree at (580, 142, 96)
[10:37:02][INFO] Registered tree at (580, 140, 116)
[10:37:02][INFO] Registered tree at (588, 140, 116)
[10:37:02][INFO] Registered tree at (580, 142, 96)
[10:37:02][INFO] Registered tree at (580, 140, 116)
[10:37:02][INFO] Registered tree at (588, 140, 116)
[10:37:02][INFO] Registered tree at (596, 140, 108)
[10:37:02][INFO] Registered tree at (580, 142, 96)
[10:37:02][INFO] Registered tree at (580, 140, 116)
[10:37:02][INFO] Registered tree at (588, 140, 116)
[10:37:02][INFO] Registered tree at (596, 140, 108)
[10:37:02][INFO] Registered tree at (596, 140, 120)
[10:37:02][INFO] Registered tree at (676, 147, -60)
[10:37:02][INFO] Registered tree at (676, 147, -60)
[10:37:02][INFO] Registered tree at (676, 146, -52)
[10:37:02][INFO] Registered tree at (676, 147, -60)
[10:37:02][INFO] Registered tree at (676, 146, -52)
[10:37:02][INFO] Registered tree at (680, 146, -44)
[10:37:02][INFO] Registered tree at (676, 147, -60)
[10:37:02][INFO] Registered tree at (676, 146, -52)
[10:37:02][INFO] Registered tree at (680, 146, -44)
[10:37:02][INFO] Registered tree at (684, 146, -52)
[10:37:02][INFO] Registered tree at (676, 147, -60)
[10:37:02][INFO] Registered tree at (676, 146, -52)
[10:37:02][INFO] Registered tree at (680, 146, -44)
[10:37:02][INFO] Registered tree at (684, 146, -52)
[10:37:02][INFO] Registered tree at (692, 147, -48)
[10:37:02][INFO] Registered tree at (524, 144, 108)
[10:37:02][INFO] Registered tree at (524, 144, 108)
[10:37:02][INFO] Registered tree at (528, 143, 100)
[10:37:02][INFO] Registered tree at (524, 144, 108)
[10:37:02][INFO] Registered tree at (528, 143, 100)
[10:37:02][INFO] Registered tree at (532, 143, 108)
[10:37:02][INFO] Registered tree at (524, 144, 108)
[10:37:02][INFO] Registered tree at (528, 143, 100)
[10:37:02][INFO] Registered tree at (532, 143, 108)
[10:37:02][INFO] Registered tree at (536, 144, 104)
[10:37:02][INFO] Registered tree at (452, 135, 68)
[10:37:02][INFO] Registered tree at (452, 135, 68)
[10:37:02][INFO] Registered tree at (468, 133, 92)
[10:37:02][INFO] Registered tree at (452, 135, 68)
[10:37:02][INFO] Registered tree at (468, 133, 92)
[10:37:02][INFO] Registered tree at (472, 133, 88)
[10:37:02][INFO] Registered tree at (640, 147, 80)
[10:37:02][INFO] Registered tree at (640, 147, 80)
[10:37:02][INFO] Registered tree at (652, 146, 64)
[10:37:02][INFO] Registered tree at (640, 147, 80)
[10:37:02][INFO] Registered tree at (652, 146, 64)
[10:37:02][INFO] Registered tree at (652, 144, 84)
[10:37:02][INFO] Registered tree at (640, 147, 80)
[10:37:02][INFO] Registered tree at (652, 146, 64)
[10:37:02][INFO] Registered tree at (652, 144, 84)
[10:37:02][INFO] Registered tree at (660, 141, 68)
[10:37:02][INFO] Registered tree at (640, 147, 80)
[10:37:02][INFO] Registered tree at (652, 146, 64)
[10:37:02][INFO] Registered tree at (652, 144, 84)
[10:37:02][INFO] Registered tree at (660, 141, 68)
[10:37:02][INFO] Registered tree at (660, 140, 76)
[10:37:02][INFO] Registered tree at (640, 147, 80)
[10:37:02][INFO] Registered tree at (652, 146, 64)
[10:37:02][INFO] Registered tree at (652, 144, 84)
[10:37:02][INFO] Registered tree at (660, 141, 68)
[10:37:02][INFO] Registered tree at (660, 140, 76)
[10:37:02][INFO] Registered tree at (664, 143, 92)
[10:37:02][INFO] Registered tree at (452, 135, 68)
[10:37:02][INFO] Registered tree at (452, 135, 68)
[10:37:02][INFO] Registered tree at (468, 133, 92)
[10:37:02][INFO] Registered tree at (452, 135, 68)
[10:37:02][INFO] Registered tree at (468, 133, 92)
[10:37:02][INFO] Registered tree at (472, 133, 88)
[10:37:02][INFO] Registered tree at (640, 147, 80)
[10:37:02][INFO] Registered tree at (640, 147, 80)
[10:37:02][INFO] Registered tree at (652, 146, 64)
[10:37:02][INFO] Registered tree at (640, 147, 80)
[10:37:02][INFO] Registered tree at (652, 146, 64)
[10:37:02][INFO] Registered tree at (652, 144, 84)
[10:37:02][INFO] Registered tree at (640, 147, 80)
[10:37:02][INFO] Registered tree at (652, 146, 64)
[10:37:02][INFO] Registered tree at (652, 144, 84)
[10:37:02][INFO] Registered tree at (660, 141, 68)
[10:37:02][INFO] Registered tree at (640, 147, 80)
[10:37:02][INFO] Registered tree at (652, 146, 64)
[10:37:02][INFO] Registered tree at (652, 144, 84)
[10:37:02][INFO] Registered tree at (660, 141, 68)
[10:37:02][INFO] Registered tree at (660, 140, 76)
[10:37:02][INFO] Registered tree at (640, 147, 80)
[10:37:02][INFO] Registered tree at (652, 146, 64)
[10:37:02][INFO] Registered tree at (652, 144, 84)
[10:37:02][INFO] Registered tree at (660, 141, 68)
[10:37:02][INFO] Registered tree at (660, 140, 76)
[10:37:02][INFO] Registered tree at (664, 143, 92)
[10:37:02][INFO] Registered tree at (488, 145, 120)
[10:37:02][INFO] Registered tree at (676, 142, -80)
[10:37:02][INFO] Registered tree at (676, 142, -80)
[10:37:02][INFO] Registered tree at (680, 145, -68)
[10:37:02][INFO] Registered tree at (676, 142, -80)
[10:37:02][INFO] Registered tree at (680, 145, -68)
[10:37:02][INFO] Registered tree at (684, 145, -92)
[10:37:02][INFO] Registered tree at (676, 142, -80)
[10:37:02][INFO] Registered tree at (680, 145, -68)
[10:37:02][INFO] Registered tree at (684, 145, -92)
[10:37:02][INFO] Registered tree at (692, 145, -88)
[10:37:02][INFO] Registered tree at (620, 146, 112)
[10:37:02][INFO] Registered tree at (620, 146, 112)
[10:37:02][INFO] Registered tree at (628, 144, 96)
[10:37:02][INFO] Registered tree at (620, 146, 112)
[10:37:02][INFO] Registered tree at (628, 144, 96)
[10:37:02][INFO] Registered tree at (628, 143, 104)
[10:37:02][INFO] Registered tree at (488, 145, 120)
[10:37:02][INFO] Registered tree at (620, 146, 112)
[10:37:02][INFO] Registered tree at (620, 146, 112)
[10:37:02][INFO] Registered tree at (628, 144, 96)
[10:37:02][INFO] Registered tree at (620, 146, 112)
[10:37:02][INFO] Registered tree at (628, 144, 96)
[10:37:02][INFO] Registered tree at (628, 143, 104)
[10:37:02][INFO] Registered tree at (676, 139, 60)
[10:37:02][INFO] Registered tree at (676, 139, 60)
[10:37:02][INFO] Registered tree at (680, 141, 32)
[10:37:02][INFO] Registered tree at (676, 139, 60)
[10:37:02][INFO] Registered tree at (680, 141, 32)
[10:37:02][INFO] Registered tree at (680, 138, 52)
[10:37:02][INFO] Registered tree at (676, 139, 60)
[10:37:02][INFO] Registered tree at (680, 141, 32)
[10:37:02][INFO] Registered tree at (680, 138, 52)
[10:37:02][INFO] Registered tree at (688, 141, 36)
[10:37:02][INFO] Registered tree at (676, 139, 60)
[10:37:02][INFO] Registered tree at (676, 139, 60)
[10:37:02][INFO] Registered tree at (680, 141, 32)
[10:37:02][INFO] Registered tree at (676, 139, 60)
[10:37:02][INFO] Registered tree at (680, 141, 32)
[10:37:02][INFO] Registered tree at (680, 138, 52)
[10:37:02][INFO] Registered tree at (676, 139, 60)
[10:37:02][INFO] Registered tree at (680, 141, 32)
[10:37:02][INFO] Registered tree at (680, 138, 52)
[10:37:02][INFO] Registered tree at (688, 141, 36)
[10:37:02][INFO] Registered tree at (676, 142, -80)
[10:37:02][INFO] Registered tree at (676, 142, -80)
[10:37:02][INFO] Registered tree at (680, 145, -68)
[10:37:02][INFO] Registered tree at (676, 142, -80)
[10:37:02][INFO] Registered tree at (680, 145, -68)
[10:37:02][INFO] Registered tree at (684, 145, -92)
[10:37:02][INFO] Registered tree at (676, 142, -80)
[10:37:02][INFO] Registered tree at (680, 145, -68)
[10:37:02][INFO] Registered tree at (684, 145, -92)
[10:37:02][INFO] Registered tree at (692, 145, -88)
[10:37:02][INFO] Registered tree at (556, 145, 68)
[10:37:02][INFO] Registered tree at (644, 145, 104)
[10:37:02][INFO] Registered tree at (644, 145, 104)
[10:37:02][INFO] Registered tree at (644, 143, 116)
[10:37:02][INFO] Registered tree at (644, 145, 104)
[10:37:02][INFO] Registered tree at (644, 143, 116)
[10:37:02][INFO] Registered tree at (648, 146, 104)
[10:37:02][INFO] Registered tree at (556, 145, 68)
[10:37:02][INFO] Registered tree at (672, 144, -120)
[10:37:02][INFO] Registered tree at (672, 138, 80)
[10:37:02][INFO] Registered tree at (672, 138, 80)
[10:37:02][INFO] Registered tree at (676, 142, 92)
[10:37:02][INFO] Registered tree at (672, 138, 80)
[10:37:02][INFO] Registered tree at (676, 142, 92)
[10:37:02][INFO] Registered tree at (684, 141, 84)
[10:37:02][INFO] Registered tree at (672, 138, 80)
[10:37:02][INFO] Registered tree at (676, 142, 92)
[10:37:02][INFO] Registered tree at (684, 141, 84)
[10:37:02][INFO] Registered tree at (684, 141, 88)
[10:37:02][INFO] Registered tree at (672, 138, 80)
[10:37:02][INFO] Registered tree at (676, 142, 92)
[10:37:02][INFO] Registered tree at (684, 141, 84)
[10:37:02][INFO] Registered tree at (684, 141, 88)
[10:37:02][INFO] Registered tree at (700, 142, 76)
[10:37:02][INFO] Registered tree at (448, 136, 100)
[10:37:02][INFO] Registered tree at (448, 136, 100)
[10:37:02][INFO] Registered tree at (452, 138, 108)
[10:37:02][INFO] Registered tree at (448, 136, 100)
[10:37:02][INFO] Registered tree at (452, 138, 108)
[10:37:02][INFO] Registered tree at (452, 142, 120)
[10:37:02][INFO] Registered tree at (448, 136, 100)
[10:37:02][INFO] Registered tree at (452, 138, 108)
[10:37:02][INFO] Registered tree at (452, 142, 120)
[10:37:02][INFO] Registered tree at (464, 141, 116)
[10:37:02][INFO] Registered tree at (420, 139, 68)
[10:37:02][INFO] Registered tree at (420, 139, 68)
[10:37:02][INFO] Registered tree at (428, 142, 76)
[10:37:02][INFO] Registered tree at (512, 142, 68)
[10:37:02][INFO] Registered tree at (512, 142, 68)
[10:37:02][INFO] Registered tree at (532, 144, 84)
[10:37:02][INFO] Registered tree at (600, 149, 68)
[10:37:02][INFO] Registered tree at (512, 142, 68)
[10:37:02][INFO] Registered tree at (512, 142, 68)
[10:37:02][INFO] Registered tree at (532, 144, 84)
[10:37:02][INFO] Registered tree at (600, 149, 68)
[10:37:02][INFO] Registered tree at (672, 144, -120)
[10:37:02][INFO] Registered tree at (608, 151, 64)
[10:37:02][INFO] Registered tree at (608, 151, 64)
[10:37:02][INFO] Registered tree at (612, 150, 76)
[10:37:02][INFO] Registered tree at (448, 136, 100)
[10:37:02][INFO] Registered tree at (448, 136, 100)
[10:37:02][INFO] Registered tree at (452, 138, 108)
[10:37:02][INFO] Registered tree at (448, 136, 100)
[10:37:02][INFO] Registered tree at (452, 138, 108)
[10:37:02][INFO] Registered tree at (452, 142, 120)
[10:37:02][INFO] Registered tree at (448, 136, 100)
[10:37:02][INFO] Registered tree at (452, 138, 108)
[10:37:02][INFO] Registered tree at (452, 142, 120)
[10:37:02][INFO] Registered tree at (464, 141, 116)
[10:37:02][INFO] Registered tree at (644, 145, 104)
[10:37:02][INFO] Registered tree at (644, 145, 104)
[10:37:02][INFO] Registered tree at (644, 143, 116)
[10:37:02][INFO] Registered tree at (644, 145, 104)
[10:37:02][INFO] Registered tree at (644, 143, 116)
[10:37:02][INFO] Registered tree at (648, 146, 104)
[10:37:02][INFO] Registered tree at (420, 139, 68)
[10:37:02][INFO] Registered tree at (420, 139, 68)
[10:37:02][INFO] Registered tree at (428, 142, 76)
[10:37:02][INFO] Registered tree at (484, 141, 68)
[10:37:02][INFO] Registered tree at (484, 141, 68)
[10:37:02][INFO] Registered tree at (488, 140, 76)
[10:37:02][INFO] Registered tree at (484, 141, 68)
[10:37:02][INFO] Registered tree at (488, 140, 76)
[10:37:02][INFO] Registered tree at (492, 140, 80)
[10:37:02][INFO] Registered tree at (484, 141, 68)
[10:37:02][INFO] Registered tree at (488, 140, 76)
[10:37:02][INFO] Registered tree at (492, 140, 80)
[10:37:02][INFO] Registered tree at (492, 138, 92)
[10:37:02][INFO] Registered tree at (484, 141, 68)
[10:37:02][INFO] Registered tree at (488, 140, 76)
[10:37:02][INFO] Registered tree at (492, 140, 80)
[10:37:02][INFO] Registered tree at (492, 138, 92)
[10:37:02][INFO] Registered tree at (496, 141, 84)
[10:37:02][INFO] Registered tree at (420, 139, 68)
[10:37:02][INFO] Registered tree at (420, 139, 68)
[10:37:02][INFO] Registered tree at (428, 142, 76)
[10:37:02][INFO] Registered tree at (644, 145, 104)
[10:37:02][INFO] Registered tree at (644, 145, 104)
[10:37:02][INFO] Registered tree at (644, 143, 116)
[10:37:02][INFO] Registered tree at (644, 145, 104)
[10:37:02][INFO] Registered tree at (644, 143, 116)
[10:37:02][INFO] Registered tree at (648, 146, 104)
[10:37:02][INFO] Registered tree at (672, 138, 80)
[10:37:02][INFO] Registered tree at (672, 138, 80)
[10:37:02][INFO] Registered tree at (676, 142, 92)
[10:37:02][INFO] Registered tree at (672, 138, 80)
[10:37:02][INFO] Registered tree at (676, 142, 92)
[10:37:02][INFO] Registered tree at (684, 141, 84)
[10:37:02][INFO] Registered tree at (672, 138, 80)
[10:37:02][INFO] Registered tree at (676, 142, 92)
[10:37:02][INFO] Registered tree at (684, 141, 84)
[10:37:02][INFO] Registered tree at (684, 141, 88)
[10:37:02][INFO] Registered tree at (672, 138, 80)
[10:37:02][INFO] Registered tree at (676, 142, 92)
[10:37:02][INFO] Registered tree at (684, 141, 84)
[10:37:02][INFO] Registered tree at (684, 141, 88)
[10:37:02][INFO] Registered tree at (700, 142, 76)
[10:37:02][INFO] Registered tree at (672, 138, 80)
[10:37:02][INFO] Registered tree at (672, 138, 80)
[10:37:02][INFO] Registered tree at (676, 142, 92)
[10:37:02][INFO] Registered tree at (672, 138, 80)
[10:37:02][INFO] Registered tree at (676, 142, 92)
[10:37:02][INFO] Registered tree at (684, 141, 84)
[10:37:02][INFO] Registered tree at (672, 138, 80)
[10:37:02][INFO] Registered tree at (676, 142, 92)
[10:37:02][INFO] Registered tree at (684, 141, 84)
[10:37:02][INFO] Registered tree at (684, 141, 88)
[10:37:02][INFO] Registered tree at (672, 138, 80)
[10:37:02][INFO] Registered tree at (676, 142, 92)
[10:37:02][INFO] Registered tree at (684, 141, 84)
[10:37:02][INFO] Registered tree at (684, 141, 88)
[10:37:02][INFO] Registered tree at (700, 142, 76)
[10:37:02][INFO] Registered tree at (608, 151, 64)
[10:37:02][INFO] Registered tree at (608, 151, 64)
[10:37:02][INFO] Registered tree at (612, 150, 76)
[10:37:02][INFO] Registered tree at (448, 136, 100)
[10:37:02][INFO] Registered tree at (448, 136, 100)
[10:37:02][INFO] Registered tree at (452, 138, 108)
[10:37:02][INFO] Registered tree at (448, 136, 100)
[10:37:02][INFO] Registered tree at (452, 138, 108)
[10:37:02][INFO] Registered tree at (452, 142, 120)
[10:37:02][INFO] Registered tree at (448, 136, 100)
[10:37:02][INFO] Registered tree at (452, 138, 108)
[10:37:02][INFO] Registered tree at (452, 142, 120)
[10:37:02][INFO] Registered tree at (464, 141, 116)
[10:37:02][INFO] Registered tree at (672, 144, -120)
[10:37:02][INFO] Registered tree at (484, 141, 68)
[10:37:02][INFO] Registered tree at (484, 141, 68)
[10:37:02][INFO] Registered tree at (488, 140, 76)
[10:37:02][INFO] Registered tree at (484, 141, 68)
[10:37:02][INFO] Registered tree at (488, 140, 76)
[10:37:02][INFO] Registered tree at (492, 140, 80)
[10:37:02][INFO] Registered tree at (484, 141, 68)
[10:37:02][INFO] Registered tree at (488, 140, 76)
[10:37:02][INFO] Registered tree at (492, 140, 80)
[10:37:02][INFO] Registered tree at (492, 138, 92)
[10:37:02][INFO] Registered tree at (484, 141, 68)
[10:37:02][INFO] Registered tree at (488, 140, 76)
[10:37:02][INFO] Registered tree at (492, 140, 80)
[10:37:02][INFO] Registered tree at (492, 138, 92)
[10:37:02][INFO] Registered tree at (496, 141, 84)
[10:37:02][INFO] Registered tree at (684, 136, -16)
[10:37:02][INFO] Registered tree at (684, 136, -16)
[10:37:02][INFO] Registered tree at (424, 143, 108)
[10:37:02][INFO] Registered tree at (424, 143, 108)
[10:37:02][INFO] Registered tree at (432, 140, 104)
[10:37:02][INFO] Registered tree at (424, 143, 108)
[10:37:02][INFO] Registered tree at (432, 140, 104)
[10:37:02][INFO] Registered tree at (436, 139, 116)
[10:37:02][INFO] Registered tree at (424, 143, 108)
[10:37:02][INFO] Registered tree at (432, 140, 104)
[10:37:02][INFO] Registered tree at (436, 139, 116)
[10:37:02][INFO] Registered tree at (440, 137, 100)
[10:37:02][INFO] Registered tree at (684, 143, 112)
[10:37:02][INFO] Registered tree at (684, 143, 112)
[10:37:02][INFO] Registered tree at (688, 146, 124)
[10:37:02][INFO] Registered tree at (684, 143, 112)
[10:37:02][INFO] Registered tree at (688, 146, 124)
[10:37:02][INFO] Registered tree at (700, 142, 104)
[10:37:02][INFO] Registered tree at (680, 142, -144)
[10:37:02][INFO] Registered tree at (680, 142, -144)
[10:37:02][INFO] Registered tree at (692, 141, -148)
[10:37:02][INFO] Registered tree at (548, 141, 108)
[10:37:02][INFO] Registered tree at (548, 141, 108)
[10:37:02][INFO] Registered tree at (556, 139, 124)
[10:37:02][INFO] Registered tree at (548, 141, 108)
[10:37:02][INFO] Registered tree at (548, 141, 108)
[10:37:02][INFO] Registered tree at (556, 139, 124)
[10:37:02][INFO] Registered tree at (524, 144, 108)
[10:37:02][INFO] Registered tree at (524, 144, 108)
[10:37:02][INFO] Registered tree at (528, 143, 100)
[10:37:02][INFO] Registered tree at (524, 144, 108)
[10:37:02][INFO] Registered tree at (528, 143, 100)
[10:37:02][INFO] Registered tree at (532, 143, 108)
[10:37:02][INFO] Registered tree at (524, 144, 108)
[10:37:02][INFO] Registered tree at (528, 143, 100)
[10:37:02][INFO] Registered tree at (532, 143, 108)
[10:37:02][INFO] Registered tree at (536, 144, 104)
[10:37:02][INFO] Registered tree at (580, 142, 96)
[10:37:02][INFO] Registered tree at (580, 142, 96)
[10:37:02][INFO] Registered tree at (580, 140, 116)
[10:37:02][INFO] Registered tree at (580, 142, 96)
[10:37:02][INFO] Registered tree at (580, 140, 116)
[10:37:02][INFO] Registered tree at (588, 140, 116)
[10:37:02][INFO] Registered tree at (580, 142, 96)
[10:37:02][INFO] Registered tree at (580, 140, 116)
[10:37:02][INFO] Registered tree at (588, 140, 116)
[10:37:02][INFO] Registered tree at (596, 140, 108)
[10:37:02][INFO] Registered tree at (580, 142, 96)
[10:37:02][INFO] Registered tree at (580, 140, 116)
[10:37:02][INFO] Registered tree at (588, 140, 116)
[10:37:02][INFO] Registered tree at (596, 140, 108)
[10:37:02][INFO] Registered tree at (596, 140, 120)
[10:37:02][INFO] Registered tree at (676, 147, -60)
[10:37:02][INFO] Registered tree at (676, 147, -60)
[10:37:02][INFO] Registered tree at (676, 146, -52)
[10:37:02][INFO] Registered tree at (676, 147, -60)
[10:37:02][INFO] Registered tree at (676, 146, -52)
[10:37:02][INFO] Registered tree at (680, 146, -44)
[10:37:02][INFO] Registered tree at (676, 147, -60)
[10:37:02][INFO] Registered tree at (676, 146, -52)
[10:37:02][INFO] Registered tree at (680, 146, -44)
[10:37:02][INFO] Registered tree at (684, 146, -52)
[10:37:02][INFO] Registered tree at (676, 147, -60)
[10:37:02][INFO] Registered tree at (676, 146, -52)
[10:37:02][INFO] Registered tree at (680, 146, -44)
[10:37:02][INFO] Registered tree at (684, 146, -52)
[10:37:02][INFO] Registered tree at (692, 147, -48)
[10:37:02][INFO] Registered tree at (696, 142, 16)
[10:37:02][INFO] Registered tree at (580, 142, 96)
[10:37:02][INFO] Registered tree at (580, 142, 96)
[10:37:02][INFO] Registered tree at (580, 140, 116)
[10:37:02][INFO] Registered tree at (580, 142, 96)
[10:37:02][INFO] Registered tree at (580, 140, 116)
[10:37:02][INFO] Registered tree at (588, 140, 116)
[10:37:02][INFO] Registered tree at (580, 142, 96)
[10:37:02][INFO] Registered tree at (580, 140, 116)
[10:37:02][INFO] Registered tree at (588, 140, 116)
[10:37:02][INFO] Registered tree at (596, 140, 108)
[10:37:02][INFO] Registered tree at (580, 142, 96)
[10:37:02][INFO] Registered tree at (580, 140, 116)
[10:37:02][INFO] Registered tree at (588, 140, 116)
[10:37:02][INFO] Registered tree at (596, 140, 108)
[10:37:02][INFO] Registered tree at (596, 140, 120)
[10:37:02][INFO] Registered tree at (676, 147, -60)
[10:37:02][INFO] Registered tree at (676, 147, -60)
[10:37:02][INFO] Registered tree at (676, 146, -52)
[10:37:02][INFO] Registered tree at (676, 147, -60)
[10:37:02][INFO] Registered tree at (676, 146, -52)
[10:37:02][INFO] Registered tree at (680, 146, -44)
[10:37:02][INFO] Registered tree at (676, 147, -60)
[10:37:02][INFO] Registered tree at (676, 146, -52)
[10:37:02][INFO] Registered tree at (680, 146, -44)
[10:37:02][INFO] Registered tree at (684, 146, -52)
[10:37:02][INFO] Registered tree at (676, 147, -60)
[10:37:02][INFO] Registered tree at (676, 146, -52)
[10:37:02][INFO] Registered tree at (680, 146, -44)
[10:37:02][INFO] Registered tree at (684, 146, -52)
[10:37:02][INFO] Registered tree at (692, 147, -48)
[10:37:02][INFO] Registered tree at (696, 142, 16)
[10:37:02][INFO] Registered tree at (524, 144, 108)
[10:37:02][INFO] Registered tree at (524, 144, 108)
[10:37:02][INFO] Registered tree at (528, 143, 100)
[10:37:02][INFO] Registered tree at (524, 144, 108)
[10:37:02][INFO] Registered tree at (528, 143, 100)
[10:37:02][INFO] Registered tree at (532, 143, 108)
[10:37:02][INFO] Registered tree at (524, 144, 108)
[10:37:02][INFO] Registered tree at (528, 143, 100)
[10:37:02][INFO] Registered tree at (532, 143, 108)
[10:37:02][INFO] Registered tree at (536, 144, 104)
[10:37:02][INFO] Registered tree at (640, 147, 80)
[10:37:02][INFO] Registered tree at (640, 147, 80)
[10:37:02][INFO] Registered tree at (652, 146, 64)
[10:37:02][INFO] Registered tree at (640, 147, 80)
[10:37:02][INFO] Registered tree at (652, 146, 64)
[10:37:02][INFO] Registered tree at (652, 144, 84)
[10:37:02][INFO] Registered tree at (640, 147, 80)
[10:37:02][INFO] Registered tree at (652, 146, 64)
[10:37:02][INFO] Registered tree at (652, 144, 84)
[10:37:02][INFO] Registered tree at (660, 141, 68)
[10:37:02][INFO] Registered tree at (640, 147, 80)
[10:37:02][INFO] Registered tree at (652, 146, 64)
[10:37:02][INFO] Registered tree at (652, 144, 84)
[10:37:02][INFO] Registered tree at (660, 141, 68)
[10:37:02][INFO] Registered tree at (660, 140, 76)
[10:37:02][INFO] Registered tree at (640, 147, 80)
[10:37:02][INFO] Registered tree at (652, 146, 64)
[10:37:02][INFO] Registered tree at (652, 144, 84)
[10:37:02][INFO] Registered tree at (660, 141, 68)
[10:37:02][INFO] Registered tree at (660, 140, 76)
[10:37:02][INFO] Registered tree at (664, 143, 92)
[10:37:02][INFO] Registered tree at (640, 147, 80)
[10:37:02][INFO] Registered tree at (640, 147, 80)
[10:37:02][INFO] Registered tree at (652, 146, 64)
[10:37:02][INFO] Registered tree at (640, 147, 80)
[10:37:02][INFO] Registered tree at (652, 146, 64)
[10:37:02][INFO] Registered tree at (652, 144, 84)
[10:37:02][INFO] Registered tree at (640, 147, 80)
[10:37:02][INFO] Registered tree at (652, 146, 64)
[10:37:02][INFO] Registered tree at (652, 144, 84)
[10:37:02][INFO] Registered tree at (660, 141, 68)
[10:37:02][INFO] Registered tree at (640, 147, 80)
[10:37:02][INFO] Registered tree at (652, 146, 64)
[10:37:02][INFO] Registered tree at (652, 144, 84)
[10:37:02][INFO] Registered tree at (660, 141, 68)
[10:37:02][INFO] Registered tree at (660, 140, 76)
[10:37:02][INFO] Registered tree at (640, 147, 80)
[10:37:02][INFO] Registered tree at (652, 146, 64)
[10:37:02][INFO] Registered tree at (652, 144, 84)
[10:37:02][INFO] Registered tree at (660, 141, 68)
[10:37:02][INFO] Registered tree at (660, 140, 76)
[10:37:02][INFO] Registered tree at (664, 143, 92)
[10:37:02][INFO] Registered tree at (452, 135, 68)
[10:37:02][INFO] Registered tree at (452, 135, 68)
[10:37:02][INFO] Registered tree at (468, 133, 92)
[10:37:02][INFO] Registered tree at (452, 135, 68)
[10:37:02][INFO] Registered tree at (468, 133, 92)
[10:37:02][INFO] Registered tree at (472, 133, 88)
[10:37:02][INFO] Registered tree at (452, 135, 68)
[10:37:02][INFO] Registered tree at (452, 135, 68)
[10:37:02][INFO] Registered tree at (468, 133, 92)
[10:37:02][INFO] Registered tree at (452, 135, 68)
[10:37:02][INFO] Registered tree at (468, 133, 92)
[10:37:02][INFO] Registered tree at (472, 133, 88)
[10:37:02][INFO] Registered tree at (620, 146, 112)
[10:37:02][INFO] Registered tree at (620, 146, 112)
[10:37:02][INFO] Registered tree at (628, 144, 96)
[10:37:02][INFO] Registered tree at (620, 146, 112)
[10:37:02][INFO] Registered tree at (628, 144, 96)
[10:37:02][INFO] Registered tree at (628, 143, 104)
[10:37:02][INFO] Registered tree at (684, 143, 112)
[10:37:02][INFO] Registered tree at (684, 143, 112)
[10:37:02][INFO] Registered tree at (688, 146, 124)
[10:37:02][INFO] Registered tree at (684, 143, 112)
[10:37:02][INFO] Registered tree at (688, 146, 124)
[10:37:02][INFO] Registered tree at (700, 142, 104)
[10:37:02][INFO] Registered tree at (676, 142, -80)
[10:37:02][INFO] Registered tree at (676, 142, -80)
[10:37:02][INFO] Registered tree at (680, 145, -68)
[10:37:02][INFO] Registered tree at (676, 142, -80)
[10:37:02][INFO] Registered tree at (680, 145, -68)
[10:37:02][INFO] Registered tree at (684, 145, -92)
[10:37:02][INFO] Registered tree at (676, 142, -80)
[10:37:02][INFO] Registered tree at (680, 145, -68)
[10:37:02][INFO] Registered tree at (684, 145, -92)
[10:37:02][INFO] Registered tree at (692, 145, -88)
[10:37:02][INFO] Registered tree at (424, 143, 108)
[10:37:02][INFO] Registered tree at (424, 143, 108)
[10:37:02][INFO] Registered tree at (432, 140, 104)
[10:37:02][INFO] Registered tree at (424, 143, 108)
[10:37:02][INFO] Registered tree at (432, 140, 104)
[10:37:02][INFO] Registered tree at (436, 139, 116)
[10:37:02][INFO] Registered tree at (424, 143, 108)
[10:37:02][INFO] Registered tree at (432, 140, 104)
[10:37:02][INFO] Registered tree at (436, 139, 116)
[10:37:02][INFO] Registered tree at (440, 137, 100)
[10:37:02][INFO] Registered tree at (488, 145, 120)
[10:37:02][INFO] Registered tree at (488, 145, 120)
[10:37:02][INFO] Registered tree at (620, 146, 112)
[10:37:02][INFO] Registered tree at (620, 146, 112)
[10:37:02][INFO] Registered tree at (628, 144, 96)
[10:37:02][INFO] Registered tree at (620, 146, 112)
[10:37:02][INFO] Registered tree at (628, 144, 96)
[10:37:02][INFO] Registered tree at (628, 143, 104)
[10:37:02][INFO] Registered tree at (684, 143, 112)
[10:37:02][INFO] Registered tree at (684, 143, 112)
[10:37:02][INFO] Registered tree at (688, 146, 124)
[10:37:02][INFO] Registered tree at (684, 143, 112)
[10:37:02][INFO] Registered tree at (688, 146, 124)
[10:37:02][INFO] Registered tree at (700, 142, 104)
[10:37:02][INFO] Registered tree at (676, 139, 60)
[10:37:02][INFO] Registered tree at (676, 139, 60)
[10:37:02][INFO] Registered tree at (680, 141, 32)
[10:37:02][INFO] Registered tree at (676, 139, 60)
[10:37:02][INFO] Registered tree at (680, 141, 32)
[10:37:02][INFO] Registered tree at (680, 138, 52)
[10:37:02][INFO] Registered tree at (676, 139, 60)
[10:37:02][INFO] Registered tree at (680, 141, 32)
[10:37:02][INFO] Registered tree at (680, 138, 52)
[10:37:02][INFO] Registered tree at (688, 141, 36)
[10:37:02][INFO] Registered tree at (680, 142, -144)
[10:37:02][INFO] Registered tree at (680, 142, -144)
[10:37:02][INFO] Registered tree at (692, 141, -148)
[10:37:02][INFO] Registered tree at (424, 143, 108)
[10:37:02][INFO] Registered tree at (424, 143, 108)
[10:37:02][INFO] Registered tree at (432, 140, 104)
[10:37:02][INFO] Registered tree at (424, 143, 108)
[10:37:02][INFO] Registered tree at (432, 140, 104)
[10:37:02][INFO] Registered tree at (436, 139, 116)
[10:37:02][INFO] Registered tree at (424, 143, 108)
[10:37:02][INFO] Registered tree at (432, 140, 104)
[10:37:02][INFO] Registered tree at (436, 139, 116)
[10:37:02][INFO] Registered tree at (440, 137, 100)
[10:37:02][INFO] Registered tree at (680, 142, -144)
[10:37:02][INFO] Registered tree at (680, 142, -144)
[10:37:02][INFO] Registered tree at (692, 141, -148)
[10:37:02][INFO] Registered tree at (676, 142, -80)
[10:37:02][INFO] Registered tree at (676, 142, -80)
[10:37:02][INFO] Registered tree at (680, 145, -68)
[10:37:02][INFO] Registered tree at (676, 142, -80)
[10:37:02][INFO] Registered tree at (680, 145, -68)
[10:37:02][INFO] Registered tree at (684, 145, -92)
[10:37:02][INFO] Registered tree at (676, 142, -80)
[10:37:02][INFO] Registered tree at (680, 145, -68)
[10:37:02][INFO] Registered tree at (684, 145, -92)
[10:37:02][INFO] Registered tree at (692, 145, -88)
[10:37:02][INFO] Registered tree at (676, 139, 60)
[10:37:02][INFO] Registered tree at (676, 139, 60)
[10:37:02][INFO] Registered tree at (680, 141, 32)
[10:37:02][INFO] Registered tree at (676, 139, 60)
[10:37:02][INFO] Registered tree at (680, 141, 32)
[10:37:02][INFO] Registered tree at (680, 138, 52)
[10:37:02][INFO] Registered tree at (676, 139, 60)
[10:37:02][INFO] Registered tree at (680, 141, 32)
[10:37:02][INFO] Registered tree at (680, 138, 52)
[10:37:02][INFO] Registered tree at (688, 141, 36)
[10:37:02][INFO] Registered tree at (448, 136, 100)
[10:37:02][INFO] Registered tree at (448, 136, 100)
[10:37:02][INFO] Registered tree at (452, 138, 108)
[10:37:02][INFO] Registered tree at (448, 136, 100)
[10:37:02][INFO] Registered tree at (452, 138, 108)
[10:37:02][INFO] Registered tree at (452, 142, 120)
[10:37:02][INFO] Registered tree at (448, 136, 100)
[10:37:02][INFO] Registered tree at (452, 138, 108)
[10:37:02][INFO] Registered tree at (452, 142, 120)
[10:37:02][INFO] Registered tree at (464, 141, 116)
[10:37:02][INFO] Registered tree at (448, 136, 100)
[10:37:02][INFO] Registered tree at (448, 136, 100)
[10:37:02][INFO] Registered tree at (452, 138, 108)
[10:37:02][INFO] Registered tree at (448, 136, 100)
[10:37:02][INFO] Registered tree at (452, 138, 108)
[10:37:02][INFO] Registered tree at (452, 142, 120)
[10:37:02][INFO] Registered tree at (448, 136, 100)
[10:37:02][INFO] Registered tree at (452, 138, 108)
[10:37:02][INFO] Registered tree at (452, 142, 120)
[10:37:02][INFO] Registered tree at (464, 141, 116)
[10:37:02][INFO] Registered tree at (672, 144, -120)
[10:37:02][INFO] Registered tree at (644, 145, 104)
[10:37:02][INFO] Registered tree at (644, 145, 104)
[10:37:02][INFO] Registered tree at (644, 143, 116)
[10:37:02][INFO] Registered tree at (644, 145, 104)
[10:37:02][INFO] Registered tree at (644, 143, 116)
[10:37:02][INFO] Registered tree at (648, 146, 104)
[10:37:02][INFO] Registered tree at (420, 139, 68)
[10:37:02][INFO] Registered tree at (420, 139, 68)
[10:37:02][INFO] Registered tree at (428, 142, 76)
[10:37:02][INFO] Registered tree at (644, 145, 104)
[10:37:02][INFO] Registered tree at (644, 145, 104)
[10:37:02][INFO] Registered tree at (644, 143, 116)
[10:37:02][INFO] Registered tree at (644, 145, 104)
[10:37:02][INFO] Registered tree at (644, 143, 116)
[10:37:02][INFO] Registered tree at (648, 146, 104)
[10:37:02][INFO] Registered tree at (672, 138, 80)
[10:37:02][INFO] Registered tree at (672, 138, 80)
[10:37:02][INFO] Registered tree at (676, 142, 92)
[10:37:02][INFO] Registered tree at (672, 138, 80)
[10:37:02][INFO] Registered tree at (676, 142, 92)
[10:37:02][INFO] Registered tree at (684, 141, 84)
[10:37:02][INFO] Registered tree at (672, 138, 80)
[10:37:02][INFO] Registered tree at (676, 142, 92)
[10:37:02][INFO] Registered tree at (684, 141, 84)
[10:37:02][INFO] Registered tree at (684, 141, 88)
[10:37:02][INFO] Registered tree at (672, 138, 80)
[10:37:02][INFO] Registered tree at (676, 142, 92)
[10:37:02][INFO] Registered tree at (684, 141, 84)
[10:37:02][INFO] Registered tree at (684, 141, 88)
[10:37:02][INFO] Registered tree at (700, 142, 76)
[10:37:02][INFO] Registered tree at (420, 139, 68)
[10:37:02][INFO] Registered tree at (420, 139, 68)
[10:37:02][INFO] Registered tree at (428, 142, 76)
[10:37:02][INFO] Registered tree at (672, 144, -120)
[10:37:02][INFO] Registered tree at (672, 138, 80)
[10:37:02][INFO] Registered tree at (672, 138, 80)
[10:37:02][INFO] Registered tree at (676, 142, 92)
[10:37:02][INFO] Registered tree at (672, 138, 80)
[10:37:02][INFO] Registered tree at (676, 142, 92)
[10:37:02][INFO] Registered tree at (684, 141, 84)
[10:37:02][INFO] Registered tree at (672, 138, 80)
[10:37:02][INFO] Registered tree at (676, 142, 92)
[10:37:02][INFO] Registered tree at (684, 141, 84)
[10:37:02][INFO] Registered tree at (684, 141, 88)
[10:37:02][INFO] Registered tree at (672, 138, 80)
[10:37:02][INFO] Registered tree at (676, 142, 92)
[10:37:02][INFO] Registered tree at (684, 141, 84)
[10:37:02][INFO] Registered tree at (684, 141, 88)
[10:37:02][INFO] Registered tree at (700, 142, 76)
[10:37:02][INFO] Registered tree at (556, 145, 68)
[10:37:02][INFO] Registered tree at (556, 145, 68)
[10:37:02][INFO] Registered tree at (600, 149, 68)
[10:37:02][INFO] Registered tree at (600, 149, 68)
[10:37:02][INFO] Registered tree at (512, 142, 68)
[10:37:02][INFO] Registered tree at (512, 142, 68)
[10:37:02][INFO] Registered tree at (532, 144, 84)
[10:37:02][INFO] Registered tree at (512, 142, 68)
[10:37:02][INFO] Registered tree at (512, 142, 68)
[10:37:02][INFO] Registered tree at (532, 144, 84)
[10:37:02][INFO] Registered tree at (680, 142, -144)
[10:37:02][INFO] Registered tree at (680, 142, -144)
[10:37:02][INFO] Registered tree at (692, 141, -148)
[10:37:02][INFO] Registered tree at (684, 143, 112)
[10:37:02][INFO] Registered tree at (684, 143, 112)
[10:37:02][INFO] Registered tree at (688, 146, 124)
[10:37:02][INFO] Registered tree at (684, 143, 112)
[10:37:02][INFO] Registered tree at (688, 146, 124)
[10:37:02][INFO] Registered tree at (700, 142, 104)
[10:37:02][INFO] Registered tree at (680, 142, -144)
[10:37:02][INFO] Registered tree at (680, 142, -144)
[10:37:02][INFO] Registered tree at (692, 141, -148)
[10:37:02][INFO] Registered tree at (684, 143, 112)
[10:37:02][INFO] Registered tree at (684, 143, 112)
[10:37:02][INFO] Registered tree at (688, 146, 124)
[10:37:02][INFO] Registered tree at (684, 143, 112)
[10:37:02][INFO] Registered tree at (688, 146, 124)
[10:37:02][INFO] Registered tree at (700, 142, 104)
[10:37:02][INFO] Registered tree at (424, 143, 108)
[10:37:02][INFO] Registered tree at (424, 143, 108)
[10:37:02][INFO] Registered tree at (432, 140, 104)
[10:37:02][INFO] Registered tree at (424, 143, 108)
[10:37:02][INFO] Registered tree at (432, 140, 104)
[10:37:02][INFO] Registered tree at (436, 139, 116)
[10:37:02][INFO] Registered tree at (424, 143, 108)
[10:37:02][INFO] Registered tree at (432, 140, 104)
[10:37:02][INFO] Registered tree at (436, 139, 116)
[10:37:02][INFO] Registered tree at (440, 137, 100)
[10:37:02][INFO] Registered tree at (424, 143, 108)
[10:37:02][INFO] Registered tree at (424, 143, 108)
[10:37:02][INFO] Registered tree at (432, 140, 104)
[10:37:02][INFO] Registered tree at (424, 143, 108)
[10:37:02][INFO] Registered tree at (432, 140, 104)
[10:37:02][INFO] Registered tree at (436, 139, 116)
[10:37:02][INFO] Registered tree at (424, 143, 108)
[10:37:02][INFO] Registered tree at (432, 140, 104)
[10:37:02][INFO] Registered tree at (436, 139, 116)
[10:37:02][INFO] Registered tree at (440, 137, 100)
[10:37:02][INFO] Registered tree at (608, 151, 64)
[10:37:02][INFO] Registered tree at (608, 151, 64)
[10:37:02][INFO] Registered tree at (612, 150, 76)
[10:37:02][INFO] Registered tree at (484, 141, 68)
[10:37:02][INFO] Registered tree at (484, 141, 68)
[10:37:02][INFO] Registered tree at (488, 140, 76)
[10:37:02][INFO] Registered tree at (484, 141, 68)
[10:37:02][INFO] Registered tree at (488, 140, 76)
[10:37:02][INFO] Registered tree at (492, 140, 80)
[10:37:02][INFO] Registered tree at (484, 141, 68)
[10:37:02][INFO] Registered tree at (488, 140, 76)
[10:37:02][INFO] Registered tree at (492, 140, 80)
[10:37:02][INFO] Registered tree at (492, 138, 92)
[10:37:02][INFO] Registered tree at (484, 141, 68)
[10:37:02][INFO] Registered tree at (488, 140, 76)
[10:37:02][INFO] Registered tree at (492, 140, 80)
[10:37:02][INFO] Registered tree at (492, 138, 92)
[10:37:02][INFO] Registered tree at (496, 141, 84)
[10:37:02][INFO] Registered tree at (484, 141, 68)
[10:37:02][INFO] Registered tree at (484, 141, 68)
[10:37:02][INFO] Registered tree at (488, 140, 76)
[10:37:02][INFO] Registered tree at (484, 141, 68)
[10:37:02][INFO] Registered tree at (488, 140, 76)
[10:37:02][INFO] Registered tree at (492, 140, 80)
[10:37:02][INFO] Registered tree at (484, 141, 68)
[10:37:02][INFO] Registered tree at (488, 140, 76)
[10:37:02][INFO] Registered tree at (492, 140, 80)
[10:37:02][INFO] Registered tree at (492, 138, 92)
[10:37:02][INFO] Registered tree at (484, 141, 68)
[10:37:02][INFO] Registered tree at (488, 140, 76)
[10:37:02][INFO] Registered tree at (492, 140, 80)
[10:37:02][INFO] Registered tree at (492, 138, 92)
[10:37:02][INFO] Registered tree at (496, 141, 84)
[10:37:02][INFO] Registered tree at (608, 151, 64)
[10:37:02][INFO] Registered tree at (608, 151, 64)
[10:37:02][INFO] Registered tree at (612, 150, 76)
[10:37:02][INFO] Registered tree at (684, 136, -16)
[10:37:02][INFO] Registered tree at (548, 141, 108)
[10:37:02][INFO] Registered tree at (548, 141, 108)
[10:37:02][INFO] Registered tree at (556, 139, 124)
[10:37:02][INFO] Registered tree at (684, 136, -16)
[10:37:02][INFO] Registered tree at (548, 141, 108)
[10:37:02][INFO] Registered tree at (548, 141, 108)
[10:37:02][INFO] Registered tree at (556, 139, 124)
[10:37:02][INFO] Registered tree at (676, 147, -60)
[10:37:02][INFO] Registered tree at (676, 147, -60)
[10:37:02][INFO] Registered tree at (676, 146, -52)
[10:37:02][INFO] Registered tree at (676, 147, -60)
[10:37:02][INFO] Registered tree at (676, 146, -52)
[10:37:02][INFO] Registered tree at (680, 146, -44)
[10:37:02][INFO] Registered tree at (676, 147, -60)
[10:37:02][INFO] Registered tree at (676, 146, -52)
[10:37:02][INFO] Registered tree at (680, 146, -44)
[10:37:02][INFO] Registered tree at (684, 146, -52)
[10:37:02][INFO] Registered tree at (676, 147, -60)
[10:37:02][INFO] Registered tree at (676, 146, -52)
[10:37:02][INFO] Registered tree at (680, 146, -44)
[10:37:02][INFO] Registered tree at (684, 146, -52)
[10:37:02][INFO] Registered tree at (692, 147, -48)
[10:37:02][INFO] Registered tree at (524, 144, 108)
[10:37:02][INFO] Registered tree at (524, 144, 108)
[10:37:02][INFO] Registered tree at (528, 143, 100)
[10:37:02][INFO] Registered tree at (524, 144, 108)
[10:37:02][INFO] Registered tree at (528, 143, 100)
[10:37:02][INFO] Registered tree at (532, 143, 108)
[10:37:02][INFO] Registered tree at (524, 144, 108)
[10:37:02][INFO] Registered tree at (528, 143, 100)
[10:37:02][INFO] Registered tree at (532, 143, 108)
[10:37:02][INFO] Registered tree at (536, 144, 104)
[10:37:02][INFO] Registered tree at (696, 142, 16)
[10:37:02][INFO] Registered tree at (580, 142, 96)
[10:37:02][INFO] Registered tree at (580, 142, 96)
[10:37:02][INFO] Registered tree at (580, 140, 116)
[10:37:02][INFO] Registered tree at (580, 142, 96)
[10:37:02][INFO] Registered tree at (580, 140, 116)
[10:37:02][INFO] Registered tree at (588, 140, 116)
[10:37:02][INFO] Registered tree at (580, 142, 96)
[10:37:02][INFO] Registered tree at (580, 140, 116)
[10:37:02][INFO] Registered tree at (588, 140, 116)
[10:37:02][INFO] Registered tree at (596, 140, 108)
[10:37:02][INFO] Registered tree at (580, 142, 96)
[10:37:02][INFO] Registered tree at (580, 140, 116)
[10:37:02][INFO] Registered tree at (588, 140, 116)
[10:37:02][INFO] Registered tree at (596, 140, 108)
[10:37:02][INFO] Registered tree at (596, 140, 120)
[10:37:02][INFO] Registered tree at (696, 142, 16)
[10:37:02][INFO] Registered tree at (580, 142, 96)
[10:37:02][INFO] Registered tree at (580, 142, 96)
[10:37:02][INFO] Registered tree at (580, 140, 116)
[10:37:02][INFO] Registered tree at (580, 142, 96)
[10:37:02][INFO] Registered tree at (580, 140, 116)
[10:37:02][INFO] Registered tree at (588, 140, 116)
[10:37:02][INFO] Registered tree at (580, 142, 96)
[10:37:02][INFO] Registered tree at (580, 140, 116)
[10:37:02][INFO] Registered tree at (588, 140, 116)
[10:37:02][INFO] Registered tree at (596, 140, 108)
[10:37:02][INFO] Registered tree at (580, 142, 96)
[10:37:02][INFO] Registered tree at (580, 140, 116)
[10:37:02][INFO] Registered tree at (588, 140, 116)
[10:37:02][INFO] Registered tree at (596, 140, 108)
[10:37:02][INFO] Registered tree at (596, 140, 120)
[10:37:02][INFO] Registered tree at (676, 147, -60)
[10:37:02][INFO] Registered tree at (676, 147, -60)
[10:37:02][INFO] Registered tree at (676, 146, -52)
[10:37:02][INFO] Registered tree at (676, 147, -60)
[10:37:02][INFO] Registered tree at (676, 146, -52)
[10:37:02][INFO] Registered tree at (680, 146, -44)
[10:37:02][INFO] Registered tree at (676, 147, -60)
[10:37:02][INFO] Registered tree at (676, 146, -52)
[10:37:02][INFO] Registered tree at (680, 146, -44)
[10:37:02][INFO] Registered tree at (684, 146, -52)
[10:37:02][INFO] Registered tree at (676, 147, -60)
[10:37:02][INFO] Registered tree at (676, 146, -52)
[10:37:02][INFO] Registered tree at (680, 146, -44)
[10:37:02][INFO] Registered tree at (684, 146, -52)
[10:37:02][INFO] Registered tree at (692, 147, -48)
[10:37:02][INFO] Registered tree at (524, 144, 108)
[10:37:02][INFO] Registered tree at (524, 144, 108)
[10:37:02][INFO] Registered tree at (528, 143, 100)
[10:37:02][INFO] Registered tree at (524, 144, 108)
[10:37:02][INFO] Registered tree at (528, 143, 100)
[10:37:02][INFO] Registered tree at (532, 143, 108)
[10:37:02][INFO] Registered tree at (524, 144, 108)
[10:37:02][INFO] Registered tree at (528, 143, 100)
[10:37:02][INFO] Registered tree at (532, 143, 108)
[10:37:02][INFO] Registered tree at (536, 144, 104)
[10:37:02][INFO] Registered tree at (452, 135, 68)
[10:37:02][INFO] Registered tree at (452, 135, 68)
[10:37:02][INFO] Registered tree at (468, 133, 92)
[10:37:02][INFO] Registered tree at (452, 135, 68)
[10:37:02][INFO] Registered tree at (468, 133, 92)
[10:37:02][INFO] Registered tree at (472, 133, 88)
[10:37:02][INFO] Registered tree at (640, 147, 80)
[10:37:02][INFO] Registered tree at (640, 147, 80)
[10:37:02][INFO] Registered tree at (652, 146, 64)
[10:37:02][INFO] Registered tree at (640, 147, 80)
[10:37:02][INFO] Registered tree at (652, 146, 64)
[10:37:02][INFO] Registered tree at (652, 144, 84)
[10:37:02][INFO] Registered tree at (640, 147, 80)
[10:37:02][INFO] Registered tree at (652, 146, 64)
[10:37:02][INFO] Registered tree at (652, 144, 84)
[10:37:02][INFO] Registered tree at (660, 141, 68)
[10:37:02][INFO] Registered tree at (640, 147, 80)
[10:37:02][INFO] Registered tree at (652, 146, 64)
[10:37:02][INFO] Registered tree at (652, 144, 84)
[10:37:02][INFO] Registered tree at (660, 141, 68)
[10:37:02][INFO] Registered tree at (660, 140, 76)
[10:37:02][INFO] Registered tree at (640, 147, 80)
[10:37:02][INFO] Registered tree at (652, 146, 64)
[10:37:02][INFO] Registered tree at (652, 144, 84)
[10:37:02][INFO] Registered tree at (660, 141, 68)
[10:37:02][INFO] Registered tree at (660, 140, 76)
[10:37:02][INFO] Registered tree at (664, 143, 92)
[10:37:02][INFO] Registered tree at (452, 135, 68)
[10:37:02][INFO] Registered tree at (452, 135, 68)
[10:37:02][INFO] Registered tree at (468, 133, 92)
[10:37:02][INFO] Registered tree at (452, 135, 68)
[10:37:02][INFO] Registered tree at (468, 133, 92)
[10:37:02][INFO] Registered tree at (472, 133, 88)
[10:37:02][INFO] Registered tree at (640, 147, 80)
[10:37:02][INFO] Registered tree at (640, 147, 80)
[10:37:02][INFO] Registered tree at (652, 146, 64)
[10:37:02][INFO] Registered tree at (640, 147, 80)
[10:37:02][INFO] Registered tree at (652, 146, 64)
[10:37:02][INFO] Registered tree at (652, 144, 84)
[10:37:02][INFO] Registered tree at (640, 147, 80)
[10:37:02][INFO] Registered tree at (652, 146, 64)
[10:37:02][INFO] Registered tree at (652, 144, 84)
[10:37:02][INFO] Registered tree at (660, 141, 68)
[10:37:02][INFO] Registered tree at (640, 147, 80)
[10:37:02][INFO] Registered tree at (652, 146, 64)
[10:37:02][INFO] Registered tree at (652, 144, 84)
[10:37:02][INFO] Registered tree at (660, 141, 68)
[10:37:02][INFO] Registered tree at (660, 140, 76)
[10:37:02][INFO] Registered tree at (640, 147, 80)
[10:37:02][INFO] Registered tree at (652, 146, 64)
[10:37:02][INFO] Registered tree at (652, 144, 84)
[10:37:02][INFO] Registered tree at (660, 141, 68)
[10:37:02][INFO] Registered tree at (660, 140, 76)
[10:37:02][INFO] Registered tree at (664, 143, 92)
[10:37:02][INFO] Registered tree at (620, 146, 112)
[10:37:02][INFO] Registered tree at (620, 146, 112)
[10:37:02][INFO] Registered tree at (628, 144, 96)
[10:37:02][INFO] Registered tree at (620, 146, 112)
[10:37:02][INFO] Registered tree at (628, 144, 96)
[10:37:02][INFO] Registered tree at (628, 143, 104)
[10:37:02][INFO] Registered tree at (620, 146, 112)
[10:37:02][INFO] Registered tree at (620, 146, 112)
[10:37:02][INFO] Registered tree at (628, 144, 96)
[10:37:02][INFO] Registered tree at (620, 146, 112)
[10:37:02][INFO] Registered tree at (628, 144, 96)
[10:37:02][INFO] Registered tree at (628, 143, 104)
[10:37:02][INFO] Registered tree at (488, 145, 120)
[10:37:02][INFO] Registered tree at (676, 142, -80)
[10:37:02][INFO] Registered tree at (676, 142, -80)
[10:37:02][INFO] Registered tree at (680, 145, -68)
[10:37:02][INFO] Registered tree at (676, 142, -80)
[10:37:02][INFO] Registered tree at (680, 145, -68)
[10:37:02][INFO] Registered tree at (684, 145, -92)
[10:37:02][INFO] Registered tree at (676, 142, -80)
[10:37:02][INFO] Registered tree at (680, 145, -68)
[10:37:02][INFO] Registered tree at (684, 145, -92)
[10:37:02][INFO] Registered tree at (692, 145, -88)
[10:37:02][INFO] Registered tree at (676, 139, 60)
[10:37:02][INFO] Registered tree at (676, 139, 60)
[10:37:02][INFO] Registered tree at (680, 141, 32)
[10:37:02][INFO] Registered tree at (676, 139, 60)
[10:37:02][INFO] Registered tree at (680, 141, 32)
[10:37:02][INFO] Registered tree at (680, 138, 52)
[10:37:02][INFO] Registered tree at (676, 139, 60)
[10:37:02][INFO] Registered tree at (680, 141, 32)
[10:37:02][INFO] Registered tree at (680, 138, 52)
[10:37:02][INFO] Registered tree at (688, 141, 36)
[10:37:02][INFO] Registered tree at (676, 139, 60)
[10:37:02][INFO] Registered tree at (676, 139, 60)
[10:37:02][INFO] Registered tree at (680, 141, 32)
[10:37:02][INFO] Registered tree at (676, 139, 60)
[10:37:02][INFO] Registered tree at (680, 141, 32)
[10:37:02][INFO] Registered tree at (680, 138, 52)
[10:37:02][INFO] Registered tree at (676, 139, 60)
[10:37:02][INFO] Registered tree at (680, 141, 32)
[10:37:02][INFO] Registered tree at (680, 138, 52)
[10:37:02][INFO] Registered tree at (688, 141, 36)
[10:37:02][INFO] Registered tree at (676, 142, -80)
[10:37:02][INFO] Registered tree at (676, 142, -80)
[10:37:02][INFO] Registered tree at (680, 145, -68)
[10:37:02][INFO] Registered tree at (676, 142, -80)
[10:37:02][INFO] Registered tree at (680, 145, -68)
[10:37:02][INFO] Registered tree at (684, 145, -92)
[10:37:02][INFO] Registered tree at (676, 142, -80)
[10:37:02][INFO] Registered tree at (680, 145, -68)
[10:37:02][INFO] Registered tree at (684, 145, -92)
[10:37:02][INFO] Registered tree at (692, 145, -88)
[10:37:02][INFO] Registered tree at (488, 145, 120)
[10:37:02][INFO] Registered tree at (672, 144, -120)
[10:37:02][INFO] Registered tree at (672, 138, 80)
[10:37:02][INFO] Registered tree at (672, 138, 80)
[10:37:02][INFO] Registered tree at (676, 142, 92)
[10:37:02][INFO] Registered tree at (672, 138, 80)
[10:37:02][INFO] Registered tree at (676, 142, 92)
[10:37:02][INFO] Registered tree at (684, 141, 84)
[10:37:02][INFO] Registered tree at (672, 138, 80)
[10:37:02][INFO] Registered tree at (676, 142, 92)
[10:37:02][INFO] Registered tree at (684, 141, 84)
[10:37:02][INFO] Registered tree at (684, 141, 88)
[10:37:02][INFO] Registered tree at (672, 138, 80)
[10:37:02][INFO] Registered tree at (676, 142, 92)
[10:37:02][INFO] Registered tree at (684, 141, 84)
[10:37:02][INFO] Registered tree at (684, 141, 88)
[10:37:02][INFO] Registered tree at (700, 142, 76)
[10:37:02][INFO] Registered tree at (672, 138, 80)
[10:37:02][INFO] Registered tree at (672, 138, 80)
[10:37:02][INFO] Registered tree at (676, 142, 92)
[10:37:02][INFO] Registered tree at (672, 138, 80)
[10:37:02][INFO] Registered tree at (676, 142, 92)
[10:37:02][INFO] Registered tree at (684, 141, 84)
[10:37:02][INFO] Registered tree at (672, 138, 80)
[10:37:02][INFO] Registered tree at (676, 142, 92)
[10:37:02][INFO] Registered tree at (684, 141, 84)
[10:37:02][INFO] Registered tree at (684, 141, 88)
[10:37:02][INFO] Registered tree at (672, 138, 80)
[10:37:02][INFO] Registered tree at (676, 142, 92)
[10:37:02][INFO] Registered tree at (684, 141, 84)
[10:37:02][INFO] Registered tree at (684, 141, 88)
[10:37:02][INFO] Registered tree at (700, 142, 76)
[10:37:02][INFO] Registered tree at (420, 139, 68)
[10:37:02][INFO] Registered tree at (420, 139, 68)
[10:37:02][INFO] Registered tree at (428, 142, 76)
[10:37:02][INFO] Registered tree at (420, 139, 68)
[10:37:02][INFO] Registered tree at (420, 139, 68)
[10:37:02][INFO] Registered tree at (428, 142, 76)
[10:37:02][INFO] Registered tree at (448, 136, 100)
[10:37:02][INFO] Registered tree at (448, 136, 100)
[10:37:02][INFO] Registered tree at (452, 138, 108)
[10:37:02][INFO] Registered tree at (448, 136, 100)
[10:37:02][INFO] Registered tree at (452, 138, 108)
[10:37:02][INFO] Registered tree at (452, 142, 120)
[10:37:02][INFO] Registered tree at (448, 136, 100)
[10:37:02][INFO] Registered tree at (452, 138, 108)
[10:37:02][INFO] Registered tree at (452, 142, 120)
[10:37:02][INFO] Registered tree at (464, 141, 116)
[10:37:02][INFO] Registered tree at (448, 136, 100)
[10:37:02][INFO] Registered tree at (448, 136, 100)
[10:37:02][INFO] Registered tree at (452, 138, 108)
[10:37:02][INFO] Registered tree at (448, 136, 100)
[10:37:02][INFO] Registered tree at (452, 138, 108)
[10:37:02][INFO] Registered tree at (452, 142, 120)
[10:37:02][INFO] Registered tree at (448, 136, 100)
[10:37:02][INFO] Registered tree at (452, 138, 108)
[10:37:02][INFO] Registered tree at (452, 142, 120)
[10:37:02][INFO] Registered tree at (464, 141, 116)
[10:37:02][INFO] Registered tree at (644, 145, 104)
[10:37:02][INFO] Registered tree at (644, 145, 104)
[10:37:02][INFO] Registered tree at (644, 143, 116)
[10:37:02][INFO] Registered tree at (644, 145, 104)
[10:37:02][INFO] Registered tree at (644, 143, 116)
[10:37:02][INFO] Registered tree at (648, 146, 104)
[10:37:02][INFO] Registered tree at (644, 145, 104)
[10:37:02][INFO] Registered tree at (644, 145, 104)
[10:37:02][INFO] Registered tree at (644, 143, 116)
[10:37:02][INFO] Registered tree at (644, 145, 104)
[10:37:02][INFO] Registered tree at (644, 143, 116)
[10:37:02][INFO] Registered tree at (648, 146, 104)
[10:37:02][INFO] Registered tree at (672, 144, -120)
[10:37:02][INFO] Registered tree at (680, 142, -144)
[10:37:02][INFO] Registered tree at (680, 142, -144)
[10:37:02][INFO] Registered tree at (692, 141, -148)
[10:37:02][INFO] Registered tree at (424, 143, 108)
[10:37:02][INFO] Registered tree at (424, 143, 108)
[10:37:02][INFO] Registered tree at (432, 140, 104)
[10:37:02][INFO] Registered tree at (424, 143, 108)
[10:37:02][INFO] Registered tree at (432, 140, 104)
[10:37:02][INFO] Registered tree at (436, 139, 116)
[10:37:02][INFO] Registered tree at (424, 143, 108)
[10:37:02][INFO] Registered tree at (432, 140, 104)
[